static const unsigned int inject_len = 34624;
static const unsigned char inject[] = {
  0x7f, 0x45, 0x4c, 0x46, 0x02, 0x01, 0x01, 0x00, 0x00, 0x00, 0x00, 0x00, 0x00, 0x00, 0x00, 0x00, 
  0x03, 0x00, 0xb7, 0x00, 0x01, 0x00, 0x00, 0x00, 0x50, 0x14, 0x00, 0x00, 0x00, 0x00, 0x00, 0x00, 
  0x40, 0x00, 0x00, 0x00, 0x00, 0x00, 0x00, 0x00, 0x40, 0x81, 0x00, 0x00, 0x00, 0x00, 0x00, 0x00, 
  0x00, 0x00, 0x00, 0x00, 0x40, 0x00, 0x38, 0x00, 0x09, 0x00, 0x40, 0x00, 0x18, 0x00, 0x17, 0x00, 
  0x06, 0x00, 0x00, 0x00, 0x05, 0x00, 0x00, 0x00, 0x40, 0x00, 0x00, 0x00, 0x00, 0x00, 0x00, 0x00, 
  0x40, 0x00, 0x00, 0x00, 0x00, 0x00, 0x00, 0x00, 0x40, 0x00, 0x00, 0x00, 0x00, 0x00, 0x00, 0x00, 
  0xf8, 0x01, 0x00, 0x00, 0x00, 0x00, 0x00, 0x00, 0xf8, 0x01, 0x00, 0x00, 0x00, 0x00, 0x00, 0x00, 
  0x08, 0x00, 0x00, 0x00, 0x00, 0x00, 0x00, 0x00, 0x03, 0x00, 0x00, 0x00, 0x04, 0x00, 0x00, 0x00, 
  0x38, 0x02, 0x00, 0x00, 0x00, 0x00, 0x00, 0x00, 0x38, 0x02, 0x00, 0x00, 0x00, 0x00, 0x00, 0x00, 
  0x38, 0x02, 0x00, 0x00, 0x00, 0x00, 0x00, 0x00, 0x15, 0x00, 0x00, 0x00, 0x00, 0x00, 0x00, 0x00, 
  0x15, 0x00, 0x00, 0x00, 0x00, 0x00, 0x00, 0x00, 0x01, 0x00, 0x00, 0x00, 0x00, 0x00, 0x00, 0x00, 
  0x01, 0x00, 0x00, 0x00, 0x05, 0x00, 0x00, 0x00, 0x00, 0x00, 0x00, 0x00, 0x00, 0x00, 0x00, 0x00, 
  0x00, 0x00, 0x00, 0x00, 0x00, 0x00, 0x00, 0x00, 0x00, 0x00, 0x00, 0x00, 0x00, 0x00, 0x00, 0x00, 
  0x64, 0x4f, 0x00, 0x00, 0x00, 0x00, 0x00, 0x00, 0x64, 0x4f, 0x00, 0x00, 0x00, 0x00, 0x00, 0x00, 
  0x00, 0x00, 0x01, 0x00, 0x00, 0x00, 0x00, 0x00, 0x01, 0x00, 0x00, 0x00, 0x06, 0x00, 0x00, 0x00, 
  0xa0, 0x5b, 0x00, 0x00, 0x00, 0x00, 0x00, 0x00, 0xa0, 0x5b, 0x01, 0x00, 0x00, 0x00, 0x00, 0x00, 
  0xa0, 0x5b, 0x01, 0x00, 0x00, 0x00, 0x00, 0x00, 0x90, 0x10, 0x00, 0x00, 0x00, 0x00, 0x00, 0x00, 
  0xa0, 0x10, 0x00, 0x00, 0x00, 0x00, 0x00, 0x00, 0x00, 0x00, 0x01, 0x00, 0x00, 0x00, 0x00, 0x00, 
  0x02, 0x00, 0x00, 0x00, 0x06, 0x00, 0x00, 0x00, 0xe8, 0x5b, 0x00, 0x00, 0x00, 0x00, 0x00, 0x00, 
  0xe8, 0x5b, 0x01, 0x00, 0x00, 0x00, 0x00, 0x00, 0xe8, 0x5b, 0x01, 0x00, 0x00, 0x00, 0x00, 0x00, 
  0x30, 0x02, 0x00, 0x00, 0x00, 0x00, 0x00, 0x00, 0x30, 0x02, 0x00, 0x00, 0x00, 0x00, 0x00, 0x00, 
  0x08, 0x00, 0x00, 0x00, 0x00, 0x00, 0x00, 0x00, 0x04, 0x00, 0x00, 0x00, 0x04, 0x00, 0x00, 0x00, 
  0x50, 0x02, 0x00, 0x00, 0x00, 0x00, 0x00, 0x00, 0x50, 0x02, 0x00, 0x00, 0x00, 0x00, 0x00, 0x00, 
  0x50, 0x02, 0x00, 0x00, 0x00, 0x00, 0x00, 0x00, 0x98, 0x00, 0x00, 0x00, 0x00, 0x00, 0x00, 0x00, 
  0x98, 0x00, 0x00, 0x00, 0x00, 0x00, 0x00, 0x00, 0x04, 0x00, 0x00, 0x00, 0x00, 0x00, 0x00, 0x00, 
  0x50, 0xe5, 0x74, 0x64, 0x04, 0x00, 0x00, 0x00, 0xcc, 0x4a, 0x00, 0x00, 0x00, 0x00, 0x00, 0x00, 
  0xcc, 0x4a, 0x00, 0x00, 0x00, 0x00, 0x00, 0x00, 0xcc, 0x4a, 0x00, 0x00, 0x00, 0x00, 0x00, 0x00, 
  0xec, 0x00, 0x00, 0x00, 0x00, 0x00, 0x00, 0x00, 0xec, 0x00, 0x00, 0x00, 0x00, 0x00, 0x00, 0x00, 
  0x04, 0x00, 0x00, 0x00, 0x00, 0x00, 0x00, 0x00, 0x51, 0xe5, 0x74, 0x64, 0x06, 0x00, 0x00, 0x00, 
  0x00, 0x00, 0x00, 0x00, 0x00, 0x00, 0x00, 0x00, 0x00, 0x00, 0x00, 0x00, 0x00, 0x00, 0x00, 0x00, 
  0x00, 0x00, 0x00, 0x00, 0x00, 0x00, 0x00, 0x00, 0x00, 0x00, 0x00, 0x00, 0x00, 0x00, 0x00, 0x00, 
  0x00, 0x00, 0x00, 0x00, 0x00, 0x00, 0x00, 0x00, 0x10, 0x00, 0x00, 0x00, 0x00, 0x00, 0x00, 0x00, 
  0x52, 0xe5, 0x74, 0x64, 0x04, 0x00, 0x00, 0x00, 0xa0, 0x5b, 0x00, 0x00, 0x00, 0x00, 0x00, 0x00, 
  0xa0, 0x5b, 0x01, 0x00, 0x00, 0x00, 0x00, 0x00, 0xa0, 0x5b, 0x01, 0x00, 0x00, 0x00, 0x00, 0x00, 
  0x60, 0x04, 0x00, 0x00, 0x00, 0x00, 0x00, 0x00, 0x60, 0x04, 0x00, 0x00, 0x00, 0x00, 0x00, 0x00, 
  0x01, 0x00, 0x00, 0x00, 0x00, 0x00, 0x00, 0x00, 0x2f, 0x73, 0x79, 0x73, 0x74, 0x65, 0x6d, 0x2f, 
  0x62, 0x69, 0x6e, 0x2f, 0x6c, 0x69, 0x6e, 0x6b, 0x65, 0x72, 0x36, 0x34, 0x00, 0x00, 0x00, 0x00, 
  0x08, 0x00, 0x00, 0x00, 0x84, 0x00, 0x00, 0x00, 0x01, 0x00, 0x00, 0x00, 0x41, 0x6e, 0x64, 0x72, 
  0x6f, 0x69, 0x64, 0x00, 0x15, 0x00, 0x00, 0x00, 0x72, 0x31, 0x37, 0x63, 0x00, 0x00, 0x00, 0x00, 
  0x00, 0x00, 0x00, 0x00, 0x00, 0x00, 0x00, 0x00, 0x00, 0x00, 0x00, 0x00, 0x00, 0x00, 0x00, 0x00, 
  0x00, 0x00, 0x00, 0x00, 0x00, 0x00, 0x00, 0x00, 0x00, 0x00, 0x00, 0x00, 0x00, 0x00, 0x00, 0x00, 
  0x00, 0x00, 0x00, 0x00, 0x00, 0x00, 0x00, 0x00, 0x00, 0x00, 0x00, 0x00, 0x00, 0x00, 0x00, 0x00, 
  0x00, 0x00, 0x00, 0x00, 0x00, 0x00, 0x00, 0x00, 0x34, 0x39, 0x38, 0x38, 0x37, 0x33, 0x34, 0x00, 
  0x00, 0x00, 0x00, 0x00, 0x00, 0x00, 0x00, 0x00, 0x00, 0x00, 0x00, 0x00, 0x00, 0x00, 0x00, 0x00, 
  0x00, 0x00, 0x00, 0x00, 0x00, 0x00, 0x00, 0x00, 0x00, 0x00, 0x00, 0x00, 0x00, 0x00, 0x00, 0x00, 
  0x00, 0x00, 0x00, 0x00, 0x00, 0x00, 0x00, 0x00, 0x00, 0x00, 0x00, 0x00, 0x00, 0x00, 0x00, 0x00, 
  0x00, 0x00, 0x00, 0x00, 0x00, 0x00, 0x00, 0x00, 0x25, 0x00, 0x00, 0x00, 0x38, 0x00, 0x00, 0x00, 
  0x1c, 0x00, 0x00, 0x00, 0x2c, 0x00, 0x00, 0x00, 0x0b, 0x00, 0x00, 0x00, 0x00, 0x00, 0x00, 0x00, 
  0x00, 0x00, 0x00, 0x00, 0x00, 0x00, 0x00, 0x00, 0x24, 0x00, 0x00, 0x00, 0x00, 0x00, 0x00, 0x00, 
  0x00, 0x00, 0x00, 0x00, 0x0f, 0x00, 0x00, 0x00, 0x0a, 0x00, 0x00, 0x00, 0x07, 0x00, 0x00, 0x00, 
  0x1f, 0x00, 0x00, 0x00, 0x00, 0x00, 0x00, 0x00, 0x26, 0x00, 0x00, 0x00, 0x36, 0x00, 0x00, 0x00, 
  0x37, 0x00, 0x00, 0x00, 0x12, 0x00, 0x00, 0x00, 0x2f, 0x00, 0x00, 0x00, 0x2d, 0x00, 0x00, 0x00, 
  0x00, 0x00, 0x00, 0x00, 0x34, 0x00, 0x00, 0x00, 0x32, 0x00, 0x00, 0x00, 0x00, 0x00, 0x00, 0x00, 
  0x2e, 0x00, 0x00, 0x00, 0x19, 0x00, 0x00, 0x00, 0x00, 0x00, 0x00, 0x00, 0x14, 0x00, 0x00, 0x00, 
  0x11, 0x00, 0x00, 0x00, 0x33, 0x00, 0x00, 0x00, 0x1a, 0x00, 0x00, 0x00, 0x30, 0x00, 0x00, 0x00, 
  0x28, 0x00, 0x00, 0x00, 0x2b, 0x00, 0x00, 0x00, 0x35, 0x00, 0x00, 0x00, 0x27, 0x00, 0x00, 0x00, 
  0x00, 0x00, 0x00, 0x00, 0x00, 0x00, 0x00, 0x00, 0x00, 0x00, 0x00, 0x00, 0x00, 0x00, 0x00, 0x00, 
  0x00, 0x00, 0x00, 0x00, 0x00, 0x00, 0x00, 0x00, 0x00, 0x00, 0x00, 0x00, 0x00, 0x00, 0x00, 0x00, 
  0x00, 0x00, 0x00, 0x00, 0x00, 0x00, 0x00, 0x00, 0x00, 0x00, 0x00, 0x00, 0x00, 0x00, 0x00, 0x00, 
  0x00, 0x00, 0x00, 0x00, 0x06, 0x00, 0x00, 0x00, 0x00, 0x00, 0x00, 0x00, 0x00, 0x00, 0x00, 0x00, 
  0x00, 0x00, 0x00, 0x00, 0x00, 0x00, 0x00, 0x00, 0x00, 0x00, 0x00, 0x00, 0x04, 0x00, 0x00, 0x00, 
  0x00, 0x00, 0x00, 0x00, 0x00, 0x00, 0x00, 0x00, 0x00, 0x00, 0x00, 0x00, 0x09, 0x00, 0x00, 0x00, 
  0x15, 0x00, 0x00, 0x00, 0x00, 0x00, 0x00, 0x00, 0x00, 0x00, 0x00, 0x00, 0x00, 0x00, 0x00, 0x00, 
  0x03, 0x00, 0x00, 0x00, 0x00, 0x00, 0x00, 0x00, 0x0e, 0x00, 0x00, 0x00, 0x18, 0x00, 0x00, 0x00, 
  0x05, 0x00, 0x00, 0x00, 0x10, 0x00, 0x00, 0x00, 0x00, 0x00, 0x00, 0x00, 0x00, 0x00, 0x00, 0x00, 
  0x1b, 0x00, 0x00, 0x00, 0x00, 0x00, 0x00, 0x00, 0x0c, 0x00, 0x00, 0x00, 0x20, 0x00, 0x00, 0x00, 
  0x1e, 0x00, 0x00, 0x00, 0x22, 0x00, 0x00, 0x00, 0x25, 0x00, 0x00, 0x00, 0x13, 0x00, 0x00, 0x00, 
  0x2a, 0x00, 0x00, 0x00, 0x1d, 0x00, 0x00, 0x00, 0x21, 0x00, 0x00, 0x00, 0x00, 0x00, 0x00, 0x00, 
  0x0d, 0x00, 0x00, 0x00, 0x00, 0x00, 0x00, 0x00, 0x08, 0x00, 0x00, 0x00, 0x16, 0x00, 0x00, 0x00, 
  0x31, 0x00, 0x00, 0x00, 0x23, 0x00, 0x00, 0x00, 0x00, 0x00, 0x00, 0x00, 0x29, 0x00, 0x00, 0x00, 
  0x17, 0x00, 0x00, 0x00, 0x00, 0x00, 0x00, 0x00, 0x00, 0x00, 0x00, 0x00, 0x00, 0x00, 0x00, 0x00, 
  0x00, 0x00, 0x00, 0x00, 0x00, 0x00, 0x00, 0x00, 0x00, 0x00, 0x00, 0x00, 0x00, 0x00, 0x00, 0x00, 
  0x00, 0x00, 0x00, 0x00, 0x03, 0x00, 0x09, 0x00, 0x50, 0x14, 0x00, 0x00, 0x00, 0x00, 0x00, 0x00, 
  0x00, 0x00, 0x00, 0x00, 0x00, 0x00, 0x00, 0x00, 0x00, 0x00, 0x00, 0x00, 0x03, 0x00, 0x12, 0x00, 
  0x00, 0x60, 0x01, 0x00, 0x00, 0x00, 0x00, 0x00, 0x00, 0x00, 0x00, 0x00, 0x00, 0x00, 0x00, 0x00, 
  0x8d, 0x01, 0x00, 0x00, 0x12, 0x00, 0x00, 0x00, 0x00, 0x00, 0x00, 0x00, 0x00, 0x00, 0x00, 0x00, 
  0x00, 0x00, 0x00, 0x00, 0x00, 0x00, 0x00, 0x00, 0x37, 0x01, 0x00, 0x00, 0x12, 0x00, 0x00, 0x00, 
  0x00, 0x00, 0x00, 0x00, 0x00, 0x00, 0x00, 0x00, 0x00, 0x00, 0x00, 0x00, 0x00, 0x00, 0x00, 0x00, 
  0x44, 0x00, 0x00, 0x00, 0x12, 0x00, 0x00, 0x00, 0x00, 0x00, 0x00, 0x00, 0x00, 0x00, 0x00, 0x00, 
  0x00, 0x00, 0x00, 0x00, 0x00, 0x00, 0x00, 0x00, 0xfc, 0x00, 0x00, 0x00, 0x12, 0x00, 0x00, 0x00, 
  0x00, 0x00, 0x00, 0x00, 0x00, 0x00, 0x00, 0x00, 0x00, 0x00, 0x00, 0x00, 0x00, 0x00, 0x00, 0x00, 
  0xd6, 0x00, 0x00, 0x00, 0x12, 0x00, 0x00, 0x00, 0x00, 0x00, 0x00, 0x00, 0x00, 0x00, 0x00, 0x00, 
  0x00, 0x00, 0x00, 0x00, 0x00, 0x00, 0x00, 0x00, 0xfa, 0x00, 0x00, 0x00, 0x12, 0x00, 0x00, 0x00, 
  0x00, 0x00, 0x00, 0x00, 0x00, 0x00, 0x00, 0x00, 0x00, 0x00, 0x00, 0x00, 0x00, 0x00, 0x00, 0x00, 
  0x20, 0x01, 0x00, 0x00, 0x12, 0x00, 0x00, 0x00, 0x00, 0x00, 0x00, 0x00, 0x00, 0x00, 0x00, 0x00, 
  0x00, 0x00, 0x00, 0x00, 0x00, 0x00, 0x00, 0x00, 0x98, 0x00, 0x00, 0x00, 0x12, 0x00, 0x00, 0x00, 
  0x00, 0x00, 0x00, 0x00, 0x00, 0x00, 0x00, 0x00, 0x00, 0x00, 0x00, 0x00, 0x00, 0x00, 0x00, 0x00, 
  0x3f, 0x01, 0x00, 0x00, 0x12, 0x00, 0x00, 0x00, 0x00, 0x00, 0x00, 0x00, 0x00, 0x00, 0x00, 0x00, 
  0x00, 0x00, 0x00, 0x00, 0x00, 0x00, 0x00, 0x00, 0x61, 0x01, 0x00, 0x00, 0x12, 0x00, 0x00, 0x00, 
  0x00, 0x00, 0x00, 0x00, 0x00, 0x00, 0x00, 0x00, 0x00, 0x00, 0x00, 0x00, 0x00, 0x00, 0x00, 0x00, 
  0x86, 0x00, 0x00, 0x00, 0x12, 0x00, 0x00, 0x00, 0x00, 0x00, 0x00, 0x00, 0x00, 0x00, 0x00, 0x00, 
  0x00, 0x00, 0x00, 0x00, 0x00, 0x00, 0x00, 0x00, 0x4d, 0x01, 0x00, 0x00, 0x12, 0x00, 0x00, 0x00, 
  0x00, 0x00, 0x00, 0x00, 0x00, 0x00, 0x00, 0x00, 0x00, 0x00, 0x00, 0x00, 0x00, 0x00, 0x00, 0x00, 
  0x0f, 0x01, 0x00, 0x00, 0x12, 0x00, 0x00, 0x00, 0x00, 0x00, 0x00, 0x00, 0x00, 0x00, 0x00, 0x00, 
  0x00, 0x00, 0x00, 0x00, 0x00, 0x00, 0x00, 0x00, 0xe6, 0x00, 0x00, 0x00, 0x12, 0x00, 0x00, 0x00, 
  0x00, 0x00, 0x00, 0x00, 0x00, 0x00, 0x00, 0x00, 0x00, 0x00, 0x00, 0x00, 0x00, 0x00, 0x00, 0x00, 
  0xa2, 0x01, 0x00, 0x00, 0x12, 0x00, 0x00, 0x00, 0x00, 0x00, 0x00, 0x00, 0x00, 0x00, 0x00, 0x00, 
  0x00, 0x00, 0x00, 0x00, 0x00, 0x00, 0x00, 0x00, 0x7e, 0x01, 0x00, 0x00, 0x12, 0x00, 0x00, 0x00, 
  0x00, 0x00, 0x00, 0x00, 0x00, 0x00, 0x00, 0x00, 0x00, 0x00, 0x00, 0x00, 0x00, 0x00, 0x00, 0x00, 
  0xc9, 0x00, 0x00, 0x00, 0x12, 0x00, 0x00, 0x00, 0x00, 0x00, 0x00, 0x00, 0x00, 0x00, 0x00, 0x00, 
  0x00, 0x00, 0x00, 0x00, 0x00, 0x00, 0x00, 0x00, 0x14, 0x01, 0x00, 0x00, 0x12, 0x00, 0x00, 0x00, 
  0x00, 0x00, 0x00, 0x00, 0x00, 0x00, 0x00, 0x00, 0x00, 0x00, 0x00, 0x00, 0x00, 0x00, 0x00, 0x00, 
  0x2f, 0x00, 0x00, 0x00, 0x12, 0x00, 0x00, 0x00, 0x00, 0x00, 0x00, 0x00, 0x00, 0x00, 0x00, 0x00, 
  0x00, 0x00, 0x00, 0x00, 0x00, 0x00, 0x00, 0x00, 0x03, 0x01, 0x00, 0x00, 0x12, 0x00, 0x00, 0x00, 
  0x00, 0x00, 0x00, 0x00, 0x00, 0x00, 0x00, 0x00, 0x00, 0x00, 0x00, 0x00, 0x00, 0x00, 0x00, 0x00, 
  0xbb, 0x00, 0x00, 0x00, 0x12, 0x00, 0x00, 0x00, 0x00, 0x00, 0x00, 0x00, 0x00, 0x00, 0x00, 0x00, 
  0x00, 0x00, 0x00, 0x00, 0x00, 0x00, 0x00, 0x00, 0xf3, 0x00, 0x00, 0x00, 0x12, 0x00, 0x00, 0x00, 
  0x00, 0x00, 0x00, 0x00, 0x00, 0x00, 0x00, 0x00, 0x00, 0x00, 0x00, 0x00, 0x00, 0x00, 0x00, 0x00, 
  0x9e, 0x00, 0x00, 0x00, 0x12, 0x00, 0x00, 0x00, 0x00, 0x00, 0x00, 0x00, 0x00, 0x00, 0x00, 0x00, 
  0x00, 0x00, 0x00, 0x00, 0x00, 0x00, 0x00, 0x00, 0x94, 0x01, 0x00, 0x00, 0x12, 0x00, 0x00, 0x00, 
  0x00, 0x00, 0x00, 0x00, 0x00, 0x00, 0x00, 0x00, 0x00, 0x00, 0x00, 0x00, 0x00, 0x00, 0x00, 0x00, 
  0xd1, 0x00, 0x00, 0x00, 0x12, 0x00, 0x00, 0x00, 0x00, 0x00, 0x00, 0x00, 0x00, 0x00, 0x00, 0x00, 
  0x00, 0x00, 0x00, 0x00, 0x00, 0x00, 0x00, 0x00, 0x68, 0x01, 0x00, 0x00, 0x12, 0x00, 0x00, 0x00, 
  0x00, 0x00, 0x00, 0x00, 0x00, 0x00, 0x00, 0x00, 0x00, 0x00, 0x00, 0x00, 0x00, 0x00, 0x00, 0x00, 
  0x3d, 0x00, 0x00, 0x00, 0x12, 0x00, 0x00, 0x00, 0x00, 0x00, 0x00, 0x00, 0x00, 0x00, 0x00, 0x00, 
  0x00, 0x00, 0x00, 0x00, 0x00, 0x00, 0x00, 0x00, 0x70, 0x01, 0x00, 0x00, 0x12, 0x00, 0x00, 0x00, 
  0x00, 0x00, 0x00, 0x00, 0x00, 0x00, 0x00, 0x00, 0x00, 0x00, 0x00, 0x00, 0x00, 0x00, 0x00, 0x00, 
  0x54, 0x01, 0x00, 0x00, 0x12, 0x00, 0x00, 0x00, 0x00, 0x00, 0x00, 0x00, 0x00, 0x00, 0x00, 0x00, 
  0x00, 0x00, 0x00, 0x00, 0x00, 0x00, 0x00, 0x00, 0x86, 0x01, 0x00, 0x00, 0x12, 0x00, 0x00, 0x00, 
  0x00, 0x00, 0x00, 0x00, 0x00, 0x00, 0x00, 0x00, 0x00, 0x00, 0x00, 0x00, 0x00, 0x00, 0x00, 0x00, 
  0x19, 0x01, 0x00, 0x00, 0x12, 0x00, 0x00, 0x00, 0x00, 0x00, 0x00, 0x00, 0x00, 0x00, 0x00, 0x00, 
  0x00, 0x00, 0x00, 0x00, 0x00, 0x00, 0x00, 0x00, 0xec, 0x00, 0x00, 0x00, 0x12, 0x00, 0x00, 0x00, 
  0x00, 0x00, 0x00, 0x00, 0x00, 0x00, 0x00, 0x00, 0x00, 0x00, 0x00, 0x00, 0x00, 0x00, 0x00, 0x00, 
  0x28, 0x01, 0x00, 0x00, 0x12, 0x00, 0x00, 0x00, 0x00, 0x00, 0x00, 0x00, 0x00, 0x00, 0x00, 0x00, 
  0x00, 0x00, 0x00, 0x00, 0x00, 0x00, 0x00, 0x00, 0x37, 0x00, 0x00, 0x00, 0x12, 0x00, 0x00, 0x00, 
  0x00, 0x00, 0x00, 0x00, 0x00, 0x00, 0x00, 0x00, 0x00, 0x00, 0x00, 0x00, 0x00, 0x00, 0x00, 0x00, 
  0x8b, 0x00, 0x00, 0x00, 0x12, 0x00, 0x00, 0x00, 0x00, 0x00, 0x00, 0x00, 0x00, 0x00, 0x00, 0x00, 
  0x00, 0x00, 0x00, 0x00, 0x00, 0x00, 0x00, 0x00, 0x92, 0x00, 0x00, 0x00, 0x12, 0x00, 0x00, 0x00, 
  0x00, 0x00, 0x00, 0x00, 0x00, 0x00, 0x00, 0x00, 0x00, 0x00, 0x00, 0x00, 0x00, 0x00, 0x00, 0x00, 
  0xb5, 0x01, 0x00, 0x00, 0x10, 0x00, 0x13, 0x00, 0x30, 0x6c, 0x01, 0x00, 0x00, 0x00, 0x00, 0x00, 
  0x00, 0x00, 0x00, 0x00, 0x00, 0x00, 0x00, 0x00, 0xb4, 0x00, 0x00, 0x00, 0x12, 0x00, 0x00, 0x00, 
  0x00, 0x00, 0x00, 0x00, 0x00, 0x00, 0x00, 0x00, 0x00, 0x00, 0x00, 0x00, 0x00, 0x00, 0x00, 0x00, 
  0x9b, 0x01, 0x00, 0x00, 0x12, 0x00, 0x00, 0x00, 0x00, 0x00, 0x00, 0x00, 0x00, 0x00, 0x00, 0x00, 
  0x00, 0x00, 0x00, 0x00, 0x00, 0x00, 0x00, 0x00, 0xdf, 0x00, 0x00, 0x00, 0x12, 0x00, 0x00, 0x00, 
  0x00, 0x00, 0x00, 0x00, 0x00, 0x00, 0x00, 0x00, 0x00, 0x00, 0x00, 0x00, 0x00, 0x00, 0x00, 0x00, 
  0xc1, 0x00, 0x00, 0x00, 0x12, 0x00, 0x00, 0x00, 0x00, 0x00, 0x00, 0x00, 0x00, 0x00, 0x00, 0x00, 
  0x00, 0x00, 0x00, 0x00, 0x00, 0x00, 0x00, 0x00, 0x77, 0x01, 0x00, 0x00, 0x12, 0x00, 0x00, 0x00, 
  0x00, 0x00, 0x00, 0x00, 0x00, 0x00, 0x00, 0x00, 0x00, 0x00, 0x00, 0x00, 0x00, 0x00, 0x00, 0x00, 
  0x2f, 0x01, 0x00, 0x00, 0x12, 0x00, 0x00, 0x00, 0x00, 0x00, 0x00, 0x00, 0x00, 0x00, 0x00, 0x00, 
  0x00, 0x00, 0x00, 0x00, 0x00, 0x00, 0x00, 0x00, 0x75, 0x00, 0x00, 0x00, 0x12, 0x00, 0x00, 0x00, 
  0x00, 0x00, 0x00, 0x00, 0x00, 0x00, 0x00, 0x00, 0x00, 0x00, 0x00, 0x00, 0x00, 0x00, 0x00, 0x00, 
  0xae, 0x01, 0x00, 0x00, 0x10, 0x00, 0x12, 0x00, 0x30, 0x6c, 0x01, 0x00, 0x00, 0x00, 0x00, 0x00, 
  0x00, 0x00, 0x00, 0x00, 0x00, 0x00, 0x00, 0x00, 0xc1, 0x01, 0x00, 0x00, 0x10, 0x00, 0x13, 0x00, 
  0x40, 0x6c, 0x01, 0x00, 0x00, 0x00, 0x00, 0x00, 0x00, 0x00, 0x00, 0x00, 0x00, 0x00, 0x00, 0x00, 
  0x5c, 0x01, 0x00, 0x00, 0x12, 0x00, 0x00, 0x00, 0x00, 0x00, 0x00, 0x00, 0x00, 0x00, 0x00, 0x00, 
  0x00, 0x00, 0x00, 0x00, 0x00, 0x00, 0x00, 0x00, 0xa9, 0x01, 0x00, 0x00, 0x12, 0x00, 0x00, 0x00, 
  0x00, 0x00, 0x00, 0x00, 0x00, 0x00, 0x00, 0x00, 0x00, 0x00, 0x00, 0x00, 0x00, 0x00, 0x00, 0x00, 
  0x6e, 0x00, 0x00, 0x00, 0x12, 0x00, 0x00, 0x00, 0x00, 0x00, 0x00, 0x00, 0x00, 0x00, 0x00, 0x00, 
  0x00, 0x00, 0x00, 0x00, 0x00, 0x00, 0x00, 0x00, 0xee, 0x00, 0x00, 0x00, 0x12, 0x00, 0x00, 0x00, 
  0x00, 0x00, 0x00, 0x00, 0x00, 0x00, 0x00, 0x00, 0x00, 0x00, 0x00, 0x00, 0x00, 0x00, 0x00, 0x00, 
  0x46, 0x01, 0x00, 0x00, 0x12, 0x00, 0x00, 0x00, 0x00, 0x00, 0x00, 0x00, 0x00, 0x00, 0x00, 0x00, 
  0x00, 0x00, 0x00, 0x00, 0x00, 0x00, 0x00, 0x00, 0x7d, 0x00, 0x00, 0x00, 0x12, 0x00, 0x00, 0x00, 
  0x00, 0x00, 0x00, 0x00, 0x00, 0x00, 0x00, 0x00, 0x00, 0x00, 0x00, 0x00, 0x00, 0x00, 0x00, 0x00, 
  0x9c, 0x01, 0x00, 0x00, 0x12, 0x00, 0x00, 0x00, 0x00, 0x00, 0x00, 0x00, 0x00, 0x00, 0x00, 0x00, 
  0x00, 0x00, 0x00, 0x00, 0x00, 0x00, 0x00, 0x00, 0x00, 0x6c, 0x69, 0x62, 0x45, 0x47, 0x4c, 0x2e, 
  0x73, 0x6f, 0x00, 0x6c, 0x69, 0x62, 0x47, 0x4c, 0x45, 0x53, 0x76, 0x33, 0x2e, 0x73, 0x6f, 0x00, 
  0x6c, 0x69, 0x62, 0x61, 0x6e, 0x64, 0x72, 0x6f, 0x69, 0x64, 0x2e, 0x73, 0x6f, 0x00, 0x6c, 0x69, 
  0x62, 0x64, 0x6c, 0x2e, 0x73, 0x6f, 0x00, 0x64, 0x6c, 0x63, 0x6c, 0x6f, 0x73, 0x65, 0x00, 0x64, 
  0x6c, 0x73, 0x79, 0x6d, 0x00, 0x64, 0x6c, 0x6f, 0x70, 0x65, 0x6e, 0x00, 0x64, 0x6c, 0x65, 0x72, 
  0x72, 0x6f, 0x72, 0x00, 0x6c, 0x69, 0x62, 0x6c, 0x6f, 0x67, 0x2e, 0x73, 0x6f, 0x00, 0x6c, 0x69, 
  0x62, 0x7a, 0x2e, 0x73, 0x6f, 0x00, 0x6c, 0x69, 0x62, 0x6d, 0x2e, 0x73, 0x6f, 0x00, 0x6c, 0x69, 
  0x62, 0x63, 0x2e, 0x73, 0x6f, 0x00, 0x73, 0x74, 0x72, 0x6c, 0x65, 0x6e, 0x00, 0x6d, 0x6b, 0x73, 
  0x74, 0x65, 0x6d, 0x70, 0x00, 0x63, 0x6c, 0x6f, 0x73, 0x65, 0x64, 0x69, 0x72, 0x00, 0x70, 0x75, 
  0x74, 0x73, 0x00, 0x73, 0x74, 0x72, 0x64, 0x75, 0x70, 0x00, 0x66, 0x6f, 0x70, 0x65, 0x6e, 0x00, 
  0x66, 0x67, 0x65, 0x74, 0x73, 0x00, 0x5f, 0x5f, 0x73, 0x79, 0x73, 0x74, 0x65, 0x6d, 0x5f, 0x70, 
  0x72, 0x6f, 0x70, 0x65, 0x72, 0x74, 0x79, 0x5f, 0x67, 0x65, 0x74, 0x00, 0x6d, 0x65, 0x6d, 0x73, 
  0x65, 0x74, 0x00, 0x77, 0x72, 0x69, 0x74, 0x65, 0x00, 0x6f, 0x70, 0x65, 0x6e, 0x64, 0x69, 0x72, 
  0x00, 0x72, 0x65, 0x61, 0x64, 0x64, 0x69, 0x72, 0x00, 0x72, 0x65, 0x61, 0x64, 0x00, 0x73, 0x74, 
  0x72, 0x65, 0x72, 0x72, 0x6f, 0x72, 0x00, 0x70, 0x74, 0x72, 0x61, 0x63, 0x65, 0x00, 0x73, 0x6c, 
  0x65, 0x65, 0x70, 0x00, 0x66, 0x64, 0x6f, 0x70, 0x65, 0x6e, 0x00, 0x73, 0x74, 0x72, 0x63, 0x61, 
  0x74, 0x00, 0x73, 0x6e, 0x70, 0x72, 0x69, 0x6e, 0x74, 0x66, 0x00, 0x5f, 0x5f, 0x6c, 0x69, 0x62, 
  0x63, 0x5f, 0x69, 0x6e, 0x69, 0x74, 0x00, 0x66, 0x65, 0x6f, 0x66, 0x00, 0x6d, 0x6d, 0x61, 0x70, 
  0x00, 0x6d, 0x65, 0x6d, 0x63, 0x6d, 0x70, 0x00, 0x5f, 0x5f, 0x65, 0x72, 0x72, 0x6e, 0x6f, 0x00, 
  0x73, 0x73, 0x63, 0x61, 0x6e, 0x66, 0x00, 0x73, 0x70, 0x72, 0x69, 0x6e, 0x74, 0x66, 0x00, 0x77, 
  0x61, 0x69, 0x74, 0x70, 0x69, 0x64, 0x00, 0x6d, 0x65, 0x6d, 0x63, 0x70, 0x79, 0x00, 0x73, 0x74, 
  0x72, 0x63, 0x68, 0x72, 0x00, 0x73, 0x79, 0x73, 0x74, 0x65, 0x6d, 0x00, 0x5f, 0x5f, 0x63, 0x78, 
  0x61, 0x5f, 0x61, 0x74, 0x65, 0x78, 0x69, 0x74, 0x00, 0x70, 0x65, 0x72, 0x72, 0x6f, 0x72, 0x00, 
  0x73, 0x74, 0x72, 0x6e, 0x63, 0x6d, 0x70, 0x00, 0x75, 0x6e, 0x6c, 0x69, 0x6e, 0x6b, 0x00, 0x73, 
  0x74, 0x72, 0x63, 0x6d, 0x70, 0x00, 0x73, 0x74, 0x72, 0x74, 0x6f, 0x75, 0x6c, 0x00, 0x73, 0x74, 
  0x72, 0x74, 0x6f, 0x6b, 0x00, 0x73, 0x74, 0x72, 0x63, 0x70, 0x79, 0x00, 0x73, 0x74, 0x72, 0x73, 
  0x74, 0x72, 0x00, 0x66, 0x63, 0x6c, 0x6f, 0x73, 0x65, 0x00, 0x73, 0x74, 0x61, 0x74, 0x66, 0x73, 
  0x00, 0x61, 0x74, 0x6f, 0x69, 0x00, 0x5f, 0x65, 0x64, 0x61, 0x74, 0x61, 0x00, 0x5f, 0x5f, 0x62, 
  0x73, 0x73, 0x5f, 0x73, 0x74, 0x61, 0x72, 0x74, 0x00, 0x5f, 0x65, 0x6e, 0x64, 0x00, 0x00, 0x00, 
  0xb0, 0x5b, 0x01, 0x00, 0x00, 0x00, 0x00, 0x00, 0x03, 0x04, 0x00, 0x00, 0x00, 0x00, 0x00, 0x00, 
  0xc8, 0x14, 0x00, 0x00, 0x00, 0x00, 0x00, 0x00, 0xb8, 0x5b, 0x01, 0x00, 0x00, 0x00, 0x00, 0x00, 
  0x03, 0x04, 0x00, 0x00, 0x00, 0x00, 0x00, 0x00, 0xdc, 0x15, 0x00, 0x00, 0x00, 0x00, 0x00, 0x00, 
  0xc0, 0x5b, 0x01, 0x00, 0x00, 0x00, 0x00, 0x00, 0x03, 0x04, 0x00, 0x00, 0x00, 0x00, 0x00, 0x00, 
  0x4c, 0x18, 0x00, 0x00, 0x00, 0x00, 0x00, 0x00, 0xa8, 0x5f, 0x01, 0x00, 0x00, 0x00, 0x00, 0x00, 
  0x03, 0x04, 0x00, 0x00, 0x00, 0x00, 0x00, 0x00, 0xd8, 0x5b, 0x01, 0x00, 0x00, 0x00, 0x00, 0x00, 
  0xc0, 0x5f, 0x01, 0x00, 0x00, 0x00, 0x00, 0x00, 0x03, 0x04, 0x00, 0x00, 0x00, 0x00, 0x00, 0x00, 
  0xc8, 0x5b, 0x01, 0x00, 0x00, 0x00, 0x00, 0x00, 0xc8, 0x5f, 0x01, 0x00, 0x00, 0x00, 0x00, 0x00, 
  0x03, 0x04, 0x00, 0x00, 0x00, 0x00, 0x00, 0x00, 0x10, 0x60, 0x01, 0x00, 0x00, 0x00, 0x00, 0x00, 
  0xe0, 0x5f, 0x01, 0x00, 0x00, 0x00, 0x00, 0x00, 0x03, 0x04, 0x00, 0x00, 0x00, 0x00, 0x00, 0x00, 
  0xb8, 0x35, 0x00, 0x00, 0x00, 0x00, 0x00, 0x00, 0xe8, 0x5f, 0x01, 0x00, 0x00, 0x00, 0x00, 0x00, 
  0x03, 0x04, 0x00, 0x00, 0x00, 0x00, 0x00, 0x00, 0xa0, 0x5b, 0x01, 0x00, 0x00, 0x00, 0x00, 0x00, 
  0xf0, 0x5f, 0x01, 0x00, 0x00, 0x00, 0x00, 0x00, 0x03, 0x04, 0x00, 0x00, 0x00, 0x00, 0x00, 0x00, 
  0x00, 0x60, 0x01, 0x00, 0x00, 0x00, 0x00, 0x00, 0xf8, 0x5f, 0x01, 0x00, 0x00, 0x00, 0x00, 0x00, 
  0x03, 0x04, 0x00, 0x00, 0x00, 0x00, 0x00, 0x00, 0x18, 0x6c, 0x01, 0x00, 0x00, 0x00, 0x00, 0x00, 
  0x18, 0x6c, 0x01, 0x00, 0x00, 0x00, 0x00, 0x00, 0x03, 0x04, 0x00, 0x00, 0x00, 0x00, 0x00, 0x00, 
  0x20, 0x36, 0x00, 0x00, 0x00, 0x00, 0x00, 0x00, 0x20, 0x6c, 0x01, 0x00, 0x00, 0x00, 0x00, 0x00, 
  0x03, 0x04, 0x00, 0x00, 0x00, 0x00, 0x00, 0x00, 0x20, 0x36, 0x00, 0x00, 0x00, 0x00, 0x00, 0x00, 
  0x28, 0x6c, 0x01, 0x00, 0x00, 0x00, 0x00, 0x00, 0x03, 0x04, 0x00, 0x00, 0x00, 0x00, 0x00, 0x00, 
  0x20, 0x36, 0x00, 0x00, 0x00, 0x00, 0x00, 0x00, 0xa0, 0x5f, 0x01, 0x00, 0x00, 0x00, 0x00, 0x00, 
  0x01, 0x04, 0x00, 0x00, 0x05, 0x00, 0x00, 0x00, 0x00, 0x00, 0x00, 0x00, 0x00, 0x00, 0x00, 0x00, 
  0xb0, 0x5f, 0x01, 0x00, 0x00, 0x00, 0x00, 0x00, 0x01, 0x04, 0x00, 0x00, 0x14, 0x00, 0x00, 0x00, 
  0x00, 0x00, 0x00, 0x00, 0x00, 0x00, 0x00, 0x00, 0xb8, 0x5f, 0x01, 0x00, 0x00, 0x00, 0x00, 0x00, 
  0x01, 0x04, 0x00, 0x00, 0x15, 0x00, 0x00, 0x00, 0x00, 0x00, 0x00, 0x00, 0x00, 0x00, 0x00, 0x00, 
  0xd0, 0x5f, 0x01, 0x00, 0x00, 0x00, 0x00, 0x00, 0x01, 0x04, 0x00, 0x00, 0x1d, 0x00, 0x00, 0x00, 
  0x00, 0x00, 0x00, 0x00, 0x00, 0x00, 0x00, 0x00, 0xd8, 0x5f, 0x01, 0x00, 0x00, 0x00, 0x00, 0x00, 
  0x01, 0x04, 0x00, 0x00, 0x24, 0x00, 0x00, 0x00, 0x00, 0x00, 0x00, 0x00, 0x00, 0x00, 0x00, 0x00, 
  0x30, 0x5e, 0x01, 0x00, 0x00, 0x00, 0x00, 0x00, 0x02, 0x04, 0x00, 0x00, 0x03, 0x00, 0x00, 0x00, 
  0x00, 0x00, 0x00, 0x00, 0x00, 0x00, 0x00, 0x00, 0x38, 0x5e, 0x01, 0x00, 0x00, 0x00, 0x00, 0x00, 
  0x02, 0x04, 0x00, 0x00, 0x04, 0x00, 0x00, 0x00, 0x00, 0x00, 0x00, 0x00, 0x00, 0x00, 0x00, 0x00, 
  0x40, 0x5e, 0x01, 0x00, 0x00, 0x00, 0x00, 0x00, 0x02, 0x04, 0x00, 0x00, 0x06, 0x00, 0x00, 0x00, 
  0x00, 0x00, 0x00, 0x00, 0x00, 0x00, 0x00, 0x00, 0x48, 0x5e, 0x01, 0x00, 0x00, 0x00, 0x00, 0x00, 
  0x02, 0x04, 0x00, 0x00, 0x07, 0x00, 0x00, 0x00, 0x00, 0x00, 0x00, 0x00, 0x00, 0x00, 0x00, 0x00, 
  0x50, 0x5e, 0x01, 0x00, 0x00, 0x00, 0x00, 0x00, 0x02, 0x04, 0x00, 0x00, 0x08, 0x00, 0x00, 0x00, 
  0x00, 0x00, 0x00, 0x00, 0x00, 0x00, 0x00, 0x00, 0x58, 0x5e, 0x01, 0x00, 0x00, 0x00, 0x00, 0x00, 
  0x02, 0x04, 0x00, 0x00, 0x09, 0x00, 0x00, 0x00, 0x00, 0x00, 0x00, 0x00, 0x00, 0x00, 0x00, 0x00, 
  0x60, 0x5e, 0x01, 0x00, 0x00, 0x00, 0x00, 0x00, 0x02, 0x04, 0x00, 0x00, 0x0a, 0x00, 0x00, 0x00, 
  0x00, 0x00, 0x00, 0x00, 0x00, 0x00, 0x00, 0x00, 0x68, 0x5e, 0x01, 0x00, 0x00, 0x00, 0x00, 0x00, 
  0x02, 0x04, 0x00, 0x00, 0x0b, 0x00, 0x00, 0x00, 0x00, 0x00, 0x00, 0x00, 0x00, 0x00, 0x00, 0x00, 
  0x70, 0x5e, 0x01, 0x00, 0x00, 0x00, 0x00, 0x00, 0x02, 0x04, 0x00, 0x00, 0x0c, 0x00, 0x00, 0x00, 
  0x00, 0x00, 0x00, 0x00, 0x00, 0x00, 0x00, 0x00, 0x78, 0x5e, 0x01, 0x00, 0x00, 0x00, 0x00, 0x00, 
  0x02, 0x04, 0x00, 0x00, 0x0d, 0x00, 0x00, 0x00, 0x00, 0x00, 0x00, 0x00, 0x00, 0x00, 0x00, 0x00, 
  0x80, 0x5e, 0x01, 0x00, 0x00, 0x00, 0x00, 0x00, 0x02, 0x04, 0x00, 0x00, 0x0e, 0x00, 0x00, 0x00, 
  0x00, 0x00, 0x00, 0x00, 0x00, 0x00, 0x00, 0x00, 0x88, 0x5e, 0x01, 0x00, 0x00, 0x00, 0x00, 0x00, 
  0x02, 0x04, 0x00, 0x00, 0x0f, 0x00, 0x00, 0x00, 0x00, 0x00, 0x00, 0x00, 0x00, 0x00, 0x00, 0x00, 
  0x90, 0x5e, 0x01, 0x00, 0x00, 0x00, 0x00, 0x00, 0x02, 0x04, 0x00, 0x00, 0x10, 0x00, 0x00, 0x00, 
  0x00, 0x00, 0x00, 0x00, 0x00, 0x00, 0x00, 0x00, 0x98, 0x5e, 0x01, 0x00, 0x00, 0x00, 0x00, 0x00, 
  0x02, 0x04, 0x00, 0x00, 0x11, 0x00, 0x00, 0x00, 0x00, 0x00, 0x00, 0x00, 0x00, 0x00, 0x00, 0x00, 
  0xa0, 0x5e, 0x01, 0x00, 0x00, 0x00, 0x00, 0x00, 0x02, 0x04, 0x00, 0x00, 0x12, 0x00, 0x00, 0x00, 
  0x00, 0x00, 0x00, 0x00, 0x00, 0x00, 0x00, 0x00, 0xa8, 0x5e, 0x01, 0x00, 0x00, 0x00, 0x00, 0x00, 
  0x02, 0x04, 0x00, 0x00, 0x13, 0x00, 0x00, 0x00, 0x00, 0x00, 0x00, 0x00, 0x00, 0x00, 0x00, 0x00, 
  0xb0, 0x5e, 0x01, 0x00, 0x00, 0x00, 0x00, 0x00, 0x02, 0x04, 0x00, 0x00, 0x16, 0x00, 0x00, 0x00, 
  0x00, 0x00, 0x00, 0x00, 0x00, 0x00, 0x00, 0x00, 0xb8, 0x5e, 0x01, 0x00, 0x00, 0x00, 0x00, 0x00, 
  0x02, 0x04, 0x00, 0x00, 0x17, 0x00, 0x00, 0x00, 0x00, 0x00, 0x00, 0x00, 0x00, 0x00, 0x00, 0x00, 
  0xc0, 0x5e, 0x01, 0x00, 0x00, 0x00, 0x00, 0x00, 0x02, 0x04, 0x00, 0x00, 0x18, 0x00, 0x00, 0x00, 
  0x00, 0x00, 0x00, 0x00, 0x00, 0x00, 0x00, 0x00, 0xc8, 0x5e, 0x01, 0x00, 0x00, 0x00, 0x00, 0x00, 
  0x02, 0x04, 0x00, 0x00, 0x19, 0x00, 0x00, 0x00, 0x00, 0x00, 0x00, 0x00, 0x00, 0x00, 0x00, 0x00, 
  0xd0, 0x5e, 0x01, 0x00, 0x00, 0x00, 0x00, 0x00, 0x02, 0x04, 0x00, 0x00, 0x1a, 0x00, 0x00, 0x00, 
  0x00, 0x00, 0x00, 0x00, 0x00, 0x00, 0x00, 0x00, 0xd8, 0x5e, 0x01, 0x00, 0x00, 0x00, 0x00, 0x00, 
  0x02, 0x04, 0x00, 0x00, 0x1b, 0x00, 0x00, 0x00, 0x00, 0x00, 0x00, 0x00, 0x00, 0x00, 0x00, 0x00, 
  0xe0, 0x5e, 0x01, 0x00, 0x00, 0x00, 0x00, 0x00, 0x02, 0x04, 0x00, 0x00, 0x1c, 0x00, 0x00, 0x00, 
  0x00, 0x00, 0x00, 0x00, 0x00, 0x00, 0x00, 0x00, 0xe8, 0x5e, 0x01, 0x00, 0x00, 0x00, 0x00, 0x00, 
  0x02, 0x04, 0x00, 0x00, 0x1e, 0x00, 0x00, 0x00, 0x00, 0x00, 0x00, 0x00, 0x00, 0x00, 0x00, 0x00, 
  0xf0, 0x5e, 0x01, 0x00, 0x00, 0x00, 0x00, 0x00, 0x02, 0x04, 0x00, 0x00, 0x1f, 0x00, 0x00, 0x00, 
  0x00, 0x00, 0x00, 0x00, 0x00, 0x00, 0x00, 0x00, 0xf8, 0x5e, 0x01, 0x00, 0x00, 0x00, 0x00, 0x00, 
  0x02, 0x04, 0x00, 0x00, 0x20, 0x00, 0x00, 0x00, 0x00, 0x00, 0x00, 0x00, 0x00, 0x00, 0x00, 0x00, 
  0x00, 0x5f, 0x01, 0x00, 0x00, 0x00, 0x00, 0x00, 0x02, 0x04, 0x00, 0x00, 0x21, 0x00, 0x00, 0x00, 
  0x00, 0x00, 0x00, 0x00, 0x00, 0x00, 0x00, 0x00, 0x08, 0x5f, 0x01, 0x00, 0x00, 0x00, 0x00, 0x00, 
  0x02, 0x04, 0x00, 0x00, 0x22, 0x00, 0x00, 0x00, 0x00, 0x00, 0x00, 0x00, 0x00, 0x00, 0x00, 0x00, 
  0x10, 0x5f, 0x01, 0x00, 0x00, 0x00, 0x00, 0x00, 0x02, 0x04, 0x00, 0x00, 0x23, 0x00, 0x00, 0x00, 
  0x00, 0x00, 0x00, 0x00, 0x00, 0x00, 0x00, 0x00, 0x18, 0x5f, 0x01, 0x00, 0x00, 0x00, 0x00, 0x00, 
  0x02, 0x04, 0x00, 0x00, 0x25, 0x00, 0x00, 0x00, 0x00, 0x00, 0x00, 0x00, 0x00, 0x00, 0x00, 0x00, 
  0x20, 0x5f, 0x01, 0x00, 0x00, 0x00, 0x00, 0x00, 0x02, 0x04, 0x00, 0x00, 0x26, 0x00, 0x00, 0x00, 
  0x00, 0x00, 0x00, 0x00, 0x00, 0x00, 0x00, 0x00, 0x28, 0x5f, 0x01, 0x00, 0x00, 0x00, 0x00, 0x00, 
  0x02, 0x04, 0x00, 0x00, 0x28, 0x00, 0x00, 0x00, 0x00, 0x00, 0x00, 0x00, 0x00, 0x00, 0x00, 0x00, 
  0x30, 0x5f, 0x01, 0x00, 0x00, 0x00, 0x00, 0x00, 0x02, 0x04, 0x00, 0x00, 0x29, 0x00, 0x00, 0x00, 
  0x00, 0x00, 0x00, 0x00, 0x00, 0x00, 0x00, 0x00, 0x38, 0x5f, 0x01, 0x00, 0x00, 0x00, 0x00, 0x00, 
  0x02, 0x04, 0x00, 0x00, 0x2a, 0x00, 0x00, 0x00, 0x00, 0x00, 0x00, 0x00, 0x00, 0x00, 0x00, 0x00, 
  0x40, 0x5f, 0x01, 0x00, 0x00, 0x00, 0x00, 0x00, 0x02, 0x04, 0x00, 0x00, 0x2b, 0x00, 0x00, 0x00, 
  0x00, 0x00, 0x00, 0x00, 0x00, 0x00, 0x00, 0x00, 0x48, 0x5f, 0x01, 0x00, 0x00, 0x00, 0x00, 0x00, 
  0x02, 0x04, 0x00, 0x00, 0x2c, 0x00, 0x00, 0x00, 0x00, 0x00, 0x00, 0x00, 0x00, 0x00, 0x00, 0x00, 
  0x50, 0x5f, 0x01, 0x00, 0x00, 0x00, 0x00, 0x00, 0x02, 0x04, 0x00, 0x00, 0x2d, 0x00, 0x00, 0x00, 
  0x00, 0x00, 0x00, 0x00, 0x00, 0x00, 0x00, 0x00, 0x58, 0x5f, 0x01, 0x00, 0x00, 0x00, 0x00, 0x00, 
  0x02, 0x04, 0x00, 0x00, 0x2e, 0x00, 0x00, 0x00, 0x00, 0x00, 0x00, 0x00, 0x00, 0x00, 0x00, 0x00, 
  0x60, 0x5f, 0x01, 0x00, 0x00, 0x00, 0x00, 0x00, 0x02, 0x04, 0x00, 0x00, 0x31, 0x00, 0x00, 0x00, 
  0x00, 0x00, 0x00, 0x00, 0x00, 0x00, 0x00, 0x00, 0x68, 0x5f, 0x01, 0x00, 0x00, 0x00, 0x00, 0x00, 
  0x02, 0x04, 0x00, 0x00, 0x32, 0x00, 0x00, 0x00, 0x00, 0x00, 0x00, 0x00, 0x00, 0x00, 0x00, 0x00, 
  0x70, 0x5f, 0x01, 0x00, 0x00, 0x00, 0x00, 0x00, 0x02, 0x04, 0x00, 0x00, 0x33, 0x00, 0x00, 0x00, 
  0x00, 0x00, 0x00, 0x00, 0x00, 0x00, 0x00, 0x00, 0x78, 0x5f, 0x01, 0x00, 0x00, 0x00, 0x00, 0x00, 
  0x02, 0x04, 0x00, 0x00, 0x34, 0x00, 0x00, 0x00, 0x00, 0x00, 0x00, 0x00, 0x00, 0x00, 0x00, 0x00, 
  0x80, 0x5f, 0x01, 0x00, 0x00, 0x00, 0x00, 0x00, 0x02, 0x04, 0x00, 0x00, 0x35, 0x00, 0x00, 0x00, 
  0x00, 0x00, 0x00, 0x00, 0x00, 0x00, 0x00, 0x00, 0x88, 0x5f, 0x01, 0x00, 0x00, 0x00, 0x00, 0x00, 
  0x02, 0x04, 0x00, 0x00, 0x36, 0x00, 0x00, 0x00, 0x00, 0x00, 0x00, 0x00, 0x00, 0x00, 0x00, 0x00, 
  0x90, 0x5f, 0x01, 0x00, 0x00, 0x00, 0x00, 0x00, 0x02, 0x04, 0x00, 0x00, 0x37, 0x00, 0x00, 0x00, 
  0x00, 0x00, 0x00, 0x00, 0x00, 0x00, 0x00, 0x00, 0x00, 0x00, 0x00, 0x00, 0x00, 0x00, 0x00, 0x00, 
  0xf0, 0x7b, 0xbf, 0xa9, 0xb0, 0x00, 0x00, 0x90, 0x11, 0x16, 0x47, 0xf9, 0x10, 0xa2, 0x38, 0x91, 
  0x20, 0x02, 0x1f, 0xd6, 0x1f, 0x20, 0x03, 0xd5, 0x1f, 0x20, 0x03, 0xd5, 0x1f, 0x20, 0x03, 0xd5, 
  0xb0, 0x00, 0x00, 0x90, 0x11, 0x1a, 0x47, 0xf9, 0x10, 0xc2, 0x38, 0x91, 0x20, 0x02, 0x1f, 0xd6, 
  0xb0, 0x00, 0x00, 0x90, 0x11, 0x1e, 0x47, 0xf9, 0x10, 0xe2, 0x38, 0x91, 0x20, 0x02, 0x1f, 0xd6, 
  0xb0, 0x00, 0x00, 0x90, 0x11, 0x22, 0x47, 0xf9, 0x10, 0x02, 0x39, 0x91, 0x20, 0x02, 0x1f, 0xd6, 
  0xb0, 0x00, 0x00, 0x90, 0x11, 0x26, 0x47, 0xf9, 0x10, 0x22, 0x39, 0x91, 0x20, 0x02, 0x1f, 0xd6, 
  0xb0, 0x00, 0x00, 0x90, 0x11, 0x2a, 0x47, 0xf9, 0x10, 0x42, 0x39, 0x91, 0x20, 0x02, 0x1f, 0xd6, 
  0xb0, 0x00, 0x00, 0x90, 0x11, 0x2e, 0x47, 0xf9, 0x10, 0x62, 0x39, 0x91, 0x20, 0x02, 0x1f, 0xd6, 
  0xb0, 0x00, 0x00, 0x90, 0x11, 0x32, 0x47, 0xf9, 0x10, 0x82, 0x39, 0x91, 0x20, 0x02, 0x1f, 0xd6, 
  0xb0, 0x00, 0x00, 0x90, 0x11, 0x36, 0x47, 0xf9, 0x10, 0xa2, 0x39, 0x91, 0x20, 0x02, 0x1f, 0xd6, 
  0xb0, 0x00, 0x00, 0x90, 0x11, 0x3a, 0x47, 0xf9, 0x10, 0xc2, 0x39, 0x91, 0x20, 0x02, 0x1f, 0xd6, 
  0xb0, 0x00, 0x00, 0x90, 0x11, 0x3e, 0x47, 0xf9, 0x10, 0xe2, 0x39, 0x91, 0x20, 0x02, 0x1f, 0xd6, 
  0xb0, 0x00, 0x00, 0x90, 0x11, 0x42, 0x47, 0xf9, 0x10, 0x02, 0x3a, 0x91, 0x20, 0x02, 0x1f, 0xd6, 
  0xb0, 0x00, 0x00, 0x90, 0x11, 0x46, 0x47, 0xf9, 0x10, 0x22, 0x3a, 0x91, 0x20, 0x02, 0x1f, 0xd6, 
  0xb0, 0x00, 0x00, 0x90, 0x11, 0x4a, 0x47, 0xf9, 0x10, 0x42, 0x3a, 0x91, 0x20, 0x02, 0x1f, 0xd6, 
  0xb0, 0x00, 0x00, 0x90, 0x11, 0x4e, 0x47, 0xf9, 0x10, 0x62, 0x3a, 0x91, 0x20, 0x02, 0x1f, 0xd6, 
  0xb0, 0x00, 0x00, 0x90, 0x11, 0x52, 0x47, 0xf9, 0x10, 0x82, 0x3a, 0x91, 0x20, 0x02, 0x1f, 0xd6, 
  0xb0, 0x00, 0x00, 0x90, 0x11, 0x56, 0x47, 0xf9, 0x10, 0xa2, 0x3a, 0x91, 0x20, 0x02, 0x1f, 0xd6, 
  0xb0, 0x00, 0x00, 0x90, 0x11, 0x5a, 0x47, 0xf9, 0x10, 0xc2, 0x3a, 0x91, 0x20, 0x02, 0x1f, 0xd6, 
  0xb0, 0x00, 0x00, 0x90, 0x11, 0x5e, 0x47, 0xf9, 0x10, 0xe2, 0x3a, 0x91, 0x20, 0x02, 0x1f, 0xd6, 
  0xb0, 0x00, 0x00, 0x90, 0x11, 0x62, 0x47, 0xf9, 0x10, 0x02, 0x3b, 0x91, 0x20, 0x02, 0x1f, 0xd6, 
  0xb0, 0x00, 0x00, 0x90, 0x11, 0x66, 0x47, 0xf9, 0x10, 0x22, 0x3b, 0x91, 0x20, 0x02, 0x1f, 0xd6, 
  0xb0, 0x00, 0x00, 0x90, 0x11, 0x6a, 0x47, 0xf9, 0x10, 0x42, 0x3b, 0x91, 0x20, 0x02, 0x1f, 0xd6, 
  0xb0, 0x00, 0x00, 0x90, 0x11, 0x6e, 0x47, 0xf9, 0x10, 0x62, 0x3b, 0x91, 0x20, 0x02, 0x1f, 0xd6, 
  0xb0, 0x00, 0x00, 0x90, 0x11, 0x72, 0x47, 0xf9, 0x10, 0x82, 0x3b, 0x91, 0x20, 0x02, 0x1f, 0xd6, 
  0xb0, 0x00, 0x00, 0x90, 0x11, 0x76, 0x47, 0xf9, 0x10, 0xa2, 0x3b, 0x91, 0x20, 0x02, 0x1f, 0xd6, 
  0xb0, 0x00, 0x00, 0x90, 0x11, 0x7a, 0x47, 0xf9, 0x10, 0xc2, 0x3b, 0x91, 0x20, 0x02, 0x1f, 0xd6, 
  0xb0, 0x00, 0x00, 0x90, 0x11, 0x7e, 0x47, 0xf9, 0x10, 0xe2, 0x3b, 0x91, 0x20, 0x02, 0x1f, 0xd6, 
  0xb0, 0x00, 0x00, 0x90, 0x11, 0x82, 0x47, 0xf9, 0x10, 0x02, 0x3c, 0x91, 0x20, 0x02, 0x1f, 0xd6, 
  0xb0, 0x00, 0x00, 0x90, 0x11, 0x86, 0x47, 0xf9, 0x10, 0x22, 0x3c, 0x91, 0x20, 0x02, 0x1f, 0xd6, 
  0xb0, 0x00, 0x00, 0x90, 0x11, 0x8a, 0x47, 0xf9, 0x10, 0x42, 0x3c, 0x91, 0x20, 0x02, 0x1f, 0xd6, 
  0xb0, 0x00, 0x00, 0x90, 0x11, 0x8e, 0x47, 0xf9, 0x10, 0x62, 0x3c, 0x91, 0x20, 0x02, 0x1f, 0xd6, 
  0xb0, 0x00, 0x00, 0x90, 0x11, 0x92, 0x47, 0xf9, 0x10, 0x82, 0x3c, 0x91, 0x20, 0x02, 0x1f, 0xd6, 
  0xb0, 0x00, 0x00, 0x90, 0x11, 0x96, 0x47, 0xf9, 0x10, 0xa2, 0x3c, 0x91, 0x20, 0x02, 0x1f, 0xd6, 
  0xb0, 0x00, 0x00, 0x90, 0x11, 0x9a, 0x47, 0xf9, 0x10, 0xc2, 0x3c, 0x91, 0x20, 0x02, 0x1f, 0xd6, 
  0xb0, 0x00, 0x00, 0x90, 0x11, 0x9e, 0x47, 0xf9, 0x10, 0xe2, 0x3c, 0x91, 0x20, 0x02, 0x1f, 0xd6, 
  0xb0, 0x00, 0x00, 0x90, 0x11, 0xa2, 0x47, 0xf9, 0x10, 0x02, 0x3d, 0x91, 0x20, 0x02, 0x1f, 0xd6, 
  0xb0, 0x00, 0x00, 0x90, 0x11, 0xa6, 0x47, 0xf9, 0x10, 0x22, 0x3d, 0x91, 0x20, 0x02, 0x1f, 0xd6, 
  0xb0, 0x00, 0x00, 0x90, 0x11, 0xaa, 0x47, 0xf9, 0x10, 0x42, 0x3d, 0x91, 0x20, 0x02, 0x1f, 0xd6, 
  0xb0, 0x00, 0x00, 0x90, 0x11, 0xae, 0x47, 0xf9, 0x10, 0x62, 0x3d, 0x91, 0x20, 0x02, 0x1f, 0xd6, 
  0xb0, 0x00, 0x00, 0x90, 0x11, 0xb2, 0x47, 0xf9, 0x10, 0x82, 0x3d, 0x91, 0x20, 0x02, 0x1f, 0xd6, 
  0xb0, 0x00, 0x00, 0x90, 0x11, 0xb6, 0x47, 0xf9, 0x10, 0xa2, 0x3d, 0x91, 0x20, 0x02, 0x1f, 0xd6, 
  0xb0, 0x00, 0x00, 0x90, 0x11, 0xba, 0x47, 0xf9, 0x10, 0xc2, 0x3d, 0x91, 0x20, 0x02, 0x1f, 0xd6, 
  0xb0, 0x00, 0x00, 0x90, 0x11, 0xbe, 0x47, 0xf9, 0x10, 0xe2, 0x3d, 0x91, 0x20, 0x02, 0x1f, 0xd6, 
  0xb0, 0x00, 0x00, 0x90, 0x11, 0xc2, 0x47, 0xf9, 0x10, 0x02, 0x3e, 0x91, 0x20, 0x02, 0x1f, 0xd6, 
  0xb0, 0x00, 0x00, 0x90, 0x11, 0xc6, 0x47, 0xf9, 0x10, 0x22, 0x3e, 0x91, 0x20, 0x02, 0x1f, 0xd6, 
  0xb0, 0x00, 0x00, 0x90, 0x11, 0xca, 0x47, 0xf9, 0x10, 0x42, 0x3e, 0x91, 0x20, 0x02, 0x1f, 0xd6, 
  0xe0, 0x03, 0x00, 0x91, 0x07, 0x00, 0x00, 0x14, 0xfd, 0x7b, 0xbf, 0xa9, 0xfd, 0x03, 0x00, 0x91, 
  0x40, 0x00, 0x00, 0xb4, 0x00, 0x00, 0x3f, 0xd6, 0xfd, 0x7b, 0xc1, 0xa8, 0xc0, 0x03, 0x5f, 0xd6, 
  0xa2, 0x00, 0x00, 0x90, 0xa6, 0x00, 0x00, 0x90, 0xa5, 0x00, 0x00, 0x90, 0xa4, 0x00, 0x00, 0x90, 
  0xfd, 0x7b, 0xbd, 0xa9, 0x01, 0x00, 0x80, 0xd2, 0xfd, 0x03, 0x00, 0x91, 0xc6, 0xf4, 0x47, 0xf9, 
  0xa3, 0x63, 0x00, 0x91, 0xa5, 0xe0, 0x47, 0xf9, 0x84, 0xd4, 0x47, 0xf9, 0x42, 0xf0, 0x47, 0xf9, 
  0xa6, 0x0f, 0x00, 0xf9, 0xa5, 0x13, 0x00, 0xf9, 0xa4, 0x17, 0x00, 0xf9, 0x75, 0xff, 0xff, 0x97, 
  0xe1, 0x03, 0x00, 0xaa, 0xa2, 0x00, 0x00, 0xb0, 0x00, 0x00, 0x00, 0x90, 0x42, 0xc0, 0x30, 0x91, 
  0x00, 0x60, 0x11, 0x91, 0x8f, 0xff, 0xff, 0x17, 0xfd, 0x7b, 0xbd, 0xa9, 0xfd, 0x03, 0x00, 0x91, 
  0xe0, 0x43, 0x00, 0x91, 0xe1, 0x03, 0x00, 0xaa, 0x00, 0x00, 0x00, 0xd0, 0x00, 0xa0, 0x18, 0x91, 
  0x74, 0xff, 0xff, 0x97, 0xe0, 0x43, 0x00, 0x91, 0xc2, 0xff, 0xff, 0x97, 0x1f, 0x70, 0x00, 0x71, 
  0x2d, 0x02, 0x00, 0x54, 0xa0, 0x00, 0x00, 0x90, 0x00, 0xfc, 0x47, 0xf9, 0x01, 0x00, 0x00, 0xd0, 
  0x21, 0x00, 0x19, 0x91, 0x01, 0x00, 0x00, 0xf9, 0xa0, 0x00, 0x00, 0x90, 0x00, 0xfc, 0x47, 0xf9, 
  0x01, 0x00, 0x00, 0xd0, 0x21, 0xc0, 0x19, 0x91, 0x01, 0x04, 0x00, 0xf9, 0xa0, 0x00, 0x00, 0x90, 
  0x00, 0xfc, 0x47, 0xf9, 0x01, 0x00, 0x00, 0xd0, 0x21, 0x60, 0x1a, 0x91, 0x01, 0x08, 0x00, 0xf9, 
  0x10, 0x00, 0x00, 0x14, 0xa0, 0x00, 0x00, 0x90, 0x00, 0xfc, 0x47, 0xf9, 0x01, 0x00, 0x00, 0xd0, 
  0x21, 0x20, 0x1b, 0x91, 0x01, 0x00, 0x00, 0xf9, 0xa0, 0x00, 0x00, 0x90, 0x00, 0xfc, 0x47, 0xf9, 
  0x01, 0x00, 0x00, 0xd0, 0x21, 0x80, 0x1b, 0x91, 0x01, 0x04, 0x00, 0xf9, 0xa0, 0x00, 0x00, 0x90, 
  0x00, 0xfc, 0x47, 0xf9, 0x01, 0x00, 0x00, 0xd0, 0x21, 0xe0, 0x1b, 0x91, 0x01, 0x08, 0x00, 0xf9, 
  0xa0, 0x00, 0x00, 0x90, 0x00, 0xfc, 0x47, 0xf9, 0x00, 0x00, 0x40, 0xf9, 0xe1, 0x03, 0x00, 0xaa, 
  0x00, 0x00, 0x00, 0xd0, 0x00, 0x40, 0x1c, 0x91, 0x06, 0xff, 0xff, 0x97, 0xa0, 0x00, 0x00, 0x90, 
  0x00, 0xfc, 0x47, 0xf9, 0x00, 0x04, 0x40, 0xf9, 0xe1, 0x03, 0x00, 0xaa, 0x00, 0x00, 0x00, 0xd0, 
  0x00, 0xa0, 0x1c, 0x91, 0xff, 0xfe, 0xff, 0x97, 0xa0, 0x00, 0x00, 0x90, 0x00, 0xfc, 0x47, 0xf9, 
  0x00, 0x08, 0x40, 0xf9, 0xe1, 0x03, 0x00, 0xaa, 0x00, 0x00, 0x00, 0xd0, 0x00, 0x00, 0x1d, 0x91, 
  0xf8, 0xfe, 0xff, 0x97, 0x00, 0x00, 0x00, 0xd0, 0x00, 0x60, 0x1d, 0x91, 0x11, 0xff, 0xff, 0x97, 
  0x1f, 0x20, 0x03, 0xd5, 0xfd, 0x7b, 0xc3, 0xa8, 0xc0, 0x03, 0x5f, 0xd6, 0xff, 0xc3, 0x12, 0xd1, 
  0xfd, 0x7b, 0x00, 0xa9, 0xfd, 0x03, 0x00, 0x91, 0xff, 0x53, 0x02, 0xf9, 0xff, 0x9f, 0x04, 0xb9, 
  0xa0, 0x00, 0x00, 0x90, 0x00, 0xf8, 0x47, 0xf9, 0x00, 0x00, 0x40, 0xf9, 0x1f, 0x00, 0x00, 0xf1, 
  0x61, 0x11, 0x00, 0x54, 0xe0, 0x43, 0x00, 0x91, 0xe1, 0x03, 0x00, 0xaa, 0x00, 0x00, 0x00, 0xd0, 
  0x00, 0xc0, 0x1d, 0x91, 0x0f, 0xff, 0xff, 0x97, 0xe0, 0x9b, 0x04, 0xb9, 0xe0, 0x9b, 0x44, 0xb9, 
  0x1f, 0x00, 0x00, 0x71, 0xca, 0x00, 0x00, 0x54, 0xea, 0xfe, 0xff, 0x97, 0x00, 0x00, 0x40, 0xb9, 
  0x1f, 0x10, 0x00, 0x71, 0x41, 0x00, 0x00, 0x54, 0xf3, 0xff, 0xff, 0x17, 0xe0, 0x9b, 0x44, 0xb9, 
  0x1f, 0x00, 0x00, 0x71, 0xe1, 0x01, 0x00, 0x54, 0xe0, 0x0b, 0x40, 0xf9, 0xe1, 0x03, 0x00, 0x2a, 
  0x80, 0xf1, 0x9f, 0x52, 0x80, 0x2f, 0xbf, 0x72, 0x3f, 0x00, 0x00, 0x6b, 0x21, 0x01, 0x00, 0x54, 
  0x00, 0x00, 0x00, 0xd0, 0x00, 0xc0, 0x1d, 0x91, 0x3a, 0xff, 0xff, 0x97, 0xe1, 0x03, 0x00, 0xaa, 
  0xa0, 0x00, 0x00, 0x90, 0x00, 0xf8, 0x47, 0xf9, 0x01, 0x00, 0x00, 0xf9, 0x71, 0x00, 0x00, 0x14, 
  0x00, 0x00, 0x00, 0xd0, 0x01, 0x00, 0x1e, 0x91, 0x00, 0x00, 0x00, 0xd0, 0x00, 0x20, 0x1e, 0x91, 
  0x34, 0xff, 0xff, 0x97, 0xe0, 0x53, 0x02, 0xf9, 0xe0, 0x53, 0x42, 0xf9, 0x1f, 0x00, 0x00, 0xf1, 
  0xa0, 0x0c, 0x00, 0x54, 0xe0, 0x23, 0x02, 0x91, 0xe2, 0x53, 0x42, 0xf9, 0xe1, 0x7f, 0x80, 0x52, 
  0xcc, 0xfe, 0xff, 0x97, 0xe0, 0x4b, 0x02, 0xf9, 0xe0, 0x4b, 0x42, 0xf9, 0x1f, 0x00, 0x00, 0xf1, 
  0xe0, 0x07, 0x9f, 0x1a, 0x00, 0x1c, 0x00, 0x12, 0x1f, 0x00, 0x00, 0x71, 0x40, 0x01, 0x00, 0x54, 
  0xe2, 0x23, 0x02, 0x91, 0x00, 0x00, 0x00, 0xd0, 0x01, 0x80, 0x1e, 0x91, 0xe0, 0x03, 0x02, 0xaa, 
  0xf8, 0xfe, 0xff, 0x97, 0x1f, 0x00, 0x00, 0xf1, 0xe0, 0xfd, 0xff, 0x54, 0x20, 0x00, 0x80, 0x52, 
  0xe0, 0x9f, 0x04, 0xb9, 0xe0, 0x9f, 0x44, 0xb9, 0x1f, 0x00, 0x00, 0x71, 0xa0, 0x07, 0x00, 0x54, 
  0xe0, 0x53, 0x42, 0xf9, 0x1f, 0xff, 0xff, 0x97, 0x00, 0x00, 0x00, 0xd0, 0x01, 0x00, 0x1e, 0x91, 
  0x00, 0x00, 0x00, 0xd0, 0x00, 0xc0, 0x1e, 0x91, 0x12, 0xff, 0xff, 0x97, 0xe0, 0x53, 0x02, 0xf9, 
  0xe0, 0x53, 0x42, 0xf9, 0x1f, 0x00, 0x00, 0xf1, 0x80, 0x06, 0x00, 0x54, 0xe0, 0x23, 0x02, 0x91, 
  0xe2, 0x53, 0x42, 0xf9, 0xe1, 0x7f, 0x80, 0x52, 0xaa, 0xfe, 0xff, 0x97, 0xe0, 0x4b, 0x02, 0xf9, 
  0xe0, 0x4b, 0x42, 0xf9, 0x1f, 0x00, 0x00, 0xf1, 0xe0, 0x07, 0x9f, 0x1a, 0x00, 0x1c, 0x00, 0x12, 
  0x1f, 0x00, 0x00, 0x71, 0xa0, 0x03, 0x00, 0x54, 0xe0, 0x23, 0x02, 0x91, 0x01, 0x04, 0x80, 0x52, 
  0x30, 0xff, 0xff, 0x97, 0xe0, 0x57, 0x02, 0xf9, 0xe0, 0x57, 0x42, 0xf9, 0x1f, 0x00, 0x00, 0xf1, 
  0x80, 0x04, 0x00, 0x54, 0xe0, 0x57, 0x42, 0xf9, 0x00, 0x04, 0x00, 0x91, 0xe0, 0x57, 0x02, 0xf9, 
  0x01, 0x04, 0x80, 0x52, 0xe0, 0x57, 0x42, 0xf9, 0x26, 0xff, 0xff, 0x97, 0xe0, 0x47, 0x02, 0xf9, 
  0xe0, 0x47, 0x42, 0xf9, 0x1f, 0x00, 0x00, 0xf1, 0x80, 0x03, 0x00, 0x54, 0xe0, 0x47, 0x42, 0xf9, 
  0x03, 0x04, 0x00, 0x91, 0x42, 0x01, 0x80, 0xd2, 0x00, 0x00, 0x00, 0xd0, 0x01, 0x00, 0x1f, 0x91, 
  0xe0, 0x03, 0x03, 0xaa, 0xcb, 0xfe, 0xff, 0x97, 0x1f, 0x00, 0x00, 0x71, 0x81, 0xfb, 0xff, 0x54, 
  0xe0, 0x47, 0x42, 0xf9, 0x1f, 0x00, 0x00, 0x39, 0xe0, 0x4b, 0x42, 0xf9, 0x1f, 0x00, 0x00, 0xf1, 
  0x00, 0x02, 0x00, 0x54, 0xe0, 0x57, 0x42, 0xf9, 0xde, 0xfe, 0xff, 0x97, 0xe1, 0x03, 0x00, 0xaa, 
  0xa0, 0x00, 0x00, 0x90, 0x00, 0xf8, 0x47, 0xf9, 0x01, 0x00, 0x00, 0xf9, 0x0a, 0x00, 0x00, 0x14, 
  0x1f, 0x20, 0x03, 0xd5, 0x08, 0x00, 0x00, 0x14, 0x1f, 0x20, 0x03, 0xd5, 0x06, 0x00, 0x00, 0x14, 
  0x1f, 0x20, 0x03, 0xd5, 0x04, 0x00, 0x00, 0x14, 0x1f, 0x20, 0x03, 0xd5, 0x02, 0x00, 0x00, 0x14, 
  0x1f, 0x20, 0x03, 0xd5, 0xe0, 0x53, 0x42, 0xf9, 0x1f, 0x00, 0x00, 0xf1, 0x00, 0x01, 0x00, 0x54, 
  0xe0, 0x53, 0x42, 0xf9, 0xd7, 0xfe, 0xff, 0x97, 0x05, 0x00, 0x00, 0x14, 0x1f, 0x20, 0x03, 0xd5, 
  0x04, 0x00, 0x00, 0x14, 0x1f, 0x20, 0x03, 0xd5, 0x02, 0x00, 0x00, 0x14, 0x1f, 0x20, 0x03, 0xd5, 
  0xfd, 0x7b, 0x40, 0xa9, 0xff, 0xc3, 0x12, 0x91, 0xc0, 0x03, 0x5f, 0xd6, 0x0c, 0x06, 0x82, 0xd2, 
  0xff, 0x63, 0x2c, 0xcb, 0xfd, 0x7b, 0x00, 0xa9, 0xfd, 0x03, 0x00, 0x91, 0xa0, 0x00, 0x00, 0x90, 
  0x00, 0xf8, 0x47, 0xf9, 0x00, 0x00, 0x40, 0xf9, 0x1f, 0x00, 0x00, 0xf1, 0x21, 0x01, 0x00, 0x54, 
  0x58, 0xfe, 0xff, 0x97, 0xe1, 0x03, 0x00, 0xaa, 0x40, 0x00, 0x80, 0x52, 0x20, 0x00, 0x00, 0xb9, 
  0x00, 0x00, 0x00, 0xd0, 0x00, 0x40, 0x1f, 0x91, 0x62, 0xfe, 0xff, 0x97, 0x3e, 0x00, 0x00, 0x14, 
  0xa0, 0x00, 0x00, 0x90, 0x00, 0xf8, 0x47, 0xf9, 0x00, 0x00, 0x40, 0xf9, 0xe4, 0xa3, 0x00, 0x91, 
  0xe3, 0x03, 0x00, 0xaa, 0x00, 0x00, 0x00, 0xd0, 0x02, 0xc0, 0x1f, 0x91, 0x01, 0x00, 0x82, 0xd2, 
  0xe0, 0x03, 0x04, 0xaa, 0x43, 0xfe, 0xff, 0x97, 0xe0, 0xa3, 0x00, 0x91, 0x01, 0x00, 0x80, 0x52, 
  0xd4, 0xfe, 0xff, 0x97, 0xe0, 0x2f, 0x10, 0xb9, 0xe0, 0x2f, 0x50, 0xb9, 0x1f, 0x00, 0x00, 0x71, 
  0xaa, 0x00, 0x00, 0x54, 0x00, 0x00, 0x00, 0xd0, 0x00, 0x00, 0x20, 0x91, 0x4d, 0xfe, 0xff, 0x97, 
  0x29, 0x00, 0x00, 0x14, 0xe0, 0x43, 0x00, 0x91, 0x82, 0x02, 0x80, 0xd2, 0x01, 0x00, 0x80, 0x52, 
  0xa0, 0xfe, 0xff, 0x97, 0xe0, 0x43, 0x00, 0x91, 0x62, 0x02, 0x80, 0xd2, 0xe1, 0x03, 0x00, 0xaa, 
  0xe0, 0x2f, 0x50, 0xb9, 0x73, 0xfe, 0xff, 0x97, 0xe0, 0x2b, 0x10, 0xb9, 0xe0, 0x2f, 0x50, 0xb9, 
  0xcc, 0xfe, 0xff, 0x97, 0xe0, 0x2b, 0x50, 0xb9, 0x1f, 0x00, 0x00, 0x71, 0xaa, 0x00, 0x00, 0x54, 
  0x00, 0x00, 0x00, 0xd0, 0x00, 0x80, 0x20, 0x91, 0x3a, 0xfe, 0xff, 0x97, 0x16, 0x00, 0x00, 0x14, 
  0xe3, 0x43, 0x00, 0x91, 0xa0, 0x00, 0x00, 0x90, 0x00, 0xf8, 0x47, 0xf9, 0x02, 0x20, 0x00, 0x91, 
  0x00, 0x00, 0x00, 0xd0, 0x01, 0xe0, 0x20, 0x91, 0xe0, 0x03, 0x03, 0xaa, 0x7d, 0xfe, 0xff, 0x97, 
  0x1f, 0x04, 0x00, 0x71, 0xe0, 0x07, 0x9f, 0x1a, 0x00, 0x1c, 0x00, 0x12, 0x1f, 0x00, 0x00, 0x71, 
  0xa0, 0x00, 0x00, 0x54, 0x00, 0x00, 0x00, 0xd0, 0x00, 0x00, 0x21, 0x91, 0x29, 0xfe, 0xff, 0x97, 
  0x05, 0x00, 0x00, 0x14, 0x00, 0x00, 0x00, 0xd0, 0x00, 0x60, 0x21, 0x91, 0x25, 0xfe, 0xff, 0x97, 
  0x1f, 0x20, 0x03, 0xd5, 0xfd, 0x7b, 0x40, 0xa9, 0x0c, 0x06, 0x82, 0xd2, 0xff, 0x63, 0x2c, 0x8b, 
  0xc0, 0x03, 0x5f, 0xd6, 0x0c, 0x0a, 0x82, 0xd2, 0xff, 0x63, 0x2c, 0xcb, 0xfd, 0x7b, 0x00, 0xa9, 
  0xfd, 0x03, 0x00, 0x91, 0xe0, 0x1f, 0x00, 0xb9, 0x20, 0x00, 0x80, 0x52, 0xe1, 0x07, 0x40, 0x91, 
  0x20, 0x3c, 0x01, 0x39, 0xa0, 0x00, 0x00, 0x90, 0x00, 0xf8, 0x47, 0xf9, 0x00, 0x00, 0x40, 0xf9, 
  0x1f, 0x00, 0x00, 0xf1, 0xe1, 0x00, 0x00, 0x54, 0x02, 0xfe, 0xff, 0x97, 0xe1, 0x03, 0x00, 0xaa, 
  0x40, 0x00, 0x80, 0x52, 0x20, 0x00, 0x00, 0xb9, 0x20, 0x00, 0x80, 0x52, 0x2d, 0x00, 0x00, 0x14, 
  0xa0, 0x00, 0x00, 0x90, 0x00, 0xf8, 0x47, 0xf9, 0x00, 0x00, 0x40, 0xf9, 0xe4, 0x03, 0x01, 0x91, 
  0xe3, 0x03, 0x00, 0xaa, 0x00, 0x00, 0x00, 0xd0, 0x02, 0xc0, 0x1f, 0x91, 0x01, 0x00, 0x82, 0xd2, 
  0xe0, 0x03, 0x04, 0xaa, 0xef, 0xfd, 0xff, 0x97, 0xe0, 0x03, 0x01, 0x91, 0x41, 0x00, 0x80, 0x52, 
  0x80, 0xfe, 0xff, 0x97, 0xe0, 0x4b, 0x10, 0xb9, 0xe0, 0x4b, 0x50, 0xb9, 0x1f, 0x00, 0x00, 0x71, 
  0x6a, 0x00, 0x00, 0x54, 0x20, 0x00, 0x80, 0x52, 0x1a, 0x00, 0x00, 0x14, 0xe4, 0xa3, 0x00, 0x91, 
  0xe3, 0x1f, 0x40, 0xb9, 0x00, 0x00, 0x00, 0xd0, 0x02, 0xe0, 0x20, 0x91, 0x81, 0x02, 0x80, 0xd2, 
  0xe0, 0x03, 0x04, 0xaa, 0xdf, 0xfd, 0xff, 0x97, 0xe0, 0xa3, 0x00, 0x91, 0x6d, 0xfe, 0xff, 0x97, 
  0xe1, 0x03, 0x00, 0xaa, 0xe0, 0xa3, 0x00, 0x91, 0xe2, 0x03, 0x01, 0xaa, 0xe1, 0x03, 0x00, 0xaa, 
  0xe0, 0x4b, 0x50, 0xb9, 0x0b, 0xfe, 0xff, 0x97, 0xe0, 0x47, 0x10, 0xb9, 0xe0, 0x4b, 0x50, 0xb9, 
  0x74, 0xfe, 0xff, 0x97, 0xe0, 0x47, 0x50, 0xb9, 0x1f, 0x00, 0x00, 0x71, 0x6a, 0x00, 0x00, 0x54, 
  0xe0, 0x07, 0x40, 0x91, 0x1f, 0x3c, 0x01, 0x39, 0xe0, 0x07, 0x40, 0x91, 0x00, 0x3c, 0x41, 0x39, 
  0xfd, 0x7b, 0x40, 0xa9, 0x0c, 0x0a, 0x82, 0xd2, 0xff, 0x63, 0x2c, 0x8b, 0xc0, 0x03, 0x5f, 0xd6, 
  0xff, 0xc3, 0x12, 0xd1, 0xfd, 0x7b, 0x00, 0xa9, 0xfd, 0x03, 0x00, 0x91, 0xe0, 0x0f, 0x00, 0xf9, 
  0xe1, 0x0b, 0x00, 0xf9, 0x00, 0x00, 0x00, 0xd0, 0x00, 0xe0, 0x21, 0x91, 0x39, 0xfe, 0xff, 0x97, 
  0xe0, 0x57, 0x02, 0xf9, 0xe0, 0x57, 0x42, 0xf9, 0x1f, 0x00, 0x00, 0xf1, 0x20, 0x0b, 0x00, 0x54, 
  0xe0, 0x57, 0x42, 0xf9, 0xe7, 0xfd, 0xff, 0x97, 0xe0, 0x53, 0x02, 0xf9, 0xe0, 0x53, 0x42, 0xf9, 
  0x1f, 0x00, 0x00, 0xf1, 0xe0, 0x07, 0x9f, 0x1a, 0x00, 0x1c, 0x00, 0x12, 0x1f, 0x00, 0x00, 0x71, 
  0xc0, 0x09, 0x00, 0x54, 0xe0, 0x53, 0x42, 0xf9, 0x02, 0x4c, 0x00, 0x91, 0x00, 0x00, 0x00, 0xd0, 
  0x01, 0x00, 0x22, 0x91, 0xe0, 0x03, 0x02, 0xaa, 0x2a, 0xfe, 0xff, 0x97, 0x1f, 0x00, 0x00, 0x71, 
  0x40, 0x08, 0x00, 0x54, 0xe0, 0x53, 0x42, 0xf9, 0x02, 0x4c, 0x00, 0x91, 0x00, 0x00, 0x00, 0xd0, 
  0x01, 0x20, 0x22, 0x91, 0xe0, 0x03, 0x02, 0xaa, 0x22, 0xfe, 0xff, 0x97, 0x1f, 0x00, 0x00, 0x71, 
  0x40, 0x07, 0x00, 0x54, 0xe0, 0x53, 0x42, 0xf9, 0x00, 0x48, 0x40, 0x39, 0x1f, 0x10, 0x00, 0x71, 
  0x01, 0x07, 0x00, 0x54, 0xe0, 0x53, 0x42, 0xf9, 0x00, 0x4c, 0x00, 0x91, 0xe3, 0x83, 0x11, 0x91, 
  0xe2, 0x03, 0x00, 0xaa, 0x00, 0x00, 0x00, 0xd0, 0x01, 0x40, 0x22, 0x91, 0xe0, 0x03, 0x03, 0xaa, 
  0x18, 0xfe, 0xff, 0x97, 0xe2, 0x83, 0x11, 0x91, 0x00, 0x00, 0x00, 0xd0, 0x01, 0x00, 0x1e, 0x91, 
  0xe0, 0x03, 0x02, 0xaa, 0xfb, 0xfd, 0xff, 0x97, 0xe0, 0x4f, 0x02, 0xf9, 0xe0, 0x4f, 0x42, 0xf9, 
  0x1f, 0x00, 0x00, 0xf1, 0x60, 0xfa, 0xff, 0x54, 0xe0, 0xa3, 0x00, 0x91, 0xe2, 0x4f, 0x42, 0xf9, 
  0xe1, 0x7f, 0x80, 0x52, 0x93, 0xfd, 0xff, 0x97, 0x1f, 0x00, 0x00, 0xf1, 0xe0, 0x17, 0x9f, 0x1a, 
  0x00, 0x1c, 0x00, 0x12, 0x1f, 0x00, 0x00, 0x71, 0x80, 0x00, 0x00, 0x54, 0xe0, 0x4f, 0x42, 0xf9, 
  0xf4, 0xfd, 0xff, 0x97, 0x1c, 0x00, 0x00, 0x14, 0xe0, 0xa3, 0x10, 0x91, 0xe3, 0xa3, 0x00, 0x91, 
  0xe2, 0x03, 0x00, 0xaa, 0x00, 0x00, 0x00, 0xd0, 0x01, 0xa0, 0x22, 0x91, 0xe0, 0x03, 0x03, 0xaa, 
  0xdc, 0xfd, 0xff, 0x97, 0xe0, 0xa3, 0x10, 0x91, 0xe1, 0x03, 0x00, 0xaa, 0xe0, 0x0b, 0x40, 0xf9, 
  0xb8, 0xfd, 0xff, 0x97, 0x1f, 0x00, 0x00, 0xf1, 0x20, 0x01, 0x00, 0x54, 0xe0, 0x53, 0x42, 0xf9, 
  0x00, 0x4c, 0x00, 0x91, 0xff, 0xfd, 0xff, 0x97, 0xe1, 0x03, 0x00, 0x2a, 0xe0, 0x0f, 0x40, 0xf9, 
  0x01, 0x00, 0x00, 0xb9, 0x20, 0x00, 0x80, 0x52, 0x0b, 0x00, 0x00, 0x14, 0xe0, 0x4f, 0x42, 0xf9, 
  0xdc, 0xfd, 0xff, 0x97, 0xaf, 0xff, 0xff, 0x17, 0x1f, 0x20, 0x03, 0xd5, 0xad, 0xff, 0xff, 0x17, 
  0x1f, 0x20, 0x03, 0xd5, 0xab, 0xff, 0xff, 0x17, 0xe0, 0x57, 0x42, 0xf9, 0x01, 0xfe, 0xff, 0x97, 
  0x00, 0x00, 0x80, 0x52, 0xfd, 0x7b, 0x40, 0xa9, 0xff, 0xc3, 0x12, 0x91, 0xc0, 0x03, 0x5f, 0xd6, 
  0xff, 0x43, 0x31, 0xd1, 0xfd, 0x7b, 0x00, 0xa9, 0xfd, 0x03, 0x00, 0x91, 0xe0, 0x0f, 0x00, 0xf9, 
  0xe1, 0x0b, 0x00, 0xf9, 0x00, 0x00, 0x00, 0xd0, 0x00, 0x60, 0x24, 0x91, 0xe2, 0xe3, 0x20, 0x91, 
  0xe3, 0x03, 0x00, 0xaa, 0x60, 0x04, 0x40, 0xa9, 0x40, 0x04, 0x00, 0xa9, 0x60, 0x40, 0x40, 0x39, 
  0x40, 0x40, 0x00, 0x39, 0xe0, 0x27, 0x21, 0x91, 0xe1, 0x7d, 0x80, 0xd2, 0xe2, 0x03, 0x01, 0xaa, 
  0x01, 0x00, 0x80, 0x52, 0xbb, 0xfd, 0xff, 0x97, 0xe0, 0x03, 0x10, 0x91, 0x1f, 0xfc, 0x03, 0xa9, 
  0xe0, 0x23, 0x11, 0x91, 0x01, 0x7e, 0x80, 0xd2, 0xe2, 0x03, 0x01, 0xaa, 0x01, 0x00, 0x80, 0x52, 
  0xb4, 0xfd, 0xff, 0x97, 0x00, 0x00, 0x00, 0xd0, 0x01, 0x60, 0x34, 0x91, 0xe0, 0xa3, 0x10, 0x91, 
  0x22, 0x00, 0x40, 0xf9, 0x02, 0x00, 0x00, 0xf9, 0x21, 0x70, 0x40, 0xb8, 0x01, 0x70, 0x00, 0xb8, 
  0xe0, 0xe3, 0x20, 0x91, 0xe1, 0x0f, 0x40, 0xf9, 0x76, 0xfd, 0xff, 0x97, 0xe0, 0xa3, 0x10, 0x91, 
  0xc0, 0xfd, 0xff, 0x97, 0xe0, 0x43, 0x0c, 0xb9, 0xe0, 0x43, 0x4c, 0xb9, 0x1f, 0x04, 0x00, 0x31, 
  0xe0, 0x17, 0x9f, 0x1a, 0x00, 0x1c, 0x00, 0x12, 0x1f, 0x00, 0x00, 0x71, 0x80, 0x00, 0x00, 0x54, 
  0x00, 0x00, 0x00, 0xd0, 0x00, 0xc0, 0x22, 0x91, 0x46, 0xfd, 0xff, 0x97, 0xe1, 0xa3, 0x10, 0x91, 
  0xe0, 0xe3, 0x20, 0x91, 0xe4, 0xe3, 0x10, 0x91, 0xe3, 0x03, 0x01, 0xaa, 0xe2, 0x03, 0x00, 0xaa, 
  0x00, 0x00, 0x00, 0xd0, 0x01, 0x40, 0x23, 0x91, 0xe0, 0x03, 0x04, 0xaa, 0xa9, 0xfd, 0xff, 0x97, 
  0xe0, 0xe3, 0x10, 0x91, 0x3f, 0xfd, 0xff, 0x97, 0x00, 0x00, 0x00, 0xd0, 0x01, 0x00, 0x1e, 0x91, 
  0xe0, 0x43, 0x4c, 0xb9, 0x7f, 0xfd, 0xff, 0x97, 0xe0, 0x1f, 0x06, 0xf9, 0xe0, 0x1f, 0x46, 0xf9, 
  0x1f, 0x00, 0x00, 0xf1, 0xa1, 0x00, 0x00, 0x54, 0x00, 0x00, 0x00, 0xd0, 0x00, 0x60, 0x23, 0x91, 
  0x14, 0xfd, 0xff, 0x97, 0x37, 0x00, 0x00, 0x14, 0xe0, 0x1f, 0x46, 0xf9, 0x35, 0xfd, 0xff, 0x97, 
  0x1f, 0x00, 0x00, 0x71, 0xe0, 0x17, 0x9f, 0x1a, 0x00, 0x1c, 0x00, 0x12, 0x1f, 0x00, 0x00, 0x71, 
  0x60, 0x05, 0x00, 0x54, 0xe0, 0xa3, 0x00, 0x91, 0xe2, 0x1f, 0x46, 0xf9, 0x01, 0x80, 0x80, 0x52, 
  0x18, 0xfd, 0xff, 0x97, 0xe2, 0xa3, 0x00, 0x91, 0x00, 0x00, 0x00, 0xd0, 0x01, 0xc0, 0x23, 0x91, 
  0xe0, 0x03, 0x02, 0xaa, 0x4b, 0xfd, 0xff, 0x97, 0x1f, 0x00, 0x00, 0xf1, 0xe0, 0xfd, 0xff, 0x54, 
  0xe0, 0xa3, 0x00, 0x91, 0xe2, 0x1f, 0x46, 0xf9, 0x01, 0x80, 0x80, 0x52, 0x0d, 0xfd, 0xff, 0x97, 
  0x20, 0x00, 0x80, 0x52, 0xe0, 0x47, 0x0c, 0xb9, 0xe2, 0xa3, 0x00, 0x91, 0x00, 0x00, 0x00, 0xd0, 
  0x01, 0x40, 0x24, 0x91, 0xe0, 0x03, 0x02, 0xaa, 0x52, 0xfd, 0xff, 0x97, 0xe0, 0x27, 0x06, 0xf9, 
  0xe0, 0x27, 0x46, 0xf9, 0x1f, 0x00, 0x00, 0xf1, 0x00, 0x02, 0x00, 0x54, 0xe0, 0x47, 0x4c, 0xb9, 
  0x1f, 0x08, 0x00, 0x71, 0x81, 0x00, 0x00, 0x54, 0xe1, 0x27, 0x46, 0xf9, 0xe0, 0x0b, 0x40, 0xf9, 
  0xe4, 0xfc, 0xff, 0x97, 0xe0, 0x47, 0x4c, 0xb9, 0x00, 0x04, 0x00, 0x11, 0xe0, 0x47, 0x0c, 0xb9, 
  0x00, 0x00, 0x00, 0xd0, 0x01, 0x40, 0x24, 0x91, 0x00, 0x00, 0x80, 0xd2, 0x41, 0xfd, 0xff, 0x97, 
  0xe0, 0x27, 0x06, 0xf9, 0xef, 0xff, 0xff, 0x17, 0x1f, 0x20, 0x03, 0xd5, 0xe0, 0x1f, 0x46, 0xf9, 
  0x58, 0xfd, 0xff, 0x97, 0xe0, 0xa3, 0x10, 0x91, 0x32, 0xfd, 0xff, 0x97, 0x1f, 0x20, 0x03, 0xd5, 
  0xfd, 0x7b, 0x40, 0xa9, 0xff, 0x43, 0x31, 0x91, 0xc0, 0x03, 0x5f, 0xd6, 0xff, 0x83, 0x20, 0xd1, 
  0xfd, 0x7b, 0x00, 0xa9, 0xfd, 0x03, 0x00, 0x91, 0xe0, 0x0f, 0x00, 0xf9, 0xe0, 0x03, 0x10, 0x91, 
  0x1f, 0x7c, 0x02, 0xa9, 0xe0, 0xc3, 0x10, 0x91, 0x01, 0x7e, 0x80, 0xd2, 0xe2, 0x03, 0x01, 0xaa, 
  0x01, 0x00, 0x80, 0x52, 0x43, 0xfd, 0xff, 0x97, 0xe0, 0x83, 0x10, 0x91, 0xe1, 0x03, 0x00, 0xaa, 
  0xe0, 0x0f, 0x40, 0xf9, 0x73, 0xff, 0xff, 0x97, 0xe0, 0x83, 0x10, 0x91, 0xe1, 0x03, 0x00, 0xaa, 
  0x00, 0x00, 0x00, 0xd0, 0x00, 0xa0, 0x34, 0x91, 0xc6, 0xfc, 0xff, 0x97, 0x00, 0x00, 0x00, 0xd0, 
  0x01, 0x40, 0x35, 0x91, 0xe0, 0x83, 0x00, 0x91, 0x22, 0x00, 0x40, 0xf9, 0x02, 0x00, 0x00, 0xf9, 
  0x21, 0x10, 0x40, 0x79, 0x01, 0x10, 0x00, 0x79, 0xe0, 0xab, 0x00, 0x91, 0xc1, 0x7e, 0x80, 0xd2, 
  0xe2, 0x03, 0x01, 0xaa, 0x01, 0x00, 0x80, 0x52, 0x2e, 0xfd, 0xff, 0x97, 0xe1, 0x83, 0x10, 0x91, 
  0xe0, 0x83, 0x00, 0x91, 0xf7, 0xfc, 0xff, 0x97, 0xe0, 0x83, 0x00, 0x91, 0xe1, 0x03, 0x00, 0xaa, 
  0x00, 0x00, 0x00, 0xd0, 0x00, 0x20, 0x35, 0x91, 0xb2, 0xfc, 0xff, 0x97, 0xe0, 0x83, 0x00, 0x91, 
  0xd0, 0xfc, 0xff, 0x97, 0x1f, 0x20, 0x03, 0xd5, 0xfd, 0x7b, 0x40, 0xa9, 0xff, 0x83, 0x20, 0x91, 
  0xc0, 0x03, 0x5f, 0xd6, 0xff, 0xc3, 0x11, 0xd1, 0xfd, 0x7b, 0x00, 0xa9, 0xfd, 0x03, 0x00, 0x91, 
  0xe0, 0x1f, 0x00, 0xb9, 0xe1, 0x0b, 0x00, 0xf9, 0xff, 0x33, 0x02, 0xf9, 0xff, 0x37, 0x02, 0xf9, 
  0xe0, 0x03, 0x10, 0x91, 0x1f, 0x7c, 0x02, 0xa9, 0xe0, 0x03, 0x10, 0x91, 0x1f, 0x7c, 0x03, 0xa9, 
  0xe0, 0x03, 0x10, 0x91, 0x1f, 0x7c, 0x04, 0xa9, 0xff, 0xa3, 0x08, 0x79, 0xff, 0x7f, 0x02, 0xa9, 
  0xe0, 0xc3, 0x00, 0x91, 0x01, 0x7e, 0x80, 0xd2, 0xe2, 0x03, 0x01, 0xaa, 0x01, 0x00, 0x80, 0x52, 
  0x0c, 0xfd, 0xff, 0x97, 0xe0, 0x1f, 0x40, 0xb9, 0x1f, 0x00, 0x00, 0x71, 0x0a, 0x01, 0x00, 0x54, 
  0xe3, 0x83, 0x10, 0x91, 0x00, 0x00, 0x00, 0xf0, 0x02, 0x40, 0x05, 0x91, 0x41, 0x06, 0x80, 0xd2, 
  0xe0, 0x03, 0x03, 0xaa, 0x97, 0xfc, 0xff, 0x97, 0x08, 0x00, 0x00, 0x14, 0xe4, 0x83, 0x10, 0x91, 
  0xe3, 0x1f, 0x40, 0xb9, 0x00, 0x00, 0x00, 0xf0, 0x02, 0x80, 0x05, 0x91, 0x41, 0x06, 0x80, 0xd2, 
  0xe0, 0x03, 0x04, 0xaa, 0x8f, 0xfc, 0xff, 0x97, 0xe2, 0x83, 0x10, 0x91, 0x00, 0x00, 0x00, 0xd0, 
  0x01, 0x00, 0x1e, 0x91, 0xe0, 0x03, 0x02, 0xaa, 0xf2, 0xfc, 0xff, 0x97, 0xe0, 0x33, 0x02, 0xf9, 
  0xe0, 0x33, 0x42, 0xf9, 0x1f, 0x00, 0x00, 0xf1, 0x20, 0x04, 0x00, 0x54, 0xe0, 0x83, 0x00, 0x91, 
  0xe2, 0x33, 0x42, 0xf9, 0x01, 0x80, 0x80, 0x52, 0x8a, 0xfc, 0xff, 0x97, 0x1f, 0x00, 0x00, 0xf1, 
  0xe0, 0x07, 0x9f, 0x1a, 0x00, 0x1c, 0x00, 0x12, 0x1f, 0x00, 0x00, 0x71, 0xc0, 0x02, 0x00, 0x54, 
  0xe0, 0x83, 0x00, 0x91, 0xe1, 0x0b, 0x40, 0xf9, 0xba, 0xfc, 0xff, 0x97, 0x1f, 0x00, 0x00, 0xf1, 
  0x60, 0xfe, 0xff, 0x54, 0xe2, 0x83, 0x00, 0x91, 0x00, 0x00, 0x00, 0xf0, 0x01, 0xc0, 0x05, 0x91, 
  0xe0, 0x03, 0x02, 0xaa, 0xc7, 0xfc, 0xff, 0x97, 0xe0, 0x2f, 0x02, 0xf9, 0x02, 0x02, 0x80, 0x52, 
  0x01, 0x00, 0x80, 0xd2, 0xe0, 0x2f, 0x42, 0xf9, 0x96, 0xfc, 0xff, 0x97, 0xe0, 0x37, 0x02, 0xf9, 
  0xe0, 0x37, 0x42, 0xf9, 0x1f, 0x20, 0x40, 0xf1, 0x41, 0x00, 0x00, 0x54, 0xff, 0x37, 0x02, 0xf9, 
  0x1f, 0x20, 0x03, 0xd5, 0xe0, 0x33, 0x42, 0xf9, 0xd6, 0xfc, 0xff, 0x97, 0xe0, 0x37, 0x42, 0xf9, 
  0xfd, 0x7b, 0x40, 0xa9, 0xff, 0xc3, 0x11, 0x91, 0xc0, 0x03, 0x5f, 0xd6, 0xfd, 0x7b, 0xbb, 0xa9, 
  0xfd, 0x03, 0x00, 0x91, 0xe0, 0x2f, 0x00, 0xb9, 0xe1, 0x13, 0x00, 0xf9, 0xe2, 0x0f, 0x00, 0xf9, 
  0xe1, 0x13, 0x40, 0xf9, 0x00, 0x00, 0x80, 0x12, 0xa7, 0xff, 0xff, 0x97, 0xe0, 0x27, 0x00, 0xf9, 
  0xe1, 0x13, 0x40, 0xf9, 0xe0, 0x2f, 0x40, 0xb9, 0xa3, 0xff, 0xff, 0x97, 0xe0, 0x23, 0x00, 0xf9, 
  0xe1, 0x0f, 0x40, 0xf9, 0xe0, 0x27, 0x40, 0xf9, 0x21, 0x00, 0x00, 0xcb, 0xe0, 0x23, 0x40, 0xf9, 
  0x20, 0x00, 0x00, 0x8b, 0xe0, 0x1f, 0x00, 0xf9, 0xe4, 0x1f, 0x40, 0xf9, 0xe3, 0x0f, 0x40, 0xf9, 
  0xe2, 0x23, 0x40, 0xf9, 0xe1, 0x27, 0x40, 0xf9, 0x00, 0x00, 0x00, 0xd0, 0x00, 0xe0, 0x05, 0x91, 
  0x40, 0xfc, 0xff, 0x97, 0xe0, 0x1f, 0x40, 0xf9, 0xfd, 0x7b, 0xc5, 0xa8, 0xc0, 0x03, 0x5f, 0xd6, 
  0xfd, 0x7b, 0xbd, 0xa9, 0xfd, 0x03, 0x00, 0x91, 0xe0, 0x1f, 0x00, 0xb9, 0xff, 0x2f, 0x00, 0xb9, 
  0x03, 0x00, 0x80, 0xd2, 0x02, 0x00, 0x80, 0xd2, 0xe1, 0x1f, 0x40, 0xb9, 0x00, 0x02, 0x80, 0x52, 
  0xb0, 0xfc, 0xff, 0x97, 0x00, 0xfc, 0x7f, 0xd3, 0x00, 0x1c, 0x00, 0x12, 0x1f, 0x00, 0x00, 0x71, 
  0x60, 0x01, 0x00, 0x54, 0x3b, 0xfc, 0xff, 0x97, 0x00, 0x00, 0x40, 0xb9, 0x31, 0xfc, 0xff, 0x97, 
  0xe2, 0x03, 0x00, 0xaa, 0xe1, 0x1f, 0x40, 0xb9, 0x00, 0x00, 0x00, 0xd0, 0x00, 0x20, 0x07, 0x91, 
  0x28, 0xfc, 0xff, 0x97, 0x00, 0x00, 0x80, 0x12, 0x0b, 0x00, 0x00, 0x14, 0xe1, 0x1f, 0x40, 0xb9, 
  0x00, 0x00, 0x00, 0xd0, 0x00, 0x00, 0x08, 0x91, 0x22, 0xfc, 0xff, 0x97, 0xe0, 0xb3, 0x00, 0x91, 
  0x42, 0x00, 0x80, 0x52, 0xe1, 0x03, 0x00, 0xaa, 0xe0, 0x1f, 0x40, 0xb9, 0x19, 0xfc, 0xff, 0x97, 
  0x00, 0x00, 0x80, 0x52, 0xfd, 0x7b, 0xc3, 0xa8, 0xc0, 0x03, 0x5f, 0xd6, 0xfd, 0x7b, 0xbe, 0xa9, 
  0xfd, 0x03, 0x00, 0x91, 0xe0, 0x1f, 0x00, 0xb9, 0x03, 0x00, 0x80, 0xd2, 0x02, 0x00, 0x80, 0xd2, 
  0xe1, 0x1f, 0x40, 0xb9, 0xe0, 0x00, 0x80, 0x52, 0x8e, 0xfc, 0xff, 0x97, 0x00, 0xfc, 0x7f, 0xd3, 
  0x00, 0x1c, 0x00, 0x12, 0x1f, 0x00, 0x00, 0x71, 0x60, 0x01, 0x00, 0x54, 0x19, 0xfc, 0xff, 0x97, 
  0x00, 0x00, 0x40, 0xb9, 0x0f, 0xfc, 0xff, 0x97, 0xe2, 0x03, 0x00, 0xaa, 0xe1, 0x1f, 0x40, 0xb9, 
  0x00, 0x00, 0x00, 0xd0, 0x00, 0xa0, 0x08, 0x91, 0x06, 0xfc, 0xff, 0x97, 0x00, 0x00, 0x80, 0x12, 
  0x06, 0x00, 0x00, 0x14, 0xe1, 0x1f, 0x40, 0xb9, 0x00, 0x00, 0x00, 0xd0, 0x00, 0x80, 0x09, 0x91, 
  0x00, 0xfc, 0xff, 0x97, 0x00, 0x00, 0x80, 0x52, 0xfd, 0x7b, 0xc2, 0xa8, 0xc0, 0x03, 0x5f, 0xd6, 
  0xfd, 0x7b, 0xbe, 0xa9, 0xfd, 0x03, 0x00, 0x91, 0xe0, 0x1f, 0x00, 0xb9, 0x03, 0x00, 0x80, 0x52, 
  0x02, 0x00, 0x80, 0xd2, 0xe1, 0x1f, 0x40, 0xb9, 0x20, 0x02, 0x80, 0x52, 0x71, 0xfc, 0xff, 0x97, 
  0x00, 0xfc, 0x7f, 0xd3, 0x00, 0x1c, 0x00, 0x12, 0x1f, 0x00, 0x00, 0x71, 0x60, 0x01, 0x00, 0x54, 
  0xfc, 0xfb, 0xff, 0x97, 0x00, 0x00, 0x40, 0xb9, 0xf2, 0xfb, 0xff, 0x97, 0xe2, 0x03, 0x00, 0xaa, 
  0xe1, 0x1f, 0x40, 0xb9, 0x00, 0x00, 0x00, 0xd0, 0x00, 0x40, 0x0a, 0x91, 0xe9, 0xfb, 0xff, 0x97, 
  0x00, 0x00, 0x80, 0x12, 0x06, 0x00, 0x00, 0x14, 0xe1, 0x1f, 0x40, 0xb9, 0x00, 0x00, 0x00, 0xd0, 
  0x00, 0x00, 0x0b, 0x91, 0xe3, 0xfb, 0xff, 0x97, 0x00, 0x00, 0x80, 0x52, 0xfd, 0x7b, 0xc2, 0xa8, 
  0xc0, 0x03, 0x5f, 0xd6, 0xfd, 0x7b, 0xbc, 0xa9, 0xfd, 0x03, 0x00, 0x91, 0xe0, 0x1f, 0x00, 0xb9, 
  0xe1, 0x0b, 0x00, 0xf9, 0x20, 0x00, 0x80, 0x52, 0xe0, 0x3f, 0x00, 0xb9, 0xe0, 0x0b, 0x40, 0xf9, 
  0xe0, 0x17, 0x00, 0xf9, 0x00, 0x22, 0x80, 0xd2, 0xe0, 0x1b, 0x00, 0xf9, 0xe0, 0x3f, 0x80, 0xb9, 
  0xe1, 0x03, 0x00, 0xaa, 0xe0, 0xa3, 0x00, 0x91, 0xe3, 0x03, 0x00, 0xaa, 0xe2, 0x03, 0x01, 0xaa, 
  0xe1, 0x1f, 0x40, 0xb9, 0x80, 0x40, 0x88, 0x52, 0x4a, 0xfc, 0xff, 0x97, 0x00, 0xfc, 0x7f, 0xd3, 
  0x00, 0x1c, 0x00, 0x12, 0x1f, 0x00, 0x00, 0x71, 0x40, 0x01, 0x00, 0x54, 0xe0, 0x17, 0x40, 0xf9, 
  0xe1, 0x1b, 0x40, 0xf9, 0xe2, 0x03, 0x01, 0xaa, 0xe1, 0x03, 0x00, 0xaa, 0x00, 0x00, 0x00, 0xd0, 
  0x00, 0xa0, 0x0b, 0x91, 0xc3, 0xfb, 0xff, 0x97, 0x00, 0x00, 0x80, 0x12, 0x02, 0x00, 0x00, 0x14, 
  0x00, 0x00, 0x80, 0x52, 0xfd, 0x7b, 0xc4, 0xa8, 0xc0, 0x03, 0x5f, 0xd6, 0xfd, 0x7b, 0xbc, 0xa9, 
  0xfd, 0x03, 0x00, 0x91, 0xe0, 0x1f, 0x00, 0xb9, 0xe1, 0x0b, 0x00, 0xf9, 0x20, 0x00, 0x80, 0x52, 
  0xe0, 0x3f, 0x00, 0xb9, 0xe0, 0x0b, 0x40, 0xf9, 0xe0, 0x17, 0x00, 0xf9, 0x00, 0x22, 0x80, 0xd2, 
  0xe0, 0x1b, 0x00, 0xf9, 0xe0, 0x3f, 0x80, 0xb9, 0xe1, 0x03, 0x00, 0xaa, 0xe0, 0xa3, 0x00, 0x91, 
  0xe3, 0x03, 0x00, 0xaa, 0xe2, 0x03, 0x01, 0xaa, 0xe1, 0x1f, 0x40, 0xb9, 0xa0, 0x40, 0x88, 0x52, 
  0x28, 0xfc, 0xff, 0x97, 0x00, 0xfc, 0x7f, 0xd3, 0x00, 0x1c, 0x00, 0x12, 0x1f, 0x00, 0x00, 0x71, 
  0xc0, 0x00, 0x00, 0x54, 0x00, 0x00, 0x00, 0xd0, 0x00, 0xa0, 0x0c, 0x91, 0xbd, 0xfb, 0xff, 0x97, 
  0x00, 0x00, 0x80, 0x12, 0x02, 0x00, 0x00, 0x14, 0x00, 0x00, 0x80, 0x52, 0xfd, 0x7b, 0xc4, 0xa8, 
  0xc0, 0x03, 0x5f, 0xd6, 0xff, 0x43, 0x00, 0xd1, 0xe0, 0x07, 0x00, 0xf9, 0xe0, 0x07, 0x40, 0xf9, 
  0x00, 0x00, 0x40, 0xf9, 0xff, 0x43, 0x00, 0x91, 0xc0, 0x03, 0x5f, 0xd6, 0xff, 0x43, 0x00, 0xd1, 
  0xe0, 0x07, 0x00, 0xf9, 0xe0, 0x07, 0x40, 0xf9, 0x00, 0x80, 0x40, 0xf9, 0xff, 0x43, 0x00, 0x91, 
  0xc0, 0x03, 0x5f, 0xd6, 0xfd, 0x7b, 0xbe, 0xa9, 0xfd, 0x03, 0x00, 0x91, 0xe0, 0x1f, 0x00, 0xb9, 
  0x80, 0x00, 0x00, 0xf0, 0x00, 0xfc, 0x47, 0xf9, 0x01, 0x00, 0x40, 0xf9, 0x80, 0x00, 0x00, 0xf0, 
  0x02, 0xd8, 0x47, 0xf9, 0xe0, 0x1f, 0x40, 0xb9, 0x31, 0xff, 0xff, 0x97, 0xfd, 0x7b, 0xc2, 0xa8, 
  0xc0, 0x03, 0x5f, 0xd6, 0xfd, 0x7b, 0xbb, 0xa9, 0xfd, 0x03, 0x00, 0x91, 0xe0, 0x1f, 0x00, 0xb9, 
  0xe0, 0xa3, 0x00, 0x91, 0x02, 0x04, 0x80, 0xd2, 0x01, 0x00, 0x80, 0x52, 0xf5, 0xfb, 0xff, 0x97, 
  0xe0, 0xa3, 0x00, 0x91, 0xe1, 0x03, 0x00, 0xaa, 0x00, 0x00, 0x00, 0xb0, 0x00, 0xa0, 0x18, 0x91, 
  0xc0, 0xfb, 0xff, 0x97, 0x80, 0x00, 0x00, 0xf0, 0x00, 0xfc, 0x47, 0xf9, 0x00, 0x04, 0x40, 0xf9, 
  0xe1, 0x03, 0x00, 0xaa, 0x00, 0x00, 0x00, 0xd0, 0x00, 0x60, 0x0d, 0x91, 0x75, 0xfb, 0xff, 0x97, 
  0xe0, 0xa3, 0x00, 0x91, 0x07, 0xfc, 0xff, 0x97, 0x1f, 0x5c, 0x00, 0x71, 0x4c, 0x01, 0x00, 0x54, 
  0x80, 0x00, 0x00, 0xf0, 0x00, 0xfc, 0x47, 0xf9, 0x01, 0x04, 0x40, 0xf9, 0x80, 0x00, 0x00, 0xf0, 
  0x02, 0xe8, 0x47, 0xf9, 0xe0, 0x1f, 0x40, 0xb9, 0x11, 0xff, 0xff, 0x97, 0xe0, 0x27, 0x00, 0xf9, 
  0x09, 0x00, 0x00, 0x14, 0x80, 0x00, 0x00, 0xf0, 0x00, 0xfc, 0x47, 0xf9, 0x01, 0x08, 0x40, 0xf9, 
  0x80, 0x00, 0x00, 0xf0, 0x02, 0xe8, 0x47, 0xf9, 0xe0, 0x1f, 0x40, 0xb9, 0x08, 0xff, 0xff, 0x97, 
  0xe0, 0x27, 0x00, 0xf9, 0xe0, 0x27, 0x40, 0xf9, 0xe1, 0x03, 0x00, 0xaa, 0x00, 0x00, 0x00, 0xd0, 
  0x00, 0xe0, 0x0d, 0x91, 0x5b, 0xfb, 0xff, 0x97, 0xe0, 0x27, 0x40, 0xf9, 0xfd, 0x7b, 0xc5, 0xa8, 
  0xc0, 0x03, 0x5f, 0xd6, 0xfd, 0x7b, 0xbb, 0xa9, 0xfd, 0x03, 0x00, 0x91, 0xe0, 0x1f, 0x00, 0xb9, 
  0xe0, 0xa3, 0x00, 0x91, 0x02, 0x04, 0x80, 0xd2, 0x01, 0x00, 0x80, 0x52, 0xc5, 0xfb, 0xff, 0x97, 
  0xe0, 0xa3, 0x00, 0x91, 0xe1, 0x03, 0x00, 0xaa, 0x00, 0x00, 0x00, 0xb0, 0x00, 0xa0, 0x18, 0x91, 
  0x90, 0xfb, 0xff, 0x97, 0xe0, 0xa3, 0x00, 0x91, 0xde, 0xfb, 0xff, 0x97, 0x1f, 0x5c, 0x00, 0x71, 
  0x4c, 0x01, 0x00, 0x54, 0x80, 0x00, 0x00, 0xf0, 0x00, 0xfc, 0x47, 0xf9, 0x01, 0x04, 0x40, 0xf9, 
  0x80, 0x00, 0x00, 0xf0, 0x02, 0xdc, 0x47, 0xf9, 0xe0, 0x1f, 0x40, 0xb9, 0xe8, 0xfe, 0xff, 0x97, 
  0xe0, 0x27, 0x00, 0xf9, 0x09, 0x00, 0x00, 0x14, 0x80, 0x00, 0x00, 0xf0, 0x00, 0xfc, 0x47, 0xf9, 
  0x01, 0x08, 0x40, 0xf9, 0x80, 0x00, 0x00, 0xf0, 0x02, 0xdc, 0x47, 0xf9, 0xe0, 0x1f, 0x40, 0xb9, 
  0xdf, 0xfe, 0xff, 0x97, 0xe0, 0x27, 0x00, 0xf9, 0xe0, 0x27, 0x40, 0xf9, 0xe1, 0x03, 0x00, 0xaa, 
  0x00, 0x00, 0x00, 0xd0, 0x00, 0x80, 0x0e, 0x91, 0x32, 0xfb, 0xff, 0x97, 0xe0, 0x27, 0x40, 0xf9, 
  0xfd, 0x7b, 0xc5, 0xa8, 0xc0, 0x03, 0x5f, 0xd6, 0xfd, 0x7b, 0xbb, 0xa9, 0xfd, 0x03, 0x00, 0x91, 
  0xe0, 0x1f, 0x00, 0xb9, 0xe0, 0xa3, 0x00, 0x91, 0x02, 0x04, 0x80, 0xd2, 0x01, 0x00, 0x80, 0x52, 
  0x9c, 0xfb, 0xff, 0x97, 0xe0, 0xa3, 0x00, 0x91, 0xe1, 0x03, 0x00, 0xaa, 0x00, 0x00, 0x00, 0xb0, 
  0x00, 0xa0, 0x18, 0x91, 0x67, 0xfb, 0xff, 0x97, 0xe0, 0xa3, 0x00, 0x91, 0xb5, 0xfb, 0xff, 0x97, 
  0x1f, 0x5c, 0x00, 0x71, 0x4c, 0x01, 0x00, 0x54, 0x80, 0x00, 0x00, 0xf0, 0x00, 0xfc, 0x47, 0xf9, 
  0x01, 0x04, 0x40, 0xf9, 0x80, 0x00, 0x00, 0xf0, 0x02, 0xec, 0x47, 0xf9, 0xe0, 0x1f, 0x40, 0xb9, 
  0xbf, 0xfe, 0xff, 0x97, 0xe0, 0x27, 0x00, 0xf9, 0x09, 0x00, 0x00, 0x14, 0x80, 0x00, 0x00, 0xf0, 
  0x00, 0xfc, 0x47, 0xf9, 0x01, 0x08, 0x40, 0xf9, 0x80, 0x00, 0x00, 0xf0, 0x02, 0xec, 0x47, 0xf9, 
  0xe0, 0x1f, 0x40, 0xb9, 0xb6, 0xfe, 0xff, 0x97, 0xe0, 0x27, 0x00, 0xf9, 0xe0, 0x27, 0x40, 0xf9, 
  0xe1, 0x03, 0x00, 0xaa, 0x00, 0x00, 0x00, 0xd0, 0x00, 0x20, 0x0f, 0x91, 0x09, 0xfb, 0xff, 0x97, 
  0xe0, 0x27, 0x40, 0xf9, 0xfd, 0x7b, 0xc5, 0xa8, 0xc0, 0x03, 0x5f, 0xd6, 0xfd, 0x7b, 0xbb, 0xa9, 
  0xfd, 0x03, 0x00, 0x91, 0xe0, 0x1f, 0x00, 0xb9, 0xe0, 0xa3, 0x00, 0x91, 0x02, 0x04, 0x80, 0xd2, 
  0x01, 0x00, 0x80, 0x52, 0x73, 0xfb, 0xff, 0x97, 0xe0, 0xa3, 0x00, 0x91, 0xe1, 0x03, 0x00, 0xaa, 
  0x00, 0x00, 0x00, 0xb0, 0x00, 0xa0, 0x18, 0x91, 0x3e, 0xfb, 0xff, 0x97, 0xe0, 0xa3, 0x00, 0x91, 
  0x8c, 0xfb, 0xff, 0x97, 0x1f, 0x5c, 0x00, 0x71, 0x4c, 0x01, 0x00, 0x54, 0x80, 0x00, 0x00, 0xf0, 
  0x00, 0xfc, 0x47, 0xf9, 0x01, 0x04, 0x40, 0xf9, 0x80, 0x00, 0x00, 0xf0, 0x02, 0xd0, 0x47, 0xf9, 
  0xe0, 0x1f, 0x40, 0xb9, 0x96, 0xfe, 0xff, 0x97, 0xe0, 0x27, 0x00, 0xf9, 0x09, 0x00, 0x00, 0x14, 
  0x80, 0x00, 0x00, 0xf0, 0x00, 0xfc, 0x47, 0xf9, 0x01, 0x08, 0x40, 0xf9, 0x80, 0x00, 0x00, 0xf0, 
  0x02, 0xd0, 0x47, 0xf9, 0xe0, 0x1f, 0x40, 0xb9, 0x8d, 0xfe, 0xff, 0x97, 0xe0, 0x27, 0x00, 0xf9, 
  0xe0, 0x27, 0x40, 0xf9, 0xe1, 0x03, 0x00, 0xaa, 0x00, 0x00, 0x00, 0xd0, 0x00, 0xa0, 0x0f, 0x91, 
  0xe0, 0xfa, 0xff, 0x97, 0xe0, 0x27, 0x40, 0xf9, 0xfd, 0x7b, 0xc5, 0xa8, 0xc0, 0x03, 0x5f, 0xd6, 
  0xfd, 0x7b, 0xba, 0xa9, 0xfd, 0x03, 0x00, 0x91, 0xe0, 0x2f, 0x00, 0xb9, 0xe1, 0x13, 0x00, 0xf9, 
  0xe2, 0x0f, 0x00, 0xf9, 0xe3, 0x0b, 0x00, 0xf9, 0xff, 0x23, 0x00, 0xf9, 0xff, 0x1f, 0x00, 0xf9, 
  0xe0, 0x13, 0x40, 0xf9, 0xe0, 0x2f, 0x00, 0xf9, 0xe0, 0x0f, 0x40, 0xf9, 0xe0, 0x2b, 0x00, 0xf9, 
  0xff, 0x1b, 0x00, 0xf9, 0xff, 0x27, 0x00, 0xf9, 0xe0, 0x0b, 0x40, 0xf9, 0x00, 0xfc, 0x43, 0xd3, 
  0xe0, 0x23, 0x00, 0xf9, 0xe0, 0x0b, 0x40, 0xf9, 0x00, 0x08, 0x40, 0x92, 0xe0, 0x1f, 0x00, 0xf9, 
  0xff, 0x27, 0x00, 0xf9, 0xe1, 0x27, 0x40, 0xf9, 0xe0, 0x23, 0x40, 0xf9, 0x3f, 0x00, 0x00, 0xeb, 
  0x8a, 0x02, 0x00, 0x54, 0x03, 0x00, 0x80, 0x52, 0xe2, 0x2f, 0x40, 0xf9, 0xe1, 0x2f, 0x40, 0xb9, 
  0x20, 0x00, 0x80, 0x52, 0x3b, 0xfb, 0xff, 0x97, 0xe0, 0x1b, 0x00, 0xf9, 0xe1, 0x1b, 0x40, 0xf9, 
  0xe0, 0x2b, 0x40, 0xf9, 0x01, 0x00, 0x00, 0xf9, 0xe0, 0x2f, 0x40, 0xf9, 0x00, 0x20, 0x00, 0x91, 
  0xe0, 0x2f, 0x00, 0xf9, 0xe0, 0x2b, 0x40, 0xf9, 0x00, 0x20, 0x00, 0x91, 0xe0, 0x2b, 0x00, 0xf9, 
  0xe0, 0x27, 0x40, 0xf9, 0x00, 0x04, 0x00, 0x91, 0xe0, 0x27, 0x00, 0xf9, 0xea, 0xff, 0xff, 0x17, 
  0xe0, 0x1f, 0x40, 0xf9, 0x1f, 0x00, 0x00, 0xf1, 0xad, 0x01, 0x00, 0x54, 0x03, 0x00, 0x80, 0x52, 
  0xe2, 0x2f, 0x40, 0xf9, 0xe1, 0x2f, 0x40, 0xb9, 0x20, 0x00, 0x80, 0x52, 0x25, 0xfb, 0xff, 0x97, 
  0xe0, 0x1b, 0x00, 0xf9, 0xe1, 0x1f, 0x40, 0xf9, 0xe0, 0xc3, 0x00, 0x91, 0xe2, 0x03, 0x01, 0xaa, 
  0xe1, 0x03, 0x00, 0xaa, 0xe0, 0x2b, 0x40, 0xf9, 0xb6, 0xfa, 0xff, 0x97, 0x00, 0x00, 0x80, 0x52, 
  0xfd, 0x7b, 0xc6, 0xa8, 0xc0, 0x03, 0x5f, 0xd6, 0xfd, 0x7b, 0xb9, 0xa9, 0xfd, 0x03, 0x00, 0x91, 
  0xf3, 0x0b, 0x00, 0xf9, 0xe0, 0x3f, 0x00, 0xb9, 0xe1, 0x1b, 0x00, 0xf9, 0xe2, 0x17, 0x00, 0xf9, 
  0xe3, 0x13, 0x00, 0xf9, 0xff, 0x2b, 0x00, 0xf9, 0xff, 0x27, 0x00, 0xf9, 0xe0, 0x17, 0x40, 0xf9, 
  0xe0, 0x37, 0x00, 0xf9, 0xe0, 0x1b, 0x40, 0xf9, 0xe0, 0x33, 0x00, 0xf9, 0xff, 0x23, 0x00, 0xf9, 
  0xff, 0x2f, 0x00, 0xf9, 0xe0, 0x13, 0x40, 0xf9, 0x00, 0xfc, 0x43, 0xd3, 0xe0, 0x2b, 0x00, 0xf9, 
  0xe0, 0x13, 0x40, 0xf9, 0x00, 0x08, 0x40, 0x92, 0xe0, 0x27, 0x00, 0xf9, 0xff, 0x2f, 0x00, 0xf9, 
  0xe1, 0x2f, 0x40, 0xf9, 0xe0, 0x2b, 0x40, 0xf9, 0x3f, 0x00, 0x00, 0xeb, 0x6a, 0x04, 0x00, 0x54, 
  0xe0, 0x37, 0x40, 0xf9, 0x00, 0x00, 0x40, 0xf9, 0xe0, 0x23, 0x00, 0xf9, 0xe0, 0x23, 0x40, 0xf9, 
  0xe3, 0x03, 0x00, 0xaa, 0xe2, 0x33, 0x40, 0xf9, 0xe1, 0x3f, 0x40, 0xb9, 0x80, 0x00, 0x80, 0x52, 
  0xf8, 0xfa, 0xff, 0x97, 0x00, 0xfc, 0x7f, 0xd3, 0x00, 0x1c, 0x00, 0x12, 0x1f, 0x00, 0x00, 0x71, 
  0x80, 0x01, 0x00, 0x54, 0xf3, 0x33, 0x40, 0xf9, 0x82, 0xfa, 0xff, 0x97, 0x00, 0x00, 0x40, 0xb9, 
  0x78, 0xfa, 0xff, 0x97, 0xe2, 0x03, 0x00, 0xaa, 0xe1, 0x03, 0x13, 0xaa, 0x00, 0x00, 0x00, 0xd0, 
  0x00, 0x40, 0x10, 0x91, 0x6f, 0xfa, 0xff, 0x97, 0x00, 0x00, 0x80, 0x12, 0x2f, 0x00, 0x00, 0x14, 
  0xe0, 0x37, 0x40, 0xf9, 0x00, 0x20, 0x00, 0x91, 0xe0, 0x37, 0x00, 0xf9, 0xe0, 0x33, 0x40, 0xf9, 
  0x00, 0x20, 0x00, 0x91, 0xe0, 0x33, 0x00, 0xf9, 0xe0, 0x2f, 0x40, 0xf9, 0x00, 0x04, 0x00, 0x91, 
  0xe0, 0x2f, 0x00, 0xf9, 0xdb, 0xff, 0xff, 0x17, 0xe0, 0x27, 0x40, 0xf9, 0x1f, 0x00, 0x00, 0xf1, 
  0x2d, 0x04, 0x00, 0x54, 0x03, 0x00, 0x80, 0xd2, 0xe2, 0x33, 0x40, 0xf9, 0xe1, 0x3f, 0x40, 0xb9, 
  0x20, 0x00, 0x80, 0x52, 0xd7, 0xfa, 0xff, 0x97, 0xe0, 0x23, 0x00, 0xf9, 0xe1, 0x27, 0x40, 0xf9, 
  0xe0, 0x03, 0x01, 0x91, 0xe2, 0x03, 0x01, 0xaa, 0xe1, 0x37, 0x40, 0xf9, 0x69, 0xfa, 0xff, 0x97, 
  0xe0, 0x23, 0x40, 0xf9, 0xe3, 0x03, 0x00, 0xaa, 0xe2, 0x33, 0x40, 0xf9, 0xe1, 0x3f, 0x40, 0xb9, 
  0x80, 0x00, 0x80, 0x52, 0xcb, 0xfa, 0xff, 0x97, 0x00, 0xfc, 0x7f, 0xd3, 0x00, 0x1c, 0x00, 0x12, 
  0x1f, 0x00, 0x00, 0x71, 0x80, 0x01, 0x00, 0x54, 0xf3, 0x33, 0x40, 0xf9, 0x55, 0xfa, 0xff, 0x97, 
  0x00, 0x00, 0x40, 0xb9, 0x4b, 0xfa, 0xff, 0x97, 0xe2, 0x03, 0x00, 0xaa, 0xe1, 0x03, 0x13, 0xaa, 
  0x00, 0x00, 0x00, 0xd0, 0x00, 0x40, 0x10, 0x91, 0x42, 0xfa, 0xff, 0x97, 0x00, 0x00, 0x80, 0x12, 
  0x02, 0x00, 0x00, 0x14, 0x00, 0x00, 0x80, 0x52, 0xf3, 0x0b, 0x40, 0xf9, 0xfd, 0x7b, 0xc7, 0xa8, 
  0xc0, 0x03, 0x5f, 0xd6, 0xfd, 0x7b, 0xb8, 0xa9, 0xfd, 0x03, 0x00, 0x91, 0xe0, 0x3f, 0x00, 0xb9, 
  0xe1, 0x1b, 0x00, 0xf9, 0xe2, 0x17, 0x00, 0xf9, 0xe3, 0x13, 0x00, 0xf9, 0xe4, 0x0f, 0x00, 0xf9, 
  0x00, 0x01, 0x80, 0x52, 0xe0, 0x6f, 0x00, 0xb9, 0xff, 0x7f, 0x00, 0xb9, 0xff, 0x7f, 0x00, 0xb9, 
  0xe0, 0x7f, 0x80, 0xb9, 0xe1, 0x13, 0x40, 0xf9, 0x3f, 0x00, 0x00, 0xeb, 0x4d, 0x02, 0x00, 0x54, 
  0xe1, 0x7f, 0x40, 0xb9, 0xe0, 0x6f, 0x40, 0xb9, 0x3f, 0x00, 0x00, 0x6b, 0xca, 0x01, 0x00, 0x54, 
  0xe0, 0x7f, 0x80, 0xb9, 0x00, 0xf0, 0x7d, 0xd3, 0xe1, 0x17, 0x40, 0xf9, 0x20, 0x00, 0x00, 0x8b, 
  0x00, 0x00, 0x40, 0xf9, 0xe2, 0x03, 0x00, 0xaa, 0xe0, 0x0f, 0x40, 0xf9, 0xe1, 0x7f, 0x80, 0xb9, 
  0x02, 0x78, 0x21, 0xf8, 0xe0, 0x7f, 0x40, 0xb9, 0x00, 0x04, 0x00, 0x11, 0xe0, 0x7f, 0x00, 0xb9, 
  0xec, 0xff, 0xff, 0x17, 0xe0, 0x7f, 0x80, 0xb9, 0xe1, 0x13, 0x40, 0xf9, 0x3f, 0x00, 0x00, 0xeb, 
  0x0d, 0x04, 0x00, 0x54, 0xe0, 0x0f, 0x40, 0xf9, 0x01, 0x7c, 0x40, 0xf9, 0xe0, 0x7f, 0x80, 0xb9, 
  0xe2, 0x13, 0x40, 0xf9, 0x40, 0x00, 0x00, 0xcb, 0x00, 0xf0, 0x7d, 0xd3, 0x21, 0x00, 0x00, 0xcb, 
  0xe0, 0x0f, 0x40, 0xf9, 0x01, 0x7c, 0x00, 0xf9, 0xe0, 0x0f, 0x40, 0xf9, 0x00, 0x7c, 0x40, 0xf9, 
  0xe4, 0x03, 0x00, 0xaa, 0xe0, 0x7f, 0x80, 0xb9, 0x00, 0xf0, 0x7d, 0xd3, 0xe1, 0x17, 0x40, 0xf9, 
  0x22, 0x00, 0x00, 0x8b, 0xe0, 0x7f, 0x80, 0xb9, 0xe1, 0x13, 0x40, 0xf9, 0x20, 0x00, 0x00, 0xcb, 
  0x00, 0xf0, 0x7d, 0xd3, 0xe3, 0x03, 0x00, 0xaa, 0xe1, 0x03, 0x04, 0xaa, 0xe0, 0x3f, 0x40, 0xb9, 
  0x62, 0xff, 0xff, 0x97, 0x1f, 0x04, 0x00, 0x31, 0xe0, 0x17, 0x9f, 0x1a, 0x00, 0x1c, 0x00, 0x12, 
  0x1f, 0x00, 0x00, 0x71, 0x60, 0x00, 0x00, 0x54, 0x00, 0x00, 0x80, 0x12, 0x85, 0x00, 0x00, 0x14, 
  0xe0, 0x0f, 0x40, 0xf9, 0xe1, 0x1b, 0x40, 0xf9, 0x01, 0x80, 0x00, 0xf9, 0xe0, 0x0f, 0x40, 0xf9, 
  0x00, 0x80, 0x40, 0xf9, 0x00, 0x00, 0x40, 0x92, 0x1f, 0x00, 0x00, 0xf1, 0x80, 0x01, 0x00, 0x54, 
  0xe0, 0x0f, 0x40, 0xf9, 0x00, 0x80, 0x40, 0xf9, 0x01, 0x78, 0x7f, 0x92, 0xe0, 0x0f, 0x40, 0xf9, 
  0x01, 0x80, 0x00, 0xf9, 0xe0, 0x0f, 0x40, 0xf9, 0x00, 0x84, 0x40, 0xf9, 0x01, 0x00, 0x7b, 0xb2, 
  0xe0, 0x0f, 0x40, 0xf9, 0x01, 0x84, 0x00, 0xf9, 0x07, 0x00, 0x00, 0x14, 0xe0, 0x0f, 0x40, 0xf9, 
  0x01, 0x84, 0x40, 0xf9, 0x00, 0x04, 0x80, 0x12, 0x21, 0x00, 0x00, 0x8a, 0xe0, 0x0f, 0x40, 0xf9, 
  0x01, 0x84, 0x00, 0xf9, 0xe0, 0x0f, 0x40, 0xf9, 0x1f, 0x78, 0x00, 0xf9, 0xff, 0x3b, 0x00, 0xf9, 
  0xe0, 0x23, 0x01, 0x91, 0x02, 0x04, 0x80, 0xd2, 0x01, 0x00, 0x80, 0x52, 0x4d, 0xfa, 0xff, 0x97, 
  0xe0, 0x23, 0x01, 0x91, 0xe1, 0x03, 0x00, 0xaa, 0x00, 0x00, 0x00, 0xb0, 0x00, 0xa0, 0x18, 0x91, 
  0x18, 0xfa, 0xff, 0x97, 0xe0, 0x23, 0x01, 0x91, 0x66, 0xfa, 0xff, 0x97, 0x1f, 0x5c, 0x00, 0x71, 
  0x6c, 0x00, 0x00, 0x54, 0xff, 0x3b, 0x00, 0xf9, 0x14, 0x00, 0x00, 0x14, 0xa0, 0x00, 0x00, 0x90, 
  0x00, 0xe0, 0x30, 0x91, 0x00, 0x00, 0x40, 0xf9, 0x1f, 0x00, 0x00, 0xf1, 0x61, 0x01, 0x00, 0x54, 
  0x80, 0x00, 0x00, 0xf0, 0x00, 0xfc, 0x47, 0xf9, 0x00, 0x00, 0x40, 0xf9, 0xe1, 0x03, 0x00, 0xaa, 
  0xe0, 0x3f, 0x40, 0xb9, 0x18, 0xfd, 0xff, 0x97, 0xe1, 0x03, 0x00, 0xaa, 0xa0, 0x00, 0x00, 0x90, 
  0x00, 0xe0, 0x30, 0x91, 0x01, 0x00, 0x00, 0xf9, 0xa0, 0x00, 0x00, 0x90, 0x00, 0xe0, 0x30, 0x91, 
  0x00, 0x00, 0x40, 0xf9, 0xe0, 0x3b, 0x00, 0xf9, 0xe1, 0x3b, 0x40, 0xf9, 0xe0, 0x0f, 0x40, 0xf9, 
  0x01, 0x78, 0x00, 0xf9, 0xe1, 0x0f, 0x40, 0xf9, 0xe0, 0x3f, 0x40, 0xb9, 0xf8, 0xfd, 0xff, 0x97, 
  0x1f, 0x04, 0x00, 0x31, 0xa0, 0x00, 0x00, 0x54, 0xe0, 0x3f, 0x40, 0xb9, 0x98, 0xfd, 0xff, 0x97, 
  0x1f, 0x04, 0x00, 0x31, 0x61, 0x00, 0x00, 0x54, 0x20, 0x00, 0x80, 0x52, 0x02, 0x00, 0x00, 0x14, 
  0x00, 0x00, 0x80, 0x52, 0x1f, 0x00, 0x00, 0x71, 0xe0, 0x00, 0x00, 0x54, 0xe1, 0x3f, 0x40, 0xb9, 
  0x00, 0x00, 0x00, 0xd0, 0x00, 0x40, 0x11, 0x91, 0xa6, 0xf9, 0xff, 0x97, 0x00, 0x00, 0x80, 0x12, 
  0x30, 0x00, 0x00, 0x14, 0xff, 0x47, 0x00, 0xb9, 0xe0, 0x13, 0x01, 0x91, 0x42, 0x00, 0x80, 0x52, 
  0xe1, 0x03, 0x00, 0xaa, 0xe0, 0x3f, 0x40, 0xb9, 0x9a, 0xf9, 0xff, 0x97, 0xe0, 0x47, 0x40, 0xb9, 
  0xe1, 0x03, 0x00, 0x2a, 0x00, 0x00, 0x00, 0xd0, 0x00, 0x00, 0x12, 0x91, 0x99, 0xf9, 0xff, 0x97, 
  0xe0, 0x47, 0x40, 0xb9, 0x00, 0x1c, 0x00, 0x12, 0x1f, 0xfc, 0x01, 0x71, 0x60, 0x02, 0x00, 0x54, 
  0xe0, 0x3f, 0x40, 0xb9, 0x7a, 0xfd, 0xff, 0x97, 0x1f, 0x04, 0x00, 0x31, 0xe0, 0x17, 0x9f, 0x1a, 
  0x00, 0x1c, 0x00, 0x12, 0x1f, 0x00, 0x00, 0x71, 0xc0, 0x00, 0x00, 0x54, 0x00, 0x00, 0x00, 0xd0, 
  0x00, 0xa0, 0x12, 0x91, 0xa7, 0xf9, 0xff, 0x97, 0x00, 0x00, 0x80, 0x12, 0x15, 0x00, 0x00, 0x14, 
  0xe0, 0x13, 0x01, 0x91, 0x42, 0x00, 0x80, 0x52, 0xe1, 0x03, 0x00, 0xaa, 0xe0, 0x3f, 0x40, 0xb9, 
  0x80, 0xf9, 0xff, 0x97, 0xeb, 0xff, 0xff, 0x17, 0xe1, 0x0f, 0x40, 0xf9, 0xe0, 0x3f, 0x40, 0xb9, 
  0xa1, 0xfd, 0xff, 0x97, 0x1f, 0x04, 0x00, 0x31, 0xe0, 0x17, 0x9f, 0x1a, 0x00, 0x1c, 0x00, 0x12, 
  0x1f, 0x00, 0x00, 0x71, 0xc0, 0x00, 0x00, 0x54, 0x00, 0x00, 0x00, 0xd0, 0x00, 0x00, 0x13, 0x91, 
  0x94, 0xf9, 0xff, 0x97, 0x00, 0x00, 0x80, 0x12, 0x02, 0x00, 0x00, 0x14, 0x00, 0x00, 0x80, 0x52, 
  0xfd, 0x7b, 0xc8, 0xa8, 0xc0, 0x03, 0x5f, 0xd6, 0xff, 0x83, 0x1b, 0xd1, 0xfd, 0x7b, 0x00, 0xa9, 
  0xfd, 0x03, 0x00, 0x91, 0xf3, 0x0b, 0x00, 0xf9, 0xe0, 0x3f, 0x00, 0xb9, 0xe1, 0x1b, 0x00, 0xf9, 
  0xe2, 0x17, 0x00, 0xf9, 0xe3, 0x13, 0x00, 0xf9, 0x00, 0x00, 0x80, 0x12, 0xe0, 0xdf, 0x06, 0xb9, 
  0xe0, 0x3f, 0x40, 0xb9, 0x2b, 0xfd, 0xff, 0x97, 0x1f, 0x00, 0x00, 0x71, 0xe0, 0x07, 0x9f, 0x1a, 
  0x00, 0x1c, 0x00, 0x12, 0x1f, 0x00, 0x00, 0x71, 0x60, 0x00, 0x00, 0x54, 0xe0, 0xdf, 0x46, 0xb9, 
  0x48, 0x01, 0x00, 0x14, 0xe0, 0x03, 0x01, 0x91, 0xe1, 0x03, 0x00, 0xaa, 0xe0, 0x3f, 0x40, 0xb9, 
  0x7d, 0xfd, 0xff, 0x97, 0x1f, 0x00, 0x00, 0x71, 0xe0, 0x07, 0x9f, 0x1a, 0x00, 0x1c, 0x00, 0x12, 
  0x1f, 0x00, 0x00, 0x71, 0xa1, 0x25, 0x00, 0x54, 0xe0, 0x43, 0x05, 0x91, 0xe1, 0x03, 0x01, 0x91, 
  0x02, 0x22, 0x80, 0xd2, 0x67, 0xf9, 0xff, 0x97, 0xe0, 0x3f, 0x40, 0xb9, 0xbe, 0xfd, 0xff, 0x97, 
  0xe0, 0x6b, 0x03, 0xf9, 0xe0, 0x6b, 0x43, 0xf9, 0xe1, 0x03, 0x00, 0xaa, 0x00, 0x00, 0x00, 0xd0, 
  0x00, 0x80, 0x13, 0x91, 0x4b, 0xf9, 0xff, 0x97, 0xff, 0x33, 0x03, 0xf9, 0x00, 0x00, 0x86, 0xd2, 
  0xe0, 0x37, 0x03, 0xf9, 0xe0, 0x00, 0x80, 0xd2, 0xe0, 0x3b, 0x03, 0xf9, 0x40, 0x04, 0x80, 0xd2, 
  0xe0, 0x3f, 0x03, 0xf9, 0xff, 0x43, 0x03, 0xf9, 0xff, 0x47, 0x03, 0xf9, 0xe0, 0x6b, 0x43, 0xf9, 
  0xe2, 0x03, 0x01, 0x91, 0xe1, 0x83, 0x19, 0x91, 0xe4, 0x03, 0x02, 0xaa, 0xc3, 0x00, 0x80, 0xd2, 
  0xe2, 0x03, 0x01, 0xaa, 0xe1, 0x03, 0x00, 0xaa, 0xe0, 0x3f, 0x40, 0xb9, 0xfe, 0xfe, 0xff, 0x97, 
  0x1f, 0x04, 0x00, 0x31, 0xe0, 0x17, 0x9f, 0x1a, 0x00, 0x1c, 0x00, 0x12, 0x1f, 0x00, 0x00, 0x71, 
  0x20, 0x01, 0x00, 0x54, 0x3f, 0xf9, 0xff, 0x97, 0x00, 0x00, 0x40, 0xb9, 0x35, 0xf9, 0xff, 0x97, 
  0xe1, 0x03, 0x00, 0xaa, 0x00, 0x00, 0x00, 0xd0, 0x00, 0x00, 0x14, 0x91, 0x2d, 0xf9, 0xff, 0x97, 
  0x03, 0x01, 0x00, 0x14, 0xe0, 0x03, 0x01, 0x91, 0x8b, 0xfd, 0xff, 0x97, 0xf3, 0x03, 0x00, 0xaa, 
  0xe0, 0x03, 0x01, 0x91, 0x8e, 0xfd, 0xff, 0x97, 0xe2, 0x03, 0x00, 0xaa, 0xe1, 0x03, 0x13, 0xaa, 
  0x00, 0x00, 0x00, 0xd0, 0x00, 0xc0, 0x14, 0x91, 0x22, 0xf9, 0xff, 0x97, 0xe0, 0x03, 0x01, 0x91, 
  0x81, 0xfd, 0xff, 0x97, 0xe0, 0x67, 0x03, 0xf9, 0xe0, 0x67, 0x43, 0xf9, 0xe1, 0x03, 0x00, 0xaa, 
  0x00, 0x00, 0x00, 0xd0, 0x00, 0xa0, 0x15, 0x91, 0x1a, 0xf9, 0xff, 0x97, 0xe0, 0x3f, 0x40, 0xb9, 
  0x91, 0xfd, 0xff, 0x97, 0xe0, 0x63, 0x03, 0xf9, 0xe0, 0x3f, 0x40, 0xb9, 0xe7, 0xfd, 0xff, 0x97, 
  0xe0, 0x5f, 0x03, 0xf9, 0xe0, 0x3f, 0x40, 0xb9, 0xbb, 0xfd, 0xff, 0x97, 0xe0, 0x5b, 0x03, 0xf9, 
  0xe0, 0x3f, 0x40, 0xb9, 0x0a, 0xfe, 0xff, 0x97, 0xe0, 0x57, 0x03, 0xf9, 0xe4, 0x57, 0x43, 0xf9, 
  0xe3, 0x5b, 0x43, 0xf9, 0xe2, 0x5f, 0x43, 0xf9, 0xe1, 0x63, 0x43, 0xf9, 0x00, 0x00, 0x00, 0xd0, 
  0x00, 0x60, 0x16, 0x91, 0x07, 0xf9, 0xff, 0x97, 0xe1, 0x1b, 0x40, 0xf9, 0x00, 0x00, 0x00, 0xd0, 
  0x00, 0x80, 0x17, 0x91, 0x03, 0xf9, 0xff, 0x97, 0xe0, 0x1b, 0x40, 0xf9, 0x99, 0xf9, 0xff, 0x97, 
  0x00, 0x04, 0x00, 0x91, 0xe3, 0x03, 0x00, 0xaa, 0xe2, 0x1b, 0x40, 0xf9, 0xe1, 0x67, 0x43, 0xf9, 
  0xe0, 0x3f, 0x40, 0xb9, 0x5d, 0xfe, 0xff, 0x97, 0x1f, 0x04, 0x00, 0x31, 0xe0, 0x17, 0x9f, 0x1a, 
  0x00, 0x1c, 0x00, 0x12, 0x1f, 0x00, 0x00, 0x71, 0xc0, 0x00, 0x00, 0x54, 0xe1, 0x1b, 0x40, 0xf9, 
  0x00, 0x00, 0x00, 0xd0, 0x00, 0xe0, 0x17, 0x91, 0xf2, 0xf8, 0xff, 0x97, 0xc8, 0x00, 0x00, 0x14, 
  0xe0, 0x67, 0x43, 0xf9, 0xe0, 0x33, 0x03, 0xf9, 0x40, 0x20, 0x80, 0xd2, 0xe0, 0x37, 0x03, 0xf9, 
  0xe0, 0x63, 0x43, 0xf9, 0xe2, 0x03, 0x01, 0x91, 0xe1, 0x83, 0x19, 0x91, 0xe4, 0x03, 0x02, 0xaa, 
  0x43, 0x00, 0x80, 0xd2, 0xe2, 0x03, 0x01, 0xaa, 0xe1, 0x03, 0x00, 0xaa, 0xe0, 0x3f, 0x40, 0xb9, 
  0xa9, 0xfe, 0xff, 0x97, 0x1f, 0x04, 0x00, 0x31, 0xe0, 0x17, 0x9f, 0x1a, 0x00, 0x1c, 0x00, 0x12, 
  0x1f, 0x00, 0x00, 0x71, 0xa0, 0x00, 0x00, 0x54, 0x00, 0x00, 0x00, 0xd0, 0x00, 0xa0, 0x18, 0x91, 
  0xf8, 0xf8, 0xff, 0x97, 0xb2, 0x00, 0x00, 0x14, 0xe0, 0x03, 0x01, 0x91, 0x3a, 0xfd, 0xff, 0x97, 
  0xe0, 0x53, 0x03, 0xf9, 0xe0, 0x53, 0x43, 0xf9, 0xe1, 0x03, 0x00, 0xaa, 0x00, 0x00, 0x00, 0xd0, 
  0x00, 0x40, 0x19, 0x91, 0xd3, 0xf8, 0xff, 0x97, 0xe0, 0x53, 0x43, 0xf9, 0x1f, 0x00, 0x00, 0xf1, 
  0x81, 0x05, 0x00, 0x54, 0x00, 0x00, 0x00, 0xd0, 0x00, 0x60, 0x1a, 0x91, 0xe9, 0xf8, 0xff, 0x97, 
  0xe0, 0x57, 0x43, 0xf9, 0xe2, 0x03, 0x01, 0x91, 0xe1, 0x83, 0x19, 0x91, 0xe4, 0x03, 0x02, 0xaa, 
  0x03, 0x00, 0x80, 0xd2, 0xe2, 0x03, 0x01, 0xaa, 0xe1, 0x03, 0x00, 0xaa, 0xe0, 0x3f, 0x40, 0xb9, 
  0x89, 0xfe, 0xff, 0x97, 0x1f, 0x04, 0x00, 0x31, 0xe0, 0x17, 0x9f, 0x1a, 0x00, 0x1c, 0x00, 0x12, 
  0x1f, 0x00, 0x00, 0x71, 0xa0, 0x00, 0x00, 0x54, 0x00, 0x00, 0x00, 0xd0, 0x00, 0xc0, 0x1a, 0x91, 
  0xd8, 0xf8, 0xff, 0x97, 0x92, 0x00, 0x00, 0x14, 0xe0, 0x03, 0x01, 0x91, 0x1a, 0xfd, 0xff, 0x97, 
  0xe0, 0x4b, 0x03, 0xf9, 0xe0, 0x03, 0x08, 0x91, 0x1f, 0x7c, 0x06, 0xa9, 0xe0, 0xc3, 0x09, 0x91, 
  0x01, 0x7e, 0x80, 0xd2, 0xe2, 0x03, 0x01, 0xaa, 0x01, 0x00, 0x80, 0x52, 0x25, 0xf9, 0xff, 0x97, 
  0xe0, 0x83, 0x09, 0x91, 0x03, 0x80, 0x80, 0xd2, 0xe2, 0x03, 0x00, 0xaa, 0xe1, 0x4b, 0x43, 0xf9, 
  0xe0, 0x3f, 0x40, 0xb9, 0xcf, 0xfd, 0xff, 0x97, 0xe0, 0x83, 0x09, 0x91, 0xe1, 0x03, 0x00, 0xaa, 
  0x00, 0x00, 0x00, 0xd0, 0x00, 0x60, 0x1b, 0x91, 0xa6, 0xf8, 0xff, 0x97, 0x7c, 0x00, 0x00, 0x14, 
  0x00, 0x00, 0x00, 0xd0, 0x01, 0xc0, 0x1b, 0x91, 0xe0, 0x17, 0x40, 0xf9, 0x25, 0xf9, 0xff, 0x97, 
  0x1f, 0x00, 0x00, 0x71, 0x60, 0x0a, 0x00, 0x54, 0xe1, 0x17, 0x40, 0xf9, 0x00, 0x00, 0x00, 0xd0, 
  0x00, 0xe0, 0x1b, 0x91, 0x9b, 0xf8, 0xff, 0x97, 0x00, 0x00, 0x00, 0xd0, 0x00, 0x40, 0x1c, 0x91, 
  0xb4, 0xf8, 0xff, 0x97, 0xe0, 0x1b, 0x40, 0xf9, 0x2e, 0xf9, 0xff, 0x97, 0x00, 0x08, 0x00, 0x91, 
  0xe1, 0x67, 0x43, 0xf9, 0x33, 0x00, 0x00, 0x8b, 0xe0, 0x17, 0x40, 0xf9, 0x29, 0xf9, 0xff, 0x97, 
  0x00, 0x04, 0x00, 0x91, 0xe3, 0x03, 0x00, 0xaa, 0xe2, 0x17, 0x40, 0xf9, 0xe1, 0x03, 0x13, 0xaa, 
  0xe0, 0x3f, 0x40, 0xb9, 0xed, 0xfd, 0xff, 0x97, 0x1f, 0x04, 0x00, 0x31, 0xe0, 0x17, 0x9f, 0x1a, 
  0x00, 0x1c, 0x00, 0x12, 0x1f, 0x00, 0x00, 0x71, 0xc0, 0x00, 0x00, 0x54, 0xe1, 0x17, 0x40, 0xf9, 
  0x00, 0x00, 0x00, 0xd0, 0x00, 0xa0, 0x1c, 0x91, 0x82, 0xf8, 0xff, 0x97, 0x58, 0x00, 0x00, 0x14, 
  0xe0, 0x53, 0x43, 0xf9, 0xe0, 0x33, 0x03, 0xf9, 0xe0, 0x1b, 0x40, 0xf9, 0x15, 0xf9, 0xff, 0x97, 
  0x00, 0x08, 0x00, 0x91, 0xe1, 0x67, 0x43, 0xf9, 0x20, 0x00, 0x00, 0x8b, 0xe0, 0x37, 0x03, 0xf9, 
  0xe0, 0x5f, 0x43, 0xf9, 0xe2, 0x03, 0x01, 0x91, 0xe1, 0x83, 0x19, 0x91, 0xe4, 0x03, 0x02, 0xaa, 
  0x43, 0x00, 0x80, 0xd2, 0xe2, 0x03, 0x01, 0xaa, 0xe1, 0x03, 0x00, 0xaa, 0xe0, 0x3f, 0x40, 0xb9, 
  0x35, 0xfe, 0xff, 0x97, 0x1f, 0x04, 0x00, 0x31, 0xe0, 0x17, 0x9f, 0x1a, 0x00, 0x1c, 0x00, 0x12, 
  0x1f, 0x00, 0x00, 0x71, 0xa0, 0x00, 0x00, 0x54, 0x00, 0x00, 0x00, 0xd0, 0x00, 0x80, 0x1d, 0x91, 
  0x84, 0xf8, 0xff, 0x97, 0x3e, 0x00, 0x00, 0x14, 0xe0, 0x03, 0x01, 0x91, 0xc6, 0xfc, 0xff, 0x97, 
  0xe0, 0x4f, 0x03, 0xf9, 0xe0, 0x4f, 0x43, 0xf9, 0xe1, 0x03, 0x00, 0xaa, 0x00, 0x00, 0x00, 0xb0, 
  0x00, 0x20, 0x1e, 0x91, 0x5f, 0xf8, 0xff, 0x97, 0xe0, 0x4f, 0x43, 0xf9, 0xe2, 0x03, 0x01, 0x91, 
  0xe1, 0x83, 0x19, 0x91, 0xe4, 0x03, 0x02, 0xaa, 0x03, 0x00, 0x80, 0xd2, 0xe2, 0x03, 0x01, 0xaa, 
  0xe1, 0x03, 0x00, 0xaa, 0xe0, 0x3f, 0x40, 0xb9, 0x1b, 0xfe, 0xff, 0x97, 0x1f, 0x04, 0x00, 0x31, 
  0xe0, 0x17, 0x9f, 0x1a, 0x00, 0x1c, 0x00, 0x12, 0x1f, 0x00, 0x00, 0x71, 0x00, 0x01, 0x00, 0x54, 
  0x00, 0x00, 0x00, 0xb0, 0x00, 0x40, 0x1f, 0x91, 0x6a, 0xf8, 0xff, 0x97, 0x24, 0x00, 0x00, 0x14, 
  0x00, 0x00, 0x00, 0xb0, 0x00, 0xe0, 0x1f, 0x91, 0x66, 0xf8, 0xff, 0x97, 0xe0, 0x43, 0x05, 0x91, 
  0xe1, 0x03, 0x00, 0xaa, 0xe0, 0x3f, 0x40, 0xb9, 0x89, 0xfc, 0xff, 0x97, 0x1f, 0x04, 0x00, 0x31, 
  0xe0, 0x17, 0x9f, 0x1a, 0x00, 0x1c, 0x00, 0x12, 0x1f, 0x00, 0x00, 0x71, 0xa0, 0x00, 0x00, 0x54, 
  0x00, 0x00, 0x00, 0xb0, 0x00, 0x20, 0x20, 0x91, 0x5a, 0xf8, 0xff, 0x97, 0x14, 0x00, 0x00, 0x14, 
  0x00, 0x00, 0x00, 0xb0, 0x00, 0xa0, 0x20, 0x91, 0x56, 0xf8, 0xff, 0x97, 0xe0, 0x03, 0x01, 0x91, 
  0xe1, 0x03, 0x00, 0xaa, 0xe0, 0x3f, 0x40, 0xb9, 0x57, 0xfc, 0xff, 0x97, 0xe1, 0x03, 0x01, 0x91, 
  0xe0, 0x43, 0x05, 0x91, 0x02, 0x22, 0x80, 0xd2, 0x92, 0xf8, 0xff, 0x97, 0x1f, 0x00, 0x00, 0x71, 
  0x80, 0x00, 0x00, 0x54, 0x00, 0x00, 0x00, 0xb0, 0x00, 0x20, 0x21, 0x91, 0x49, 0xf8, 0xff, 0x97, 
  0xff, 0xdf, 0x06, 0xb9, 0x02, 0x00, 0x00, 0x14, 0x1f, 0x20, 0x03, 0xd5, 0xe0, 0x3f, 0x40, 0xb9, 
  0x2c, 0xfc, 0xff, 0x97, 0x00, 0x00, 0x00, 0xb0, 0x01, 0x80, 0x21, 0x91, 0xe0, 0x13, 0x40, 0xf9, 
  0xa8, 0xf8, 0xff, 0x97, 0x1f, 0x00, 0x00, 0x71, 0x21, 0x01, 0x00, 0x54, 0x20, 0x00, 0x80, 0x52, 
  0x1d, 0xfa, 0xff, 0x97, 0x00, 0x1c, 0x00, 0x12, 0x1f, 0x00, 0x00, 0x71, 0x80, 0x00, 0x00, 0x54, 
  0x00, 0x00, 0x00, 0xb0, 0x00, 0xc0, 0x21, 0x91, 0x36, 0xf8, 0xff, 0x97, 0xe0, 0xdf, 0x46, 0xb9, 
  0xf3, 0x0b, 0x40, 0xf9, 0xfd, 0x7b, 0x40, 0xa9, 0xff, 0x83, 0x1b, 0x91, 0xc0, 0x03, 0x5f, 0xd6, 
  0xfd, 0x7b, 0xbb, 0xa9, 0xfd, 0x03, 0x00, 0x91, 0xe0, 0x1f, 0x00, 0xb9, 0xe1, 0x0b, 0x00, 0xf9, 
  0xff, 0x2b, 0x00, 0xb9, 0xff, 0x4f, 0x00, 0xb9, 0xff, 0x23, 0x00, 0xf9, 0xff, 0x1f, 0x00, 0xf9, 
  0xff, 0x1b, 0x00, 0xf9, 0xff, 0xbf, 0x00, 0x39, 0xe1, 0x4f, 0x40, 0xb9, 0xe0, 0x1f, 0x40, 0xb9, 
  0x3f, 0x00, 0x00, 0x6b, 0x4a, 0x12, 0x00, 0x54, 0xe0, 0x4f, 0x80, 0xb9, 0x00, 0xf0, 0x7d, 0xd3, 
  0xe1, 0x0b, 0x40, 0xf9, 0x20, 0x00, 0x00, 0x8b, 0x00, 0x00, 0x40, 0xf9, 0xe1, 0x03, 0x00, 0xaa, 
  0x00, 0x00, 0x00, 0xb0, 0x00, 0x40, 0x22, 0x91, 0x82, 0xf8, 0xff, 0x97, 0x1f, 0x00, 0x00, 0x71, 
  0x61, 0x00, 0x00, 0x54, 0x20, 0x00, 0x80, 0x52, 0xe0, 0xbf, 0x00, 0x39, 0xe0, 0x4f, 0x80, 0xb9, 
  0x00, 0xf0, 0x7d, 0xd3, 0xe1, 0x0b, 0x40, 0xf9, 0x20, 0x00, 0x00, 0x8b, 0x00, 0x00, 0x40, 0xf9, 
  0xe1, 0x03, 0x00, 0xaa, 0x00, 0x00, 0x00, 0xb0, 0x00, 0x60, 0x22, 0x91, 0x75, 0xf8, 0xff, 0x97, 
  0x1f, 0x00, 0x00, 0x71, 0xa1, 0x02, 0x00, 0x54, 0xe0, 0x4f, 0x40, 0xb9, 0x00, 0x04, 0x00, 0x11, 
  0xe1, 0x1f, 0x40, 0xb9, 0x3f, 0x00, 0x00, 0x6b, 0xcc, 0x00, 0x00, 0x54, 0x00, 0x00, 0x00, 0xb0, 
  0x00, 0x80, 0x22, 0x91, 0x03, 0xf8, 0xff, 0x97, 0x00, 0x00, 0x80, 0x12, 0x75, 0xf8, 0xff, 0x97, 
  0xe0, 0x4f, 0x40, 0xb9, 0x00, 0x04, 0x00, 0x11, 0xe0, 0x4f, 0x00, 0xb9, 0xe0, 0x4f, 0x80, 0xb9, 
  0x00, 0xf0, 0x7d, 0xd3, 0xe1, 0x0b, 0x40, 0xf9, 0x20, 0x00, 0x00, 0x8b, 0x00, 0x00, 0x40, 0xf9, 
  0x70, 0xf8, 0xff, 0x97, 0xe0, 0x2b, 0x00, 0xb9, 0xe0, 0x4f, 0x80, 0xb9, 0x00, 0xf0, 0x7d, 0xd3, 
  0xe1, 0x0b, 0x40, 0xf9, 0x20, 0x00, 0x00, 0x8b, 0x00, 0x00, 0x40, 0xf9, 0xe1, 0x03, 0x00, 0xaa, 
  0x00, 0x00, 0x00, 0xb0, 0x00, 0x00, 0x23, 0x91, 0x56, 0xf8, 0xff, 0x97, 0x1f, 0x00, 0x00, 0x71, 
  0x61, 0x03, 0x00, 0x54, 0xe0, 0x4f, 0x40, 0xb9, 0x00, 0x04, 0x00, 0x11, 0xe1, 0x1f, 0x40, 0xb9, 
  0x3f, 0x00, 0x00, 0x6b, 0xcc, 0x00, 0x00, 0x54, 0x00, 0x00, 0x00, 0xb0, 0x00, 0x20, 0x23, 0x91, 
  0xe4, 0xf7, 0xff, 0x97, 0x00, 0x00, 0x80, 0x12, 0x56, 0xf8, 0xff, 0x97, 0xe0, 0x4f, 0x40, 0xb9, 
  0x00, 0x04, 0x00, 0x11, 0xe0, 0x4f, 0x00, 0xb9, 0xe0, 0x4f, 0x80, 0xb9, 0x00, 0xf0, 0x7d, 0xd3, 
  0xe1, 0x0b, 0x40, 0xf9, 0x20, 0x00, 0x00, 0x8b, 0x00, 0x00, 0x40, 0xf9, 0xe0, 0x23, 0x00, 0xf9, 
  0xe0, 0xbf, 0x40, 0x39, 0x1f, 0x00, 0x00, 0x71, 0xa0, 0x00, 0x00, 0x54, 0xe0, 0x23, 0x40, 0xf9, 
  0xdf, 0xfa, 0xff, 0x97, 0x20, 0x00, 0x80, 0x52, 0xde, 0xf7, 0xff, 0x97, 0xe0, 0x4f, 0x80, 0xb9, 
  0x00, 0xf0, 0x7d, 0xd3, 0xe1, 0x0b, 0x40, 0xf9, 0x20, 0x00, 0x00, 0x8b, 0x00, 0x00, 0x40, 0xf9, 
  0xe1, 0x03, 0x00, 0xaa, 0x00, 0x00, 0x00, 0xb0, 0x00, 0xa0, 0x23, 0x91, 0x31, 0xf8, 0xff, 0x97, 
  0x1f, 0x00, 0x00, 0x71, 0x81, 0x02, 0x00, 0x54, 0xe0, 0x4f, 0x40, 0xb9, 0x00, 0x04, 0x00, 0x11, 
  0xe1, 0x1f, 0x40, 0xb9, 0x3f, 0x00, 0x00, 0x6b, 0xcc, 0x00, 0x00, 0x54, 0x00, 0x00, 0x00, 0xb0, 
  0x00, 0xc0, 0x23, 0x91, 0xbf, 0xf7, 0xff, 0x97, 0x00, 0x00, 0x80, 0x12, 0x31, 0xf8, 0xff, 0x97, 
  0xe0, 0x4f, 0x40, 0xb9, 0x00, 0x04, 0x00, 0x11, 0xe0, 0x4f, 0x00, 0xb9, 0xe0, 0x4f, 0x80, 0xb9, 
  0x00, 0xf0, 0x7d, 0xd3, 0xe1, 0x0b, 0x40, 0xf9, 0x20, 0x00, 0x00, 0x8b, 0x00, 0x00, 0x40, 0xf9, 
  0xe0, 0x1f, 0x00, 0xf9, 0xe0, 0x4f, 0x80, 0xb9, 0x00, 0xf0, 0x7d, 0xd3, 0xe1, 0x0b, 0x40, 0xf9, 
  0x20, 0x00, 0x00, 0x8b, 0x00, 0x00, 0x40, 0xf9, 0xe1, 0x03, 0x00, 0xaa, 0x00, 0x00, 0x00, 0xb0, 
  0x00, 0x40, 0x24, 0x91, 0x13, 0xf8, 0xff, 0x97, 0x1f, 0x00, 0x00, 0x71, 0x81, 0x02, 0x00, 0x54, 
  0xe0, 0x4f, 0x40, 0xb9, 0x00, 0x04, 0x00, 0x11, 0xe1, 0x1f, 0x40, 0xb9, 0x3f, 0x00, 0x00, 0x6b, 
  0xcc, 0x00, 0x00, 0x54, 0x00, 0x00, 0x00, 0xb0, 0x00, 0x80, 0x24, 0x91, 0xa1, 0xf7, 0xff, 0x97, 
  0x00, 0x00, 0x80, 0x12, 0x13, 0xf8, 0xff, 0x97, 0xe0, 0x4f, 0x40, 0xb9, 0x00, 0x04, 0x00, 0x11, 
  0xe0, 0x4f, 0x00, 0xb9, 0xe0, 0x4f, 0x80, 0xb9, 0x00, 0xf0, 0x7d, 0xd3, 0xe1, 0x0b, 0x40, 0xf9, 
  0x20, 0x00, 0x00, 0x8b, 0x00, 0x00, 0x40, 0xf9, 0xe0, 0x1b, 0x00, 0xf9, 0xe0, 0x4f, 0x40, 0xb9, 
  0x00, 0x04, 0x00, 0x11, 0xe0, 0x4f, 0x00, 0xb9, 0x6c, 0xff, 0xff, 0x17, 0xe0, 0x23, 0x40, 0xf9, 
  0x1f, 0x00, 0x00, 0xf1, 0x00, 0x02, 0x00, 0x54, 0xe1, 0x23, 0x40, 0xf9, 0x00, 0x00, 0x00, 0xb0, 
  0x00, 0x00, 0x25, 0x91, 0x6f, 0xf7, 0xff, 0x97, 0xe0, 0xa3, 0x00, 0x91, 0xe1, 0x23, 0x40, 0xf9, 
  0xac, 0xf9, 0xff, 0x97, 0x00, 0x1c, 0x00, 0x12, 0x1f, 0x00, 0x00, 0x71, 0xc0, 0x00, 0x00, 0x54, 
  0xe0, 0x2b, 0x40, 0xb9, 0xe1, 0x03, 0x00, 0x2a, 0x00, 0x00, 0x00, 0xb0, 0x00, 0x60, 0x25, 0x91, 
  0x64, 0xf7, 0xff, 0x97, 0xe0, 0x2b, 0x40, 0xb9, 0x1f, 0x00, 0x00, 0x71, 0xc1, 0x00, 0x00, 0x54, 
  0x00, 0x00, 0x00, 0xb0, 0x00, 0xe0, 0x25, 0x91, 0x7a, 0xf7, 0xff, 0x97, 0x00, 0x00, 0x80, 0x52, 
  0xec, 0xf7, 0xff, 0x97, 0xe1, 0x2b, 0x40, 0xb9, 0x80, 0x00, 0x00, 0xd0, 0x00, 0xe4, 0x47, 0xf9, 
  0x01, 0x00, 0x00, 0xb9, 0xe0, 0x1f, 0x40, 0xf9, 0x1f, 0x00, 0x00, 0xf1, 0x80, 0x01, 0x00, 0x54, 
  0xe1, 0x1f, 0x40, 0xf9, 0x00, 0x00, 0x00, 0xb0, 0x00, 0xc0, 0x26, 0x91, 0x51, 0xf7, 0xff, 0x97, 
  0xe0, 0x1f, 0x40, 0xf9, 0xbb, 0xf7, 0xff, 0x97, 0xe1, 0x03, 0x00, 0xaa, 0x80, 0x00, 0x00, 0xd0, 
  0x00, 0xe4, 0x47, 0xf9, 0x00, 0x10, 0x00, 0x91, 0x42, 0xf7, 0xff, 0x97, 0xe0, 0x1b, 0x40, 0xf9, 
  0x1f, 0x00, 0x00, 0xf1, 0x80, 0x01, 0x00, 0x54, 0xe1, 0x1b, 0x40, 0xf9, 0x00, 0x00, 0x00, 0xb0, 
  0x00, 0x20, 0x27, 0x91, 0x43, 0xf7, 0xff, 0x97, 0xe0, 0x1b, 0x40, 0xf9, 0xad, 0xf7, 0xff, 0x97, 
  0xe1, 0x03, 0x00, 0xaa, 0x80, 0x00, 0x00, 0xd0, 0x00, 0xe4, 0x47, 0xf9, 0x00, 0x10, 0x10, 0x91, 
  0x34, 0xf7, 0xff, 0x97, 0x1f, 0x20, 0x03, 0xd5, 0xfd, 0x7b, 0xc5, 0xa8, 0xc0, 0x03, 0x5f, 0xd6, 
  0xfd, 0x7b, 0xbe, 0xa9, 0xfd, 0x03, 0x00, 0x91, 0xe0, 0x1f, 0x00, 0xb9, 0xe1, 0x0b, 0x00, 0xf9, 
  0xe1, 0x0b, 0x40, 0xf9, 0xe0, 0x1f, 0x40, 0xb9, 0x1e, 0xff, 0xff, 0x97, 0x00, 0x00, 0x00, 0xb0, 
  0x00, 0x80, 0x27, 0x91, 0x4b, 0xf7, 0xff, 0x97, 0x80, 0x00, 0x00, 0xd0, 0x00, 0xf8, 0x47, 0xf9, 
  0x00, 0x08, 0x40, 0xb9, 0x1f, 0x04, 0x00, 0x71, 0xa1, 0x02, 0x00, 0x54, 0x00, 0x00, 0x00, 0xb0, 
  0x00, 0x00, 0x28, 0x91, 0x43, 0xf7, 0xff, 0x97, 0x00, 0x00, 0x00, 0xb0, 0x00, 0x80, 0x21, 0x91, 
  0x90, 0xf7, 0xff, 0x97, 0xe1, 0x03, 0x00, 0xaa, 0x80, 0x00, 0x00, 0xd0, 0x00, 0xe4, 0x47, 0xf9, 
  0x00, 0x10, 0x20, 0x91, 0x17, 0xf7, 0xff, 0x97, 0x00, 0x00, 0x80, 0x52, 0x1a, 0xf9, 0xff, 0x97, 
  0x00, 0x1c, 0x00, 0x12, 0x1f, 0x00, 0x00, 0x71, 0x00, 0x02, 0x00, 0x54, 0x00, 0x00, 0x00, 0xb0, 
  0x00, 0x80, 0x28, 0x91, 0x33, 0xf7, 0xff, 0x97, 0x0c, 0x00, 0x00, 0x14, 0x00, 0x00, 0x00, 0xb0, 
  0x00, 0x40, 0x29, 0x91, 0x2f, 0xf7, 0xff, 0x97, 0x00, 0x00, 0x00, 0xb0, 0x00, 0xe0, 0x29, 0x91, 
  0x7c, 0xf7, 0xff, 0x97, 0xe1, 0x03, 0x00, 0xaa, 0x80, 0x00, 0x00, 0xd0, 0x00, 0xe4, 0x47, 0xf9, 
  0x00, 0x10, 0x20, 0x91, 0x03, 0xf7, 0xff, 0x97, 0x80, 0x00, 0x00, 0xd0, 0x00, 0xe4, 0x47, 0xf9, 
  0x04, 0x00, 0x40, 0xb9, 0x80, 0x00, 0x00, 0xd0, 0x00, 0xe4, 0x47, 0xf9, 0x03, 0x10, 0x20, 0x91, 
  0x80, 0x00, 0x00, 0xd0, 0x00, 0xe4, 0x47, 0xf9, 0x02, 0x10, 0x10, 0x91, 0x80, 0x00, 0x00, 0xd0, 
  0x00, 0xe4, 0x47, 0xf9, 0x01, 0x10, 0x00, 0x91, 0xe0, 0x03, 0x04, 0x2a, 0x8b, 0xfd, 0xff, 0x97, 
  0xfd, 0x7b, 0xc2, 0xa8, 0xc0, 0x03, 0x5f, 0xd6, 0xfd, 0x7b, 0xbe, 0xa9, 0xfd, 0x03, 0x00, 0x91, 
  0xe0, 0x1f, 0x00, 0xb9, 0xe1, 0x0b, 0x00, 0xf9, 0x00, 0x00, 0x00, 0xb0, 0x00, 0x20, 0x2a, 0x91, 
  0x10, 0xf7, 0xff, 0x97, 0xe1, 0x0b, 0x40, 0xf9, 0xe0, 0x1f, 0x40, 0xb9, 0xb9, 0xff, 0xff, 0x97, 
  0x1f, 0x00, 0x00, 0x71, 0xe0, 0x17, 0x9f, 0x1a, 0x00, 0x1c, 0x00, 0x12, 0x1f, 0x00, 0x00, 0x71, 
  0xa0, 0x00, 0x00, 0x54, 0x00, 0x00, 0x00, 0xb0, 0x00, 0x80, 0x2a, 0x91, 0x05, 0xf7, 0xff, 0x97, 
  0x04, 0x00, 0x00, 0x14, 0x00, 0x00, 0x00, 0xb0, 0x00, 0xe0, 0x2a, 0x91, 0x01, 0xf7, 0xff, 0x97, 
  0x00, 0x00, 0x80, 0x52, 0xfd, 0x7b, 0xc2, 0xa8, 0xc0, 0x03, 0x5f, 0xd6, 0x00, 0x00, 0x00, 0x00, 
  0x00, 0x00, 0x00, 0x00, 0x00, 0x00, 0x00, 0x00, 0x72, 0x6f, 0x2e, 0x62, 0x75, 0x69, 0x6c, 0x64, 
  0x2e, 0x76, 0x65, 0x72, 0x73, 0x69, 0x6f, 0x6e, 0x2e, 0x73, 0x64, 0x6b, 0x00, 0x00, 0x00, 0x00, 
  0x2f, 0x61, 0x70, 0x65, 0x78, 0x2f, 0x63, 0x6f, 0x6d, 0x2e, 0x61, 0x6e, 0x64, 0x72, 0x6f, 0x69, 
  0x64, 0x2e, 0x72, 0x75, 0x6e, 0x74, 0x69, 0x6d, 0x65, 0x2f, 0x6c, 0x69, 0x62, 0x36, 0x34, 0x2f, 
  0x62, 0x69, 0x6f, 0x6e, 0x69, 0x63, 0x2f, 0x6c, 0x69, 0x62, 0x63, 0x2e, 0x73, 0x6f, 0x00, 0x00, 
  0x2f, 0x61, 0x70, 0x65, 0x78, 0x2f, 0x63, 0x6f, 0x6d, 0x2e, 0x61, 0x6e, 0x64, 0x72, 0x6f, 0x69, 
  0x64, 0x2e, 0x72, 0x75, 0x6e, 0x74, 0x69, 0x6d, 0x65, 0x2f, 0x62, 0x69, 0x6e, 0x2f, 0x6c, 0x69, 
  0x6e, 0x6b, 0x65, 0x72, 0x36, 0x34, 0x00, 0x00, 0x2f, 0x61, 0x70, 0x65, 0x78, 0x2f, 0x63, 0x6f, 
  0x6d, 0x2e, 0x61, 0x6e, 0x64, 0x72, 0x6f, 0x69, 0x64, 0x2e, 0x72, 0x75, 0x6e, 0x74, 0x69, 0x6d, 
  0x65, 0x2f, 0x6c, 0x69, 0x62, 0x36, 0x34, 0x2f, 0x62, 0x69, 0x6f, 0x6e, 0x69, 0x63, 0x2f, 0x6c, 
  0x69, 0x62, 0x64, 0x6c, 0x2e, 0x73, 0x6f, 0x00, 0x2f, 0x73, 0x79, 0x73, 0x74, 0x65, 0x6d, 0x2f, 
  0x6c, 0x69, 0x62, 0x36, 0x34, 0x2f, 0x6c, 0x69, 0x62, 0x63, 0x2e, 0x73, 0x6f, 0x00, 0x00, 0x00, 
  0x2f, 0x73, 0x79, 0x73, 0x74, 0x65, 0x6d, 0x2f, 0x62, 0x69, 0x6e, 0x2f, 0x6c, 0x69, 0x6e, 0x6b, 
  0x65, 0x72, 0x36, 0x34, 0x00, 0x00, 0x00, 0x00, 0x2f, 0x73, 0x79, 0x73, 0x74, 0x65, 0x6d, 0x2f, 
  0x6c, 0x69, 0x62, 0x36, 0x34, 0x2f, 0x6c, 0x69, 0x62, 0x64, 0x6c, 0x2e, 0x73, 0x6f, 0x00, 0x00, 
  0x5b, 0x2b, 0x5d, 0x20, 0x6c, 0x69, 0x62, 0x63, 0x5f, 0x70, 0x61, 0x74, 0x68, 0x20, 0x69, 0x73, 
  0x20, 0x25, 0x73, 0x0a, 0x00, 0x00, 0x00, 0x00, 0x5b, 0x2b, 0x5d, 0x20, 0x6c, 0x69, 0x6e, 0x6b, 
  0x65, 0x72, 0x5f, 0x70, 0x61, 0x74, 0x68, 0x20, 0x69, 0x73, 0x20, 0x25, 0x73, 0x0a, 0x00, 0x00, 
  0x5b, 0x2b, 0x5d, 0x20, 0x6c, 0x69, 0x62, 0x64, 0x6c, 0x5f, 0x70, 0x61, 0x74, 0x68, 0x20, 0x69, 
  0x73, 0x20, 0x25, 0x73, 0x0a, 0x00, 0x00, 0x00, 0x5b, 0x2b, 0x5d, 0x20, 0x73, 0x79, 0x73, 0x74, 
  0x65, 0x6d, 0x20, 0x6c, 0x69, 0x62, 0x73, 0x20, 0x69, 0x73, 0x20, 0x4f, 0x4b, 0x00, 0x00, 0x00, 
  0x2f, 0x73, 0x79, 0x73, 0x2f, 0x66, 0x73, 0x2f, 0x73, 0x65, 0x6c, 0x69, 0x6e, 0x75, 0x78, 0x00, 
  0x72, 0x00, 0x00, 0x00, 0x00, 0x00, 0x00, 0x00, 0x2f, 0x70, 0x72, 0x6f, 0x63, 0x2f, 0x66, 0x69, 
  0x6c, 0x65, 0x73, 0x79, 0x73, 0x74, 0x65, 0x6d, 0x73, 0x00, 0x00, 0x00, 0x00, 0x00, 0x00, 0x00, 
  0x73, 0x65, 0x6c, 0x69, 0x6e, 0x75, 0x78, 0x66, 0x73, 0x00, 0x00, 0x00, 0x00, 0x00, 0x00, 0x00, 
  0x2f, 0x70, 0x72, 0x6f, 0x63, 0x2f, 0x6d, 0x6f, 0x75, 0x6e, 0x74, 0x73, 0x00, 0x00, 0x00, 0x00, 
  0x73, 0x65, 0x6c, 0x69, 0x6e, 0x75, 0x78, 0x66, 0x73, 0x20, 0x00, 0x00, 0x00, 0x00, 0x00, 0x00, 
  0x5b, 0x2d, 0x5d, 0x20, 0x73, 0x65, 0x6c, 0x69, 0x6e, 0x75, 0x78, 0x5f, 0x6d, 0x6e, 0x74, 0x20, 
  0x69, 0x73, 0x20, 0x6e, 0x75, 0x6c, 0x6c, 0x70, 0x74, 0x72, 0x00, 0x00, 0x00, 0x00, 0x00, 0x00, 
  0x25, 0x73, 0x2f, 0x65, 0x6e, 0x66, 0x6f, 0x72, 0x63, 0x65, 0x00, 0x00, 0x00, 0x00, 0x00, 0x00, 
  0x5b, 0x2d, 0x5d, 0x20, 0x46, 0x61, 0x69, 0x6c, 0x65, 0x64, 0x20, 0x74, 0x6f, 0x20, 0x6f, 0x70, 
  0x65, 0x6e, 0x20, 0x65, 0x6e, 0x66, 0x6f, 0x72, 0x63, 0x65, 0x00, 0x00, 0x00, 0x00, 0x00, 0x00, 
  0x5b, 0x2d, 0x5d, 0x20, 0x53, 0x45, 0x4c, 0x69, 0x6e, 0x75, 0x78, 0x20, 0x72, 0x65, 0x74, 0x20, 
  0x65, 0x72, 0x72, 0x6f, 0x72, 0x00, 0x00, 0x00, 0x25, 0x64, 0x00, 0x00, 0x00, 0x00, 0x00, 0x00, 
  0x5b, 0x2d, 0x5d, 0x20, 0x73, 0x73, 0x63, 0x61, 0x6e, 0x66, 0x20, 0x65, 0x72, 0x72, 0x6f, 0x72, 
  0x00, 0x00, 0x00, 0x00, 0x00, 0x00, 0x00, 0x00, 0x5b, 0x2b, 0x5d, 0x20, 0x68, 0x61, 0x6e, 0x64, 
  0x6c, 0x65, 0x5f, 0x73, 0x65, 0x6c, 0x69, 0x6e, 0x75, 0x78, 0x5f, 0x69, 0x6e, 0x69, 0x74, 0x20, 
  0x69, 0x73, 0x20, 0x4f, 0x4b, 0x00, 0x00, 0x00, 0x2f, 0x70, 0x72, 0x6f, 0x63, 0x00, 0x00, 0x00, 
  0x2e, 0x00, 0x00, 0x00, 0x00, 0x00, 0x00, 0x00, 0x2e, 0x2e, 0x00, 0x00, 0x00, 0x00, 0x00, 0x00, 
  0x2f, 0x70, 0x72, 0x6f, 0x63, 0x2f, 0x25, 0x73, 0x2f, 0x63, 0x6d, 0x64, 0x6c, 0x69, 0x6e, 0x65, 
  0x00, 0x00, 0x00, 0x00, 0x00, 0x00, 0x00, 0x00, 0x25, 0x73, 0x00, 0x00, 0x00, 0x00, 0x00, 0x00, 
  0x5b, 0x2d, 0x5d, 0x20, 0x63, 0x72, 0x65, 0x61, 0x74, 0x65, 0x20, 0x74, 0x6d, 0x70, 0x20, 0x66, 
  0x69, 0x6c, 0x65, 0x20, 0x66, 0x61, 0x69, 0x6c, 0x65, 0x64, 0x2e, 0x00, 0x00, 0x00, 0x00, 0x00, 
  0x25, 0x73, 0x20, 0x3e, 0x20, 0x25, 0x73, 0x00, 0x5b, 0x2d, 0x5d, 0x20, 0x63, 0x61, 0x6e, 0x20, 
  0x6e, 0x6f, 0x74, 0x20, 0x6c, 0x6f, 0x61, 0x64, 0x20, 0x66, 0x69, 0x6c, 0x65, 0x21, 0x00, 0x00, 
  0x61, 0x6e, 0x64, 0x72, 0x6f, 0x69, 0x64, 0x2e, 0x69, 0x6e, 0x74, 0x65, 0x6e, 0x74, 0x2e, 0x61, 
  0x63, 0x74, 0x69, 0x6f, 0x6e, 0x2e, 0x4d, 0x41, 0x49, 0x4e, 0x00, 0x00, 0x00, 0x00, 0x00, 0x00, 
  0x20, 0x00, 0x00, 0x00, 0x00, 0x00, 0x00, 0x00, 0x64, 0x75, 0x6d, 0x70, 0x73, 0x79, 0x73, 0x20, 
  0x70, 0x61, 0x63, 0x6b, 0x61, 0x67, 0x65, 0x20, 0x00, 0x00, 0x00, 0x00, 0x00, 0x00, 0x00, 0x00, 
  0x00, 0x00, 0x00, 0x00, 0x00, 0x00, 0x00, 0x00, 0x00, 0x00, 0x00, 0x00, 0x00, 0x00, 0x00, 0x00, 
  0x00, 0x00, 0x00, 0x00, 0x00, 0x00, 0x00, 0x00, 0x00, 0x00, 0x00, 0x00, 0x00, 0x00, 0x00, 0x00, 
  0x00, 0x00, 0x00, 0x00, 0x00, 0x00, 0x00, 0x00, 0x00, 0x00, 0x00, 0x00, 0x00, 0x00, 0x00, 0x00, 
  0x00, 0x00, 0x00, 0x00, 0x00, 0x00, 0x00, 0x00, 0x00, 0x00, 0x00, 0x00, 0x00, 0x00, 0x00, 0x00, 
  0x00, 0x00, 0x00, 0x00, 0x00, 0x00, 0x00, 0x00, 0x00, 0x00, 0x00, 0x00, 0x00, 0x00, 0x00, 0x00, 
  0x00, 0x00, 0x00, 0x00, 0x00, 0x00, 0x00, 0x00, 0x00, 0x00, 0x00, 0x00, 0x00, 0x00, 0x00, 0x00, 
  0x00, 0x00, 0x00, 0x00, 0x00, 0x00, 0x00, 0x00, 0x00, 0x00, 0x00, 0x00, 0x00, 0x00, 0x00, 0x00, 
  0x00, 0x00, 0x00, 0x00, 0x00, 0x00, 0x00, 0x00, 0x00, 0x00, 0x00, 0x00, 0x00, 0x00, 0x00, 0x00, 
  0x00, 0x00, 0x00, 0x00, 0x00, 0x00, 0x00, 0x00, 0x00, 0x00, 0x00, 0x00, 0x00, 0x00, 0x00, 0x00, 
  0x00, 0x00, 0x00, 0x00, 0x00, 0x00, 0x00, 0x00, 0x00, 0x00, 0x00, 0x00, 0x00, 0x00, 0x00, 0x00, 
  0x00, 0x00, 0x00, 0x00, 0x00, 0x00, 0x00, 0x00, 0x00, 0x00, 0x00, 0x00, 0x00, 0x00, 0x00, 0x00, 
  0x00, 0x00, 0x00, 0x00, 0x00, 0x00, 0x00, 0x00, 0x00, 0x00, 0x00, 0x00, 0x00, 0x00, 0x00, 0x00, 
  0x00, 0x00, 0x00, 0x00, 0x00, 0x00, 0x00, 0x00, 0x00, 0x00, 0x00, 0x00, 0x00, 0x00, 0x00, 0x00, 
  0x00, 0x00, 0x00, 0x00, 0x00, 0x00, 0x00, 0x00, 0x00, 0x00, 0x00, 0x00, 0x00, 0x00, 0x00, 0x00, 
  0x00, 0x00, 0x00, 0x00, 0x00, 0x00, 0x00, 0x00, 0x00, 0x00, 0x00, 0x00, 0x00, 0x00, 0x00, 0x00, 
  0x00, 0x00, 0x00, 0x00, 0x00, 0x00, 0x00, 0x00, 0x00, 0x00, 0x00, 0x00, 0x00, 0x00, 0x00, 0x00, 
  0x00, 0x00, 0x00, 0x00, 0x00, 0x00, 0x00, 0x00, 0x00, 0x00, 0x00, 0x00, 0x00, 0x00, 0x00, 0x00, 
  0x00, 0x00, 0x00, 0x00, 0x00, 0x00, 0x00, 0x00, 0x00, 0x00, 0x00, 0x00, 0x00, 0x00, 0x00, 0x00, 
  0x00, 0x00, 0x00, 0x00, 0x00, 0x00, 0x00, 0x00, 0x00, 0x00, 0x00, 0x00, 0x00, 0x00, 0x00, 0x00, 
  0x00, 0x00, 0x00, 0x00, 0x00, 0x00, 0x00, 0x00, 0x00, 0x00, 0x00, 0x00, 0x00, 0x00, 0x00, 0x00, 
  0x00, 0x00, 0x00, 0x00, 0x00, 0x00, 0x00, 0x00, 0x00, 0x00, 0x00, 0x00, 0x00, 0x00, 0x00, 0x00, 
  0x00, 0x00, 0x00, 0x00, 0x00, 0x00, 0x00, 0x00, 0x00, 0x00, 0x00, 0x00, 0x00, 0x00, 0x00, 0x00, 
  0x00, 0x00, 0x00, 0x00, 0x00, 0x00, 0x00, 0x00, 0x00, 0x00, 0x00, 0x00, 0x00, 0x00, 0x00, 0x00, 
  0x00, 0x00, 0x00, 0x00, 0x00, 0x00, 0x00, 0x00, 0x00, 0x00, 0x00, 0x00, 0x00, 0x00, 0x00, 0x00, 
  0x00, 0x00, 0x00, 0x00, 0x00, 0x00, 0x00, 0x00, 0x00, 0x00, 0x00, 0x00, 0x00, 0x00, 0x00, 0x00, 
  0x00, 0x00, 0x00, 0x00, 0x00, 0x00, 0x00, 0x00, 0x00, 0x00, 0x00, 0x00, 0x00, 0x00, 0x00, 0x00, 
  0x00, 0x00, 0x00, 0x00, 0x00, 0x00, 0x00, 0x00, 0x00, 0x00, 0x00, 0x00, 0x00, 0x00, 0x00, 0x00, 
  0x00, 0x00, 0x00, 0x00, 0x00, 0x00, 0x00, 0x00, 0x00, 0x00, 0x00, 0x00, 0x00, 0x00, 0x00, 0x00, 
  0x00, 0x00, 0x00, 0x00, 0x00, 0x00, 0x00, 0x00, 0x00, 0x00, 0x00, 0x00, 0x00, 0x00, 0x00, 0x00, 
  0x00, 0x00, 0x00, 0x00, 0x00, 0x00, 0x00, 0x00, 0x00, 0x00, 0x00, 0x00, 0x00, 0x00, 0x00, 0x00, 
  0x00, 0x00, 0x00, 0x00, 0x00, 0x00, 0x00, 0x00, 0x00, 0x00, 0x00, 0x00, 0x00, 0x00, 0x00, 0x00, 
  0x00, 0x00, 0x00, 0x00, 0x00, 0x00, 0x00, 0x00, 0x00, 0x00, 0x00, 0x00, 0x00, 0x00, 0x00, 0x00, 
  0x00, 0x00, 0x00, 0x00, 0x00, 0x00, 0x00, 0x00, 0x00, 0x00, 0x00, 0x00, 0x00, 0x00, 0x00, 0x00, 
  0x00, 0x00, 0x00, 0x00, 0x00, 0x00, 0x00, 0x00, 0x00, 0x00, 0x00, 0x00, 0x00, 0x00, 0x00, 0x00, 
  0x00, 0x00, 0x00, 0x00, 0x00, 0x00, 0x00, 0x00, 0x00, 0x00, 0x00, 0x00, 0x00, 0x00, 0x00, 0x00, 
  0x00, 0x00, 0x00, 0x00, 0x00, 0x00, 0x00, 0x00, 0x00, 0x00, 0x00, 0x00, 0x00, 0x00, 0x00, 0x00, 
  0x00, 0x00, 0x00, 0x00, 0x00, 0x00, 0x00, 0x00, 0x00, 0x00, 0x00, 0x00, 0x00, 0x00, 0x00, 0x00, 
  0x00, 0x00, 0x00, 0x00, 0x00, 0x00, 0x00, 0x00, 0x00, 0x00, 0x00, 0x00, 0x00, 0x00, 0x00, 0x00, 
  0x00, 0x00, 0x00, 0x00, 0x00, 0x00, 0x00, 0x00, 0x00, 0x00, 0x00, 0x00, 0x00, 0x00, 0x00, 0x00, 
  0x00, 0x00, 0x00, 0x00, 0x00, 0x00, 0x00, 0x00, 0x00, 0x00, 0x00, 0x00, 0x00, 0x00, 0x00, 0x00, 
  0x00, 0x00, 0x00, 0x00, 0x00, 0x00, 0x00, 0x00, 0x00, 0x00, 0x00, 0x00, 0x00, 0x00, 0x00, 0x00, 
  0x00, 0x00, 0x00, 0x00, 0x00, 0x00, 0x00, 0x00, 0x00, 0x00, 0x00, 0x00, 0x00, 0x00, 0x00, 0x00, 
  0x00, 0x00, 0x00, 0x00, 0x00, 0x00, 0x00, 0x00, 0x00, 0x00, 0x00, 0x00, 0x00, 0x00, 0x00, 0x00, 
  0x00, 0x00, 0x00, 0x00, 0x00, 0x00, 0x00, 0x00, 0x00, 0x00, 0x00, 0x00, 0x00, 0x00, 0x00, 0x00, 
  0x00, 0x00, 0x00, 0x00, 0x00, 0x00, 0x00, 0x00, 0x00, 0x00, 0x00, 0x00, 0x00, 0x00, 0x00, 0x00, 
  0x00, 0x00, 0x00, 0x00, 0x00, 0x00, 0x00, 0x00, 0x00, 0x00, 0x00, 0x00, 0x00, 0x00, 0x00, 0x00, 
  0x00, 0x00, 0x00, 0x00, 0x00, 0x00, 0x00, 0x00, 0x00, 0x00, 0x00, 0x00, 0x00, 0x00, 0x00, 0x00, 
  0x00, 0x00, 0x00, 0x00, 0x00, 0x00, 0x00, 0x00, 0x00, 0x00, 0x00, 0x00, 0x00, 0x00, 0x00, 0x00, 
  0x00, 0x00, 0x00, 0x00, 0x00, 0x00, 0x00, 0x00, 0x00, 0x00, 0x00, 0x00, 0x00, 0x00, 0x00, 0x00, 
  0x00, 0x00, 0x00, 0x00, 0x00, 0x00, 0x00, 0x00, 0x00, 0x00, 0x00, 0x00, 0x00, 0x00, 0x00, 0x00, 
  0x00, 0x00, 0x00, 0x00, 0x00, 0x00, 0x00, 0x00, 0x00, 0x00, 0x00, 0x00, 0x00, 0x00, 0x00, 0x00, 
  0x00, 0x00, 0x00, 0x00, 0x00, 0x00, 0x00, 0x00, 0x00, 0x00, 0x00, 0x00, 0x00, 0x00, 0x00, 0x00, 
  0x00, 0x00, 0x00, 0x00, 0x00, 0x00, 0x00, 0x00, 0x00, 0x00, 0x00, 0x00, 0x00, 0x00, 0x00, 0x00, 
  0x00, 0x00, 0x00, 0x00, 0x00, 0x00, 0x00, 0x00, 0x00, 0x00, 0x00, 0x00, 0x00, 0x00, 0x00, 0x00, 
  0x00, 0x00, 0x00, 0x00, 0x00, 0x00, 0x00, 0x00, 0x00, 0x00, 0x00, 0x00, 0x00, 0x00, 0x00, 0x00, 
  0x00, 0x00, 0x00, 0x00, 0x00, 0x00, 0x00, 0x00, 0x00, 0x00, 0x00, 0x00, 0x00, 0x00, 0x00, 0x00, 
  0x00, 0x00, 0x00, 0x00, 0x00, 0x00, 0x00, 0x00, 0x00, 0x00, 0x00, 0x00, 0x00, 0x00, 0x00, 0x00, 
  0x00, 0x00, 0x00, 0x00, 0x00, 0x00, 0x00, 0x00, 0x00, 0x00, 0x00, 0x00, 0x00, 0x00, 0x00, 0x00, 
  0x00, 0x00, 0x00, 0x00, 0x00, 0x00, 0x00, 0x00, 0x00, 0x00, 0x00, 0x00, 0x00, 0x00, 0x00, 0x00, 
  0x00, 0x00, 0x00, 0x00, 0x00, 0x00, 0x00, 0x00, 0x00, 0x00, 0x00, 0x00, 0x00, 0x00, 0x00, 0x00, 
  0x00, 0x00, 0x00, 0x00, 0x00, 0x00, 0x00, 0x00, 0x00, 0x00, 0x00, 0x00, 0x00, 0x00, 0x00, 0x00, 
  0x00, 0x00, 0x00, 0x00, 0x00, 0x00, 0x00, 0x00, 0x00, 0x00, 0x00, 0x00, 0x00, 0x00, 0x00, 0x00, 
  0x00, 0x00, 0x00, 0x00, 0x00, 0x00, 0x00, 0x00, 0x74, 0x6d, 0x70, 0x5f, 0x58, 0x58, 0x58, 0x58, 
  0x58, 0x58, 0x00, 0x00, 0x00, 0x00, 0x00, 0x00, 0x5b, 0x2b, 0x5d, 0x20, 0x61, 0x70, 0x70, 0x5f, 
  0x73, 0x74, 0x61, 0x72, 0x74, 0x5f, 0x61, 0x63, 0x74, 0x69, 0x76, 0x69, 0x74, 0x79, 0x20, 0x69, 
  0x73, 0x20, 0x25, 0x73, 0x0a, 0x00, 0x00, 0x00, 0x5b, 0x2b, 0x5d, 0x20, 0x25, 0x73, 0x0a, 0x00, 
  0x61, 0x6d, 0x20, 0x73, 0x74, 0x61, 0x72, 0x74, 0x20, 0x00, 0x00, 0x00, 0x00, 0x00, 0x00, 0x00, 
  0x00, 0x00, 0x00, 0x00, 0x00, 0x00, 0x00, 0x00, 0x00, 0x00, 0x00, 0x00, 0x00, 0x00, 0x00, 0x00, 
  0x00, 0x00, 0x00, 0x00, 0x00, 0x00, 0x00, 0x00, 0x00, 0x00, 0x00, 0x00, 0x00, 0x00, 0x00, 0x00, 
  0x00, 0x00, 0x00, 0x00, 0x00, 0x00, 0x00, 0x00, 0x00, 0x00, 0x00, 0x00, 0x00, 0x00, 0x00, 0x00, 
  0x00, 0x00, 0x00, 0x00, 0x00, 0x00, 0x00, 0x00, 0x00, 0x00, 0x00, 0x00, 0x00, 0x00, 0x00, 0x00, 
  0x00, 0x00, 0x00, 0x00, 0x00, 0x00, 0x00, 0x00, 0x00, 0x00, 0x00, 0x00, 0x00, 0x00, 0x00, 0x00, 
  0x00, 0x00, 0x00, 0x00, 0x00, 0x00, 0x00, 0x00, 0x00, 0x00, 0x00, 0x00, 0x00, 0x00, 0x00, 0x00, 
  0x00, 0x00, 0x00, 0x00, 0x00, 0x00, 0x00, 0x00, 0x00, 0x00, 0x00, 0x00, 0x00, 0x00, 0x00, 0x00, 
  0x00, 0x00, 0x00, 0x00, 0x00, 0x00, 0x00, 0x00, 0x00, 0x00, 0x00, 0x00, 0x00, 0x00, 0x00, 0x00, 
  0x00, 0x00, 0x00, 0x00, 0x00, 0x00, 0x00, 0x00, 0x00, 0x00, 0x00, 0x00, 0x00, 0x00, 0x00, 0x00, 
  0x00, 0x00, 0x00, 0x00, 0x00, 0x00, 0x00, 0x00, 0x00, 0x00, 0x00, 0x00, 0x00, 0x00, 0x00, 0x00, 
  0x00, 0x00, 0x00, 0x00, 0x00, 0x00, 0x00, 0x00, 0x00, 0x00, 0x00, 0x00, 0x00, 0x00, 0x00, 0x00, 
  0x00, 0x00, 0x00, 0x00, 0x00, 0x00, 0x00, 0x00, 0x00, 0x00, 0x00, 0x00, 0x00, 0x00, 0x00, 0x00, 
  0x00, 0x00, 0x00, 0x00, 0x00, 0x00, 0x00, 0x00, 0x00, 0x00, 0x00, 0x00, 0x00, 0x00, 0x00, 0x00, 
  0x00, 0x00, 0x00, 0x00, 0x00, 0x00, 0x00, 0x00, 0x00, 0x00, 0x00, 0x00, 0x00, 0x00, 0x00, 0x00, 
  0x00, 0x00, 0x00, 0x00, 0x00, 0x00, 0x00, 0x00, 0x00, 0x00, 0x00, 0x00, 0x00, 0x00, 0x00, 0x00, 
  0x00, 0x00, 0x00, 0x00, 0x00, 0x00, 0x00, 0x00, 0x00, 0x00, 0x00, 0x00, 0x00, 0x00, 0x00, 0x00, 
  0x00, 0x00, 0x00, 0x00, 0x00, 0x00, 0x00, 0x00, 0x00, 0x00, 0x00, 0x00, 0x00, 0x00, 0x00, 0x00, 
  0x00, 0x00, 0x00, 0x00, 0x00, 0x00, 0x00, 0x00, 0x00, 0x00, 0x00, 0x00, 0x00, 0x00, 0x00, 0x00, 
  0x00, 0x00, 0x00, 0x00, 0x00, 0x00, 0x00, 0x00, 0x00, 0x00, 0x00, 0x00, 0x00, 0x00, 0x00, 0x00, 
  0x00, 0x00, 0x00, 0x00, 0x00, 0x00, 0x00, 0x00, 0x00, 0x00, 0x00, 0x00, 0x00, 0x00, 0x00, 0x00, 
  0x00, 0x00, 0x00, 0x00, 0x00, 0x00, 0x00, 0x00, 0x00, 0x00, 0x00, 0x00, 0x00, 0x00, 0x00, 0x00, 
  0x00, 0x00, 0x00, 0x00, 0x00, 0x00, 0x00, 0x00, 0x00, 0x00, 0x00, 0x00, 0x00, 0x00, 0x00, 0x00, 
  0x00, 0x00, 0x00, 0x00, 0x00, 0x00, 0x00, 0x00, 0x00, 0x00, 0x00, 0x00, 0x00, 0x00, 0x00, 0x00, 
  0x00, 0x00, 0x00, 0x00, 0x00, 0x00, 0x00, 0x00, 0x00, 0x00, 0x00, 0x00, 0x00, 0x00, 0x00, 0x00, 
  0x00, 0x00, 0x00, 0x00, 0x00, 0x00, 0x00, 0x00, 0x00, 0x00, 0x00, 0x00, 0x00, 0x00, 0x00, 0x00, 
  0x00, 0x00, 0x00, 0x00, 0x00, 0x00, 0x00, 0x00, 0x00, 0x00, 0x00, 0x00, 0x00, 0x00, 0x00, 0x00, 
  0x00, 0x00, 0x00, 0x00, 0x00, 0x00, 0x00, 0x00, 0x00, 0x00, 0x00, 0x00, 0x00, 0x00, 0x00, 0x00, 
  0x00, 0x00, 0x00, 0x00, 0x00, 0x00, 0x00, 0x00, 0x00, 0x00, 0x00, 0x00, 0x00, 0x00, 0x00, 0x00, 
  0x00, 0x00, 0x00, 0x00, 0x00, 0x00, 0x00, 0x00, 0x00, 0x00, 0x00, 0x00, 0x00, 0x00, 0x00, 0x00, 
  0x00, 0x00, 0x00, 0x00, 0x00, 0x00, 0x00, 0x00, 0x00, 0x00, 0x00, 0x00, 0x00, 0x00, 0x00, 0x00, 
  0x00, 0x00, 0x00, 0x00, 0x00, 0x00, 0x00, 0x00, 0x00, 0x00, 0x00, 0x00, 0x00, 0x00, 0x00, 0x00, 
  0x00, 0x00, 0x00, 0x00, 0x00, 0x00, 0x00, 0x00, 0x00, 0x00, 0x00, 0x00, 0x00, 0x00, 0x00, 0x00, 
  0x00, 0x00, 0x00, 0x00, 0x00, 0x00, 0x00, 0x00, 0x00, 0x00, 0x00, 0x00, 0x00, 0x00, 0x00, 0x00, 
  0x00, 0x00, 0x00, 0x00, 0x00, 0x00, 0x00, 0x00, 0x00, 0x00, 0x00, 0x00, 0x00, 0x00, 0x00, 0x00, 
  0x00, 0x00, 0x00, 0x00, 0x00, 0x00, 0x00, 0x00, 0x00, 0x00, 0x00, 0x00, 0x00, 0x00, 0x00, 0x00, 
  0x00, 0x00, 0x00, 0x00, 0x00, 0x00, 0x00, 0x00, 0x00, 0x00, 0x00, 0x00, 0x00, 0x00, 0x00, 0x00, 
  0x00, 0x00, 0x00, 0x00, 0x00, 0x00, 0x00, 0x00, 0x00, 0x00, 0x00, 0x00, 0x00, 0x00, 0x00, 0x00, 
  0x00, 0x00, 0x00, 0x00, 0x00, 0x00, 0x00, 0x00, 0x00, 0x00, 0x00, 0x00, 0x00, 0x00, 0x00, 0x00, 
  0x00, 0x00, 0x00, 0x00, 0x00, 0x00, 0x00, 0x00, 0x00, 0x00, 0x00, 0x00, 0x00, 0x00, 0x00, 0x00, 
  0x00, 0x00, 0x00, 0x00, 0x00, 0x00, 0x00, 0x00, 0x00, 0x00, 0x00, 0x00, 0x00, 0x00, 0x00, 0x00, 
  0x00, 0x00, 0x00, 0x00, 0x00, 0x00, 0x00, 0x00, 0x00, 0x00, 0x00, 0x00, 0x00, 0x00, 0x00, 0x00, 
  0x00, 0x00, 0x00, 0x00, 0x00, 0x00, 0x00, 0x00, 0x00, 0x00, 0x00, 0x00, 0x00, 0x00, 0x00, 0x00, 
  0x00, 0x00, 0x00, 0x00, 0x00, 0x00, 0x00, 0x00, 0x00, 0x00, 0x00, 0x00, 0x00, 0x00, 0x00, 0x00, 
  0x00, 0x00, 0x00, 0x00, 0x00, 0x00, 0x00, 0x00, 0x00, 0x00, 0x00, 0x00, 0x00, 0x00, 0x00, 0x00, 
  0x00, 0x00, 0x00, 0x00, 0x00, 0x00, 0x00, 0x00, 0x00, 0x00, 0x00, 0x00, 0x00, 0x00, 0x00, 0x00, 
  0x00, 0x00, 0x00, 0x00, 0x00, 0x00, 0x00, 0x00, 0x00, 0x00, 0x00, 0x00, 0x00, 0x00, 0x00, 0x00, 
  0x00, 0x00, 0x00, 0x00, 0x00, 0x00, 0x00, 0x00, 0x00, 0x00, 0x00, 0x00, 0x00, 0x00, 0x00, 0x00, 
  0x00, 0x00, 0x00, 0x00, 0x00, 0x00, 0x00, 0x00, 0x00, 0x00, 0x00, 0x00, 0x00, 0x00, 0x00, 0x00, 
  0x00, 0x00, 0x00, 0x00, 0x00, 0x00, 0x00, 0x00, 0x00, 0x00, 0x00, 0x00, 0x00, 0x00, 0x00, 0x00, 
  0x00, 0x00, 0x00, 0x00, 0x00, 0x00, 0x00, 0x00, 0x00, 0x00, 0x00, 0x00, 0x00, 0x00, 0x00, 0x00, 
  0x00, 0x00, 0x00, 0x00, 0x00, 0x00, 0x00, 0x00, 0x00, 0x00, 0x00, 0x00, 0x00, 0x00, 0x00, 0x00, 
  0x00, 0x00, 0x00, 0x00, 0x00, 0x00, 0x00, 0x00, 0x00, 0x00, 0x00, 0x00, 0x00, 0x00, 0x00, 0x00, 
  0x00, 0x00, 0x00, 0x00, 0x00, 0x00, 0x00, 0x00, 0x00, 0x00, 0x00, 0x00, 0x00, 0x00, 0x00, 0x00, 
  0x00, 0x00, 0x00, 0x00, 0x00, 0x00, 0x00, 0x00, 0x00, 0x00, 0x00, 0x00, 0x00, 0x00, 0x00, 0x00, 
  0x00, 0x00, 0x00, 0x00, 0x00, 0x00, 0x00, 0x00, 0x00, 0x00, 0x00, 0x00, 0x00, 0x00, 0x00, 0x00, 
  0x00, 0x00, 0x00, 0x00, 0x00, 0x00, 0x00, 0x00, 0x00, 0x00, 0x00, 0x00, 0x00, 0x00, 0x00, 0x00, 
  0x00, 0x00, 0x00, 0x00, 0x00, 0x00, 0x00, 0x00, 0x00, 0x00, 0x00, 0x00, 0x00, 0x00, 0x00, 0x00, 
  0x00, 0x00, 0x00, 0x00, 0x00, 0x00, 0x00, 0x00, 0x00, 0x00, 0x00, 0x00, 0x00, 0x00, 0x00, 0x00, 
  0x00, 0x00, 0x00, 0x00, 0x00, 0x00, 0x00, 0x00, 0x00, 0x00, 0x00, 0x00, 0x00, 0x00, 0x00, 0x00, 
  0x00, 0x00, 0x00, 0x00, 0x00, 0x00, 0x00, 0x00, 0x00, 0x00, 0x00, 0x00, 0x00, 0x00, 0x00, 0x00, 
  0x00, 0x00, 0x00, 0x00, 0x00, 0x00, 0x00, 0x00, 0x00, 0x00, 0x00, 0x00, 0x00, 0x00, 0x00, 0x00, 
  0x00, 0x00, 0x00, 0x00, 0x00, 0x00, 0x00, 0x00, 0x00, 0x00, 0x00, 0x00, 0x00, 0x00, 0x00, 0x00, 
  0x00, 0x00, 0x00, 0x00, 0x00, 0x00, 0x00, 0x00, 0x00, 0x00, 0x00, 0x00, 0x00, 0x00, 0x00, 0x00, 
  0x2f, 0x70, 0x72, 0x6f, 0x63, 0x2f, 0x73, 0x65, 0x6c, 0x66, 0x2f, 0x6d, 0x61, 0x70, 0x73, 0x00, 
  0x2f, 0x70, 0x72, 0x6f, 0x63, 0x2f, 0x25, 0x64, 0x2f, 0x6d, 0x61, 0x70, 0x73, 0x00, 0x00, 0x00, 
  0x2d, 0x00, 0x00, 0x00, 0x00, 0x00, 0x00, 0x00, 0x5b, 0x2b, 0x5d, 0x20, 0x5b, 0x67, 0x65, 0x74, 
  0x5f, 0x72, 0x65, 0x6d, 0x6f, 0x74, 0x65, 0x5f, 0x66, 0x75, 0x6e, 0x63, 0x5f, 0x61, 0x64, 0x64, 
  0x72, 0x5d, 0x20, 0x6c, 0x6d, 0x6f, 0x64, 0x3d, 0x30, 0x78, 0x25, 0x6c, 0x58, 0x2c, 0x20, 0x72, 
  0x6d, 0x6f, 0x64, 0x3d, 0x30, 0x78, 0x25, 0x6c, 0x58, 0x2c, 0x20, 0x6c, 0x66, 0x75, 0x6e, 0x63, 
  0x3d, 0x30, 0x78, 0x25, 0x6c, 0x58, 0x2c, 0x20, 0x72, 0x66, 0x75, 0x6e, 0x63, 0x3d, 0x30, 0x78, 
  0x25, 0x6c, 0x58, 0x0a, 0x00, 0x00, 0x00, 0x00, 0x5b, 0x2d, 0x5d, 0x20, 0x70, 0x74, 0x72, 0x61, 
  0x63, 0x65, 0x20, 0x61, 0x74, 0x74, 0x61, 0x63, 0x68, 0x20, 0x70, 0x72, 0x6f, 0x63, 0x65, 0x73, 
  0x73, 0x20, 0x65, 0x72, 0x72, 0x6f, 0x72, 0x2c, 0x20, 0x70, 0x69, 0x64, 0x3a, 0x25, 0x64, 0x2c, 
  0x20, 0x65, 0x72, 0x72, 0x3a, 0x25, 0x73, 0x0a, 0x00, 0x00, 0x00, 0x00, 0x00, 0x00, 0x00, 0x00, 
  0x5b, 0x2b, 0x5d, 0x20, 0x61, 0x74, 0x74, 0x61, 0x63, 0x68, 0x20, 0x70, 0x6f, 0x72, 0x63, 0x65, 
  0x73, 0x73, 0x20, 0x73, 0x75, 0x63, 0x63, 0x65, 0x73, 0x73, 0x2c, 0x20, 0x70, 0x69, 0x64, 0x3a, 
  0x25, 0x64, 0x0a, 0x00, 0x00, 0x00, 0x00, 0x00, 0x5b, 0x2d, 0x5d, 0x20, 0x70, 0x74, 0x72, 0x61, 
  0x63, 0x65, 0x20, 0x63, 0x6f, 0x6e, 0x74, 0x69, 0x6e, 0x75, 0x65, 0x20, 0x70, 0x72, 0x6f, 0x63, 
  0x65, 0x73, 0x73, 0x20, 0x65, 0x72, 0x72, 0x6f, 0x72, 0x2c, 0x20, 0x70, 0x69, 0x64, 0x3a, 0x25, 
  0x64, 0x2c, 0x20, 0x65, 0x72, 0x72, 0x3a, 0x25, 0x73, 0x73, 0x0a, 0x00, 0x00, 0x00, 0x00, 0x00, 
  0x5b, 0x2b, 0x5d, 0x20, 0x70, 0x74, 0x72, 0x61, 0x63, 0x65, 0x20, 0x63, 0x6f, 0x6e, 0x74, 0x69, 
  0x6e, 0x75, 0x65, 0x20, 0x70, 0x72, 0x6f, 0x63, 0x65, 0x73, 0x73, 0x20, 0x73, 0x75, 0x63, 0x63, 
  0x65, 0x73, 0x73, 0x2c, 0x20, 0x70, 0x69, 0x64, 0x3a, 0x25, 0x64, 0x0a, 0x00, 0x00, 0x00, 0x00, 
  0x5b, 0x2d, 0x5d, 0x20, 0x64, 0x65, 0x74, 0x61, 0x63, 0x68, 0x20, 0x70, 0x72, 0x6f, 0x63, 0x65, 
  0x73, 0x73, 0x20, 0x65, 0x72, 0x72, 0x6f, 0x72, 0x2c, 0x20, 0x70, 0x69, 0x64, 0x3a, 0x25, 0x64, 
  0x2c, 0x20, 0x65, 0x72, 0x72, 0x3a, 0x25, 0x73, 0x0a, 0x00, 0x00, 0x00, 0x00, 0x00, 0x00, 0x00, 
  0x5b, 0x2b, 0x5d, 0x20, 0x64, 0x65, 0x74, 0x61, 0x63, 0x68, 0x20, 0x70, 0x72, 0x6f, 0x63, 0x65, 
  0x73, 0x73, 0x20, 0x73, 0x75, 0x63, 0x63, 0x65, 0x73, 0x73, 0x2c, 0x20, 0x70, 0x69, 0x64, 0x3a, 
  0x25, 0x64, 0x0a, 0x00, 0x00, 0x00, 0x00, 0x00, 0x5b, 0x2d, 0x5d, 0x20, 0x70, 0x74, 0x72, 0x61, 
  0x63, 0x65, 0x5f, 0x67, 0x65, 0x74, 0x72, 0x65, 0x67, 0x73, 0x3a, 0x20, 0x43, 0x61, 0x6e, 0x20, 
  0x6e, 0x6f, 0x74, 0x20, 0x67, 0x65, 0x74, 0x20, 0x72, 0x65, 0x67, 0x69, 0x73, 0x74, 0x65, 0x72, 
  0x20, 0x76, 0x61, 0x6c, 0x75, 0x65, 0x73, 0x2c, 0x20, 0x69, 0x6f, 0x20, 0x25, 0x6c, 0x6c, 0x78, 
  0x2c, 0x20, 0x25, 0x64, 0x0a, 0x00, 0x00, 0x00, 0x5b, 0x2d, 0x5d, 0x20, 0x70, 0x74, 0x72, 0x61, 
  0x63, 0x65, 0x5f, 0x73, 0x65, 0x74, 0x72, 0x65, 0x67, 0x73, 0x3a, 0x20, 0x43, 0x61, 0x6e, 0x20, 
  0x6e, 0x6f, 0x74, 0x20, 0x67, 0x65, 0x74, 0x20, 0x72, 0x65, 0x67, 0x69, 0x73, 0x74, 0x65, 0x72, 
  0x20, 0x76, 0x61, 0x6c, 0x75, 0x65, 0x73, 0x00, 0x5b, 0x2b, 0x5d, 0x20, 0x6c, 0x69, 0x6e, 0x6b, 
  0x65, 0x72, 0x5f, 0x70, 0x61, 0x74, 0x68, 0x20, 0x76, 0x61, 0x6c, 0x75, 0x65, 0x3a, 0x25, 0x73, 
  0x0a, 0x00, 0x00, 0x00, 0x00, 0x00, 0x00, 0x00, 0x5b, 0x2b, 0x5d, 0x20, 0x64, 0x6c, 0x6f, 0x70, 
  0x65, 0x6e, 0x20, 0x52, 0x65, 0x6d, 0x6f, 0x74, 0x65, 0x46, 0x75, 0x6e, 0x63, 0x41, 0x64, 0x64, 
  0x72, 0x3a, 0x30, 0x78, 0x25, 0x6c, 0x78, 0x0a, 0x00, 0x00, 0x00, 0x00, 0x00, 0x00, 0x00, 0x00, 
  0x5b, 0x2b, 0x5d, 0x20, 0x64, 0x6c, 0x63, 0x6c, 0x6f, 0x73, 0x65, 0x20, 0x52, 0x65, 0x6d, 0x6f, 
  0x74, 0x65, 0x46, 0x75, 0x6e, 0x63, 0x41, 0x64, 0x64, 0x72, 0x3a, 0x30, 0x78, 0x25, 0x6c, 0x78, 
  0x0a, 0x00, 0x00, 0x00, 0x00, 0x00, 0x00, 0x00, 0x5b, 0x2b, 0x5d, 0x20, 0x64, 0x6c, 0x73, 0x79, 
  0x6d, 0x20, 0x52, 0x65, 0x6d, 0x6f, 0x74, 0x65, 0x46, 0x75, 0x6e, 0x63, 0x41, 0x64, 0x64, 0x72, 
  0x3a, 0x30, 0x78, 0x25, 0x6c, 0x78, 0x0a, 0x00, 0x5b, 0x2b, 0x5d, 0x20, 0x64, 0x6c, 0x65, 0x72, 
  0x72, 0x6f, 0x72, 0x20, 0x52, 0x65, 0x6d, 0x6f, 0x74, 0x65, 0x46, 0x75, 0x6e, 0x63, 0x41, 0x64, 
  0x64, 0x72, 0x3a, 0x30, 0x78, 0x25, 0x6c, 0x78, 0x0a, 0x00, 0x00, 0x00, 0x00, 0x00, 0x00, 0x00, 
  0x5b, 0x2d, 0x5d, 0x20, 0x57, 0x72, 0x69, 0x74, 0x65, 0x20, 0x52, 0x65, 0x6d, 0x6f, 0x74, 0x65, 
  0x20, 0x4d, 0x65, 0x6d, 0x6f, 0x72, 0x79, 0x20, 0x65, 0x72, 0x72, 0x6f, 0x72, 0x2c, 0x20, 0x4d, 
  0x65, 0x6d, 0x6f, 0x72, 0x79, 0x41, 0x64, 0x64, 0x72, 0x3a, 0x30, 0x78, 0x25, 0x6c, 0x78, 0x2c, 
  0x20, 0x65, 0x72, 0x72, 0x3a, 0x25, 0x73, 0x0a, 0x00, 0x00, 0x00, 0x00, 0x00, 0x00, 0x00, 0x00, 
  0x5b, 0x2d, 0x5d, 0x20, 0x70, 0x74, 0x72, 0x61, 0x63, 0x65, 0x20, 0x73, 0x65, 0x74, 0x20, 0x72, 
  0x65, 0x67, 0x73, 0x20, 0x6f, 0x72, 0x20, 0x63, 0x6f, 0x6e, 0x74, 0x69, 0x6e, 0x75, 0x65, 0x20, 
  0x65, 0x72, 0x72, 0x6f, 0x72, 0x2c, 0x20, 0x70, 0x69, 0x64, 0x3a, 0x25, 0x64, 0x0a, 0x00, 0x00, 
  0x5b, 0x2b, 0x5d, 0x20, 0x70, 0x74, 0x72, 0x61, 0x63, 0x65, 0x20, 0x63, 0x61, 0x6c, 0x6c, 0x20, 
  0x72, 0x65, 0x74, 0x20, 0x73, 0x74, 0x61, 0x74, 0x75, 0x73, 0x20, 0x69, 0x73, 0x20, 0x25, 0x64, 
  0x0a, 0x00, 0x00, 0x00, 0x00, 0x00, 0x00, 0x00, 0x5b, 0x2d, 0x5d, 0x20, 0x70, 0x74, 0x72, 0x61, 
  0x63, 0x65, 0x20, 0x63, 0x61, 0x6c, 0x6c, 0x20, 0x65, 0x72, 0x72, 0x6f, 0x72, 0x00, 0x00, 0x00, 
  0x5b, 0x2d, 0x5d, 0x20, 0x41, 0x66, 0x74, 0x65, 0x72, 0x20, 0x63, 0x61, 0x6c, 0x6c, 0x20, 0x67, 
  0x65, 0x74, 0x72, 0x65, 0x67, 0x73, 0x20, 0x65, 0x72, 0x72, 0x6f, 0x72, 0x00, 0x00, 0x00, 0x00, 
  0x5b, 0x2b, 0x5d, 0x20, 0x6d, 0x6d, 0x61, 0x70, 0x20, 0x52, 0x65, 0x6d, 0x6f, 0x74, 0x65, 0x46, 
  0x75, 0x6e, 0x63, 0x41, 0x64, 0x64, 0x72, 0x3a, 0x30, 0x78, 0x25, 0x6c, 0x78, 0x0a, 0x00, 0x00, 
  0x5b, 0x2d, 0x5d, 0x20, 0x43, 0x61, 0x6c, 0x6c, 0x20, 0x52, 0x65, 0x6d, 0x6f, 0x74, 0x65, 0x20, 
  0x6d, 0x6d, 0x61, 0x70, 0x20, 0x46, 0x75, 0x6e, 0x63, 0x20, 0x46, 0x61, 0x69, 0x6c, 0x65, 0x64, 
  0x2c, 0x20, 0x65, 0x72, 0x72, 0x3a, 0x25, 0x73, 0x0a, 0x00, 0x00, 0x00, 0x00, 0x00, 0x00, 0x00, 
  0x5b, 0x2b, 0x5d, 0x20, 0x70, 0x74, 0x72, 0x61, 0x63, 0x65, 0x5f, 0x63, 0x61, 0x6c, 0x6c, 0x20, 
  0x6d, 0x6d, 0x61, 0x70, 0x20, 0x73, 0x75, 0x63, 0x63, 0x65, 0x73, 0x73, 0x2c, 0x20, 0x72, 0x65, 
  0x74, 0x75, 0x72, 0x6e, 0x20, 0x76, 0x61, 0x6c, 0x75, 0x65, 0x3d, 0x25, 0x6c, 0x58, 0x2c, 0x20, 
  0x70, 0x63, 0x3d, 0x25, 0x6c, 0x58, 0x0a, 0x00, 0x5b, 0x2b, 0x5d, 0x20, 0x52, 0x65, 0x6d, 0x6f, 
  0x74, 0x65, 0x20, 0x50, 0x72, 0x6f, 0x63, 0x65, 0x73, 0x73, 0x20, 0x4d, 0x61, 0x70, 0x20, 0x4d, 
  0x65, 0x6d, 0x6f, 0x72, 0x79, 0x20, 0x41, 0x64, 0x64, 0x72, 0x3a, 0x30, 0x78, 0x25, 0x6c, 0x78, 
  0x0a, 0x00, 0x00, 0x00, 0x00, 0x00, 0x00, 0x00, 0x5b, 0x2b, 0x5d, 0x20, 0x47, 0x65, 0x74, 0x20, 
  0x69, 0x6d, 0x70, 0x6f, 0x72, 0x74, 0x73, 0x3a, 0x20, 0x64, 0x6c, 0x6f, 0x70, 0x65, 0x6e, 0x3a, 
  0x20, 0x25, 0x78, 0x2c, 0x20, 0x64, 0x6c, 0x73, 0x79, 0x6d, 0x3a, 0x20, 0x25, 0x78, 0x2c, 0x20, 
  0x64, 0x6c, 0x63, 0x6c, 0x6f, 0x73, 0x65, 0x3a, 0x20, 0x25, 0x78, 0x2c, 0x20, 0x64, 0x6c, 0x65, 
  0x72, 0x72, 0x6f, 0x72, 0x3a, 0x20, 0x25, 0x78, 0x0a, 0x00, 0x00, 0x00, 0x00, 0x00, 0x00, 0x00, 
  0x5b, 0x2b, 0x5d, 0x20, 0x4c, 0x69, 0x62, 0x50, 0x61, 0x74, 0x68, 0x20, 0x3d, 0x20, 0x25, 0x73, 
  0x0a, 0x00, 0x00, 0x00, 0x00, 0x00, 0x00, 0x00, 0x5b, 0x2d, 0x5d, 0x20, 0x57, 0x72, 0x69, 0x74, 
  0x65, 0x20, 0x4c, 0x69, 0x62, 0x50, 0x61, 0x74, 0x68, 0x3a, 0x25, 0x73, 0x20, 0x74, 0x6f, 0x20, 
  0x52, 0x65, 0x6d, 0x6f, 0x74, 0x65, 0x50, 0x72, 0x6f, 0x63, 0x65, 0x73, 0x73, 0x20, 0x65, 0x72, 
  0x72, 0x6f, 0x72, 0x0a, 0x00, 0x00, 0x00, 0x00, 0x5b, 0x2b, 0x5d, 0x20, 0x43, 0x61, 0x6c, 0x6c, 
  0x20, 0x52, 0x65, 0x6d, 0x6f, 0x74, 0x65, 0x20, 0x64, 0x6c, 0x6f, 0x70, 0x65, 0x6e, 0x20, 0x46, 
  0x75, 0x6e, 0x63, 0x20, 0x46, 0x61, 0x69, 0x6c, 0x65, 0x64, 0x00, 0x00, 0x00, 0x00, 0x00, 0x00, 
  0x5b, 0x2b, 0x5d, 0x20, 0x70, 0x74, 0x72, 0x61, 0x63, 0x65, 0x5f, 0x63, 0x61, 0x6c, 0x6c, 0x20, 
  0x64, 0x6c, 0x6f, 0x70, 0x65, 0x6e, 0x20, 0x73, 0x75, 0x63, 0x63, 0x65, 0x73, 0x73, 0x2c, 0x20, 
  0x52, 0x65, 0x6d, 0x6f, 0x74, 0x65, 0x20, 0x50, 0x72, 0x6f, 0x63, 0x65, 0x73, 0x73, 0x20, 0x6c, 
  0x6f, 0x61, 0x64, 0x20, 0x6d, 0x6f, 0x64, 0x75, 0x6c, 0x65, 0x20, 0x41, 0x64, 0x64, 0x72, 0x3a, 
  0x30, 0x78, 0x25, 0x6c, 0x78, 0x0a, 0x00, 0x00, 0x5b, 0x2d, 0x5d, 0x20, 0x64, 0x6c, 0x6f, 0x70, 
  0x65, 0x6e, 0x20, 0x65, 0x72, 0x72, 0x6f, 0x72, 0x00, 0x00, 0x00, 0x00, 0x00, 0x00, 0x00, 0x00, 
  0x5b, 0x2d, 0x5d, 0x20, 0x43, 0x61, 0x6c, 0x6c, 0x20, 0x52, 0x65, 0x6d, 0x6f, 0x74, 0x65, 0x20, 
  0x64, 0x6c, 0x65, 0x72, 0x72, 0x6f, 0x72, 0x20, 0x46, 0x75, 0x6e, 0x63, 0x20, 0x46, 0x61, 0x69, 
  0x6c, 0x65, 0x64, 0x00, 0x00, 0x00, 0x00, 0x00, 0x5b, 0x2d, 0x5d, 0x20, 0x64, 0x6c, 0x6f, 0x70, 
  0x65, 0x6e, 0x20, 0x65, 0x72, 0x72, 0x6f, 0x72, 0x3a, 0x25, 0x73, 0x0a, 0x00, 0x00, 0x00, 0x00, 
  0x73, 0x79, 0x6d, 0x62, 0x6f, 0x6c, 0x73, 0x00, 0x5b, 0x2b, 0x5d, 0x20, 0x66, 0x75, 0x6e, 0x63, 
  0x20, 0x73, 0x79, 0x6d, 0x62, 0x6f, 0x6c, 0x73, 0x20, 0x69, 0x73, 0x20, 0x25, 0x73, 0x0a, 0x00, 
  0x5b, 0x2b, 0x5d, 0x20, 0x48, 0x61, 0x76, 0x65, 0x20, 0x66, 0x75, 0x6e, 0x63, 0x20, 0x21, 0x21, 
  0x00, 0x00, 0x00, 0x00, 0x00, 0x00, 0x00, 0x00, 0x5b, 0x2d, 0x5d, 0x20, 0x57, 0x72, 0x69, 0x74, 
  0x65, 0x20, 0x46, 0x75, 0x6e, 0x63, 0x74, 0x69, 0x6f, 0x6e, 0x4e, 0x61, 0x6d, 0x65, 0x3a, 0x25, 
  0x73, 0x20, 0x74, 0x6f, 0x20, 0x52, 0x65, 0x6d, 0x6f, 0x74, 0x65, 0x50, 0x72, 0x6f, 0x63, 0x65, 
  0x73, 0x73, 0x20, 0x65, 0x72, 0x72, 0x6f, 0x72, 0x0a, 0x00, 0x00, 0x00, 0x00, 0x00, 0x00, 0x00, 
  0x5b, 0x2d, 0x5d, 0x20, 0x43, 0x61, 0x6c, 0x6c, 0x20, 0x52, 0x65, 0x6d, 0x6f, 0x74, 0x65, 0x20, 
  0x64, 0x6c, 0x73, 0x79, 0x6d, 0x20, 0x46, 0x75, 0x6e, 0x63, 0x20, 0x46, 0x61, 0x69, 0x6c, 0x65, 
  0x64, 0x00, 0x00, 0x00, 0x00, 0x00, 0x00, 0x00, 0x5b, 0x2b, 0x5d, 0x20, 0x70, 0x74, 0x72, 0x61, 
  0x63, 0x65, 0x5f, 0x63, 0x61, 0x6c, 0x6c, 0x20, 0x64, 0x6c, 0x73, 0x79, 0x6d, 0x20, 0x73, 0x75, 
  0x63, 0x63, 0x65, 0x73, 0x73, 0x2c, 0x20, 0x52, 0x65, 0x6d, 0x6f, 0x74, 0x65, 0x20, 0x50, 0x72, 
  0x6f, 0x63, 0x65, 0x73, 0x73, 0x20, 0x4d, 0x6f, 0x64, 0x75, 0x6c, 0x65, 0x46, 0x75, 0x6e, 0x63, 
  0x20, 0x41, 0x64, 0x64, 0x72, 0x3a, 0x30, 0x78, 0x25, 0x6c, 0x78, 0x0a, 0x00, 0x00, 0x00, 0x00, 
  0x5b, 0x2d, 0x5d, 0x20, 0x43, 0x61, 0x6c, 0x6c, 0x20, 0x52, 0x65, 0x6d, 0x6f, 0x74, 0x65, 0x20, 
  0x69, 0x6e, 0x6a, 0x65, 0x63, 0x74, 0x65, 0x64, 0x20, 0x46, 0x75, 0x6e, 0x63, 0x20, 0x46, 0x61, 
  0x69, 0x6c, 0x65, 0x64, 0x00, 0x00, 0x00, 0x00, 0x5b, 0x2b, 0x5d, 0x20, 0x4e, 0x6f, 0x20, 0x66, 
  0x75, 0x6e, 0x63, 0x20, 0x21, 0x21, 0x00, 0x00, 0x5b, 0x2d, 0x5d, 0x20, 0x52, 0x65, 0x63, 0x6f, 
  0x76, 0x65, 0x72, 0x20, 0x72, 0x65, 0x67, 0x65, 0x73, 0x20, 0x66, 0x61, 0x69, 0x6c, 0x65, 0x64, 
  0x00, 0x00, 0x00, 0x00, 0x00, 0x00, 0x00, 0x00, 0x5b, 0x2b, 0x5d, 0x20, 0x52, 0x65, 0x63, 0x6f, 
  0x76, 0x65, 0x72, 0x20, 0x52, 0x65, 0x67, 0x73, 0x20, 0x53, 0x75, 0x63, 0x63, 0x65, 0x73, 0x73, 
  0x00, 0x00, 0x00, 0x00, 0x00, 0x00, 0x00, 0x00, 0x5b, 0x2d, 0x5d, 0x20, 0x53, 0x65, 0x74, 0x20, 
  0x52, 0x65, 0x67, 0x73, 0x20, 0x45, 0x72, 0x72, 0x6f, 0x72, 0x00, 0x00, 0x00, 0x00, 0x00, 0x00, 
  0x45, 0x6e, 0x66, 0x6f, 0x72, 0x63, 0x69, 0x6e, 0x67, 0x00, 0x00, 0x00, 0x00, 0x00, 0x00, 0x00, 
  0x5b, 0x2b, 0x5d, 0x20, 0x53, 0x45, 0x4c, 0x69, 0x6e, 0x75, 0x78, 0x20, 0x68, 0x61, 0x73, 0x20, 
  0x62, 0x65, 0x65, 0x6e, 0x20, 0x72, 0x65, 0x63, 0x00, 0x00, 0x00, 0x00, 0x00, 0x00, 0x00, 0x00, 
  0x2d, 0x66, 0x00, 0x00, 0x00, 0x00, 0x00, 0x00, 0x2d, 0x70, 0x00, 0x00, 0x00, 0x00, 0x00, 0x00, 
  0x5b, 0x2d, 0x5d, 0x20, 0x4d, 0x69, 0x73, 0x73, 0x69, 0x6e, 0x67, 0x20, 0x70, 0x61, 0x72, 0x61, 
  0x6d, 0x65, 0x74, 0x65, 0x72, 0x20, 0x2d, 0x70, 0x00, 0x00, 0x00, 0x00, 0x00, 0x00, 0x00, 0x00, 
  0x2d, 0x6e, 0x00, 0x00, 0x00, 0x00, 0x00, 0x00, 0x5b, 0x2d, 0x5d, 0x20, 0x4d, 0x69, 0x73, 0x73, 
  0x69, 0x6e, 0x67, 0x20, 0x70, 0x61, 0x72, 0x61, 0x6d, 0x65, 0x74, 0x65, 0x72, 0x20, 0x2d, 0x6e, 
  0x00, 0x00, 0x00, 0x00, 0x00, 0x00, 0x00, 0x00, 0x2d, 0x73, 0x6f, 0x00, 0x00, 0x00, 0x00, 0x00, 
  0x5b, 0x2d, 0x5d, 0x20, 0x4d, 0x69, 0x73, 0x73, 0x69, 0x6e, 0x67, 0x20, 0x70, 0x61, 0x72, 0x61, 
  0x6d, 0x65, 0x74, 0x65, 0x72, 0x20, 0x2d, 0x73, 0x6f, 0x00, 0x00, 0x00, 0x00, 0x00, 0x00, 0x00, 
  0x2d, 0x73, 0x79, 0x6d, 0x62, 0x6f, 0x6c, 0x73, 0x00, 0x00, 0x00, 0x00, 0x00, 0x00, 0x00, 0x00, 
  0x5b, 0x2d, 0x5d, 0x20, 0x4d, 0x69, 0x73, 0x73, 0x69, 0x6e, 0x67, 0x20, 0x70, 0x61, 0x72, 0x61, 
  0x6d, 0x65, 0x74, 0x65, 0x72, 0x20, 0x2d, 0x66, 0x75, 0x6e, 0x63, 0x00, 0x00, 0x00, 0x00, 0x00, 
  0x5b, 0x2b, 0x5d, 0x20, 0x70, 0x6b, 0x67, 0x5f, 0x6e, 0x61, 0x6d, 0x65, 0x20, 0x69, 0x73, 0x20, 
  0x25, 0x73, 0x0a, 0x00, 0x00, 0x00, 0x00, 0x00, 0x5b, 0x2b, 0x5d, 0x20, 0x67, 0x65, 0x74, 0x5f, 
  0x70, 0x69, 0x64, 0x5f, 0x62, 0x79, 0x5f, 0x6e, 0x61, 0x6d, 0x65, 0x20, 0x70, 0x69, 0x64, 0x20, 
  0x69, 0x73, 0x20, 0x25, 0x64, 0x0a, 0x00, 0x00, 0x5b, 0x2d, 0x5d, 0x20, 0x6e, 0x6f, 0x74, 0x20, 
  0x66, 0x6f, 0x75, 0x6e, 0x64, 0x20, 0x74, 0x61, 0x72, 0x67, 0x65, 0x74, 0x20, 0x26, 0x20, 0x67, 
  0x65, 0x74, 0x5f, 0x70, 0x69, 0x64, 0x5f, 0x62, 0x79, 0x5f, 0x6e, 0x61, 0x6d, 0x65, 0x20, 0x70, 
  0x69, 0x64, 0x20, 0x66, 0x61, 0x69, 0x6c, 0x64, 0x20, 0x21, 0x00, 0x00, 0x00, 0x00, 0x00, 0x00, 
  0x5b, 0x2b, 0x5d, 0x20, 0x6c, 0x69, 0x62, 0x5f, 0x70, 0x61, 0x74, 0x68, 0x20, 0x69, 0x73, 0x20, 
  0x25, 0x73, 0x0a, 0x00, 0x00, 0x00, 0x00, 0x00, 0x5b, 0x2b, 0x5d, 0x20, 0x73, 0x79, 0x6d, 0x62, 
  0x6f, 0x6c, 0x73, 0x20, 0x69, 0x73, 0x20, 0x25, 0x73, 0x0a, 0x00, 0x00, 0x00, 0x00, 0x00, 0x00, 
  0x5b, 0x2b, 0x5d, 0x20, 0x68, 0x61, 0x6e, 0x64, 0x6c, 0x65, 0x5f, 0x70, 0x61, 0x72, 0x61, 0x6d, 
  0x65, 0x74, 0x65, 0x72, 0x20, 0x69, 0x73, 0x20, 0x4f, 0x4b, 0x00, 0x00, 0x00, 0x00, 0x00, 0x00, 
  0x5b, 0x2d, 0x5d, 0x20, 0x53, 0x45, 0x4c, 0x69, 0x6e, 0x75, 0x78, 0x20, 0x69, 0x73, 0x20, 0x45, 
  0x6e, 0x66, 0x6f, 0x72, 0x63, 0x69, 0x6e, 0x67, 0x00, 0x00, 0x00, 0x00, 0x00, 0x00, 0x00, 0x00, 
  0x5b, 0x2b, 0x5d, 0x20, 0x53, 0x65, 0x6c, 0x69, 0x6e, 0x75, 0x78, 0x20, 0x68, 0x61, 0x73, 0x20, 
  0x62, 0x65, 0x65, 0x6e, 0x20, 0x63, 0x68, 0x61, 0x6e, 0x67, 0x65, 0x64, 0x20, 0x74, 0x6f, 0x20, 
  0x50, 0x65, 0x72, 0x6d, 0x69, 0x73, 0x73, 0x69, 0x76, 0x65, 0x00, 0x00, 0x00, 0x00, 0x00, 0x00, 
  0x5b, 0x2b, 0x5d, 0x20, 0x53, 0x45, 0x4c, 0x69, 0x6e, 0x75, 0x78, 0x20, 0x69, 0x73, 0x20, 0x50, 
  0x65, 0x72, 0x6d, 0x69, 0x73, 0x73, 0x69, 0x76, 0x65, 0x20, 0x6f, 0x72, 0x20, 0x44, 0x69, 0x73, 
  0x61, 0x62, 0x6c, 0x65, 0x64, 0x00, 0x00, 0x00, 0x50, 0x65, 0x72, 0x6d, 0x69, 0x73, 0x73, 0x69, 
  0x76, 0x65, 0x00, 0x00, 0x00, 0x00, 0x00, 0x00, 0x5b, 0x2b, 0x5d, 0x20, 0xe5, 0xbc, 0x80, 0xe5, 
  0xa7, 0x8b, 0xe6, 0xb3, 0xa8, 0xe5, 0x85, 0xa5, 0x00, 0x00, 0x00, 0x00, 0x00, 0x00, 0x00, 0x00, 
  0x5b, 0x2b, 0x5d, 0x20, 0xe5, 0xae, 0x8c, 0xe6, 0x88, 0x90, 0xe6, 0xb3, 0xa8, 0xe5, 0x85, 0xa5, 
  0x00, 0x00, 0x00, 0x00, 0x00, 0x00, 0x00, 0x00, 0x5b, 0x2d, 0x5d, 0x20, 0xe6, 0xb3, 0xa8, 0xe5, 
  0x85, 0xa5, 0xe9, 0x94, 0x99, 0xe8, 0xaf, 0xaf, 0x00, 0x00, 0x00, 0x00, 0x01, 0x1b, 0x03, 0x3b, 
  0xe8, 0x00, 0x00, 0x00, 0x1c, 0x00, 0x00, 0x00, 0xfc, 0xc9, 0xff, 0xff, 0x00, 0x01, 0x00, 0x00, 
  0x10, 0xcb, 0xff, 0xff, 0x20, 0x01, 0x00, 0x00, 0x80, 0xcd, 0xff, 0xff, 0x44, 0x01, 0x00, 0x00, 
  0xc8, 0xce, 0xff, 0xff, 0x68, 0x01, 0x00, 0x00, 0xd4, 0xcf, 0xff, 0xff, 0x8c, 0x01, 0x00, 0x00, 
  0x74, 0xd1, 0xff, 0xff, 0xb0, 0x01, 0x00, 0x00, 0x70, 0xd3, 0xff, 0xff, 0xd4, 0x01, 0x00, 0x00, 
  0x28, 0xd4, 0xff, 0xff, 0xf8, 0x01, 0x00, 0x00, 0x70, 0xd5, 0xff, 0xff, 0x1c, 0x02, 0x00, 0x00, 
  0xe4, 0xd5, 0xff, 0xff, 0x3c, 0x02, 0x00, 0x00, 0x70, 0xd6, 0xff, 0xff, 0x5c, 0x02, 0x00, 0x00, 
  0xe4, 0xd6, 0xff, 0xff, 0x7c, 0x02, 0x00, 0x00, 0x58, 0xd7, 0xff, 0xff, 0x9c, 0x02, 0x00, 0x00, 
  0xe0, 0xd7, 0xff, 0xff, 0xbc, 0x02, 0x00, 0x00, 0x58, 0xd8, 0xff, 0xff, 0xdc, 0x02, 0x00, 0x00, 
  0x70, 0xd8, 0xff, 0xff, 0xf4, 0x02, 0x00, 0x00, 0x88, 0xd8, 0xff, 0xff, 0x0c, 0x03, 0x00, 0x00, 
  0xb8, 0xd8, 0xff, 0xff, 0x2c, 0x03, 0x00, 0x00, 0x78, 0xd9, 0xff, 0xff, 0x4c, 0x03, 0x00, 0x00, 
  0x1c, 0xda, 0xff, 0xff, 0x6c, 0x03, 0x00, 0x00, 0xc0, 0xda, 0xff, 0xff, 0x8c, 0x03, 0x00, 0x00, 
  0x64, 0xdb, 0xff, 0xff, 0xac, 0x03, 0x00, 0x00, 0x5c, 0xdc, 0xff, 0xff, 0xcc, 0x03, 0x00, 0x00, 
  0xe8, 0xdd, 0xff, 0xff, 0xf0, 0x03, 0x00, 0x00, 0x0c, 0xe1, 0xff, 0xff, 0x10, 0x04, 0x00, 0x00, 
  0x84, 0xe6, 0xff, 0xff, 0x38, 0x04, 0x00, 0x00, 0xf4, 0xe9, 0xff, 0xff, 0x58, 0x04, 0x00, 0x00, 
  0xec, 0xea, 0xff, 0xff, 0x78, 0x04, 0x00, 0x00, 0x10, 0x00, 0x00, 0x00, 0x00, 0x00, 0x00, 0x00, 
  0x01, 0x7a, 0x52, 0x00, 0x04, 0x78, 0x1e, 0x01, 0x1b, 0x0c, 0x1f, 0x00, 0x1c, 0x00, 0x00, 0x00, 
  0x18, 0x00, 0x00, 0x00, 0xf4, 0xc8, 0xff, 0xff, 0x14, 0x01, 0x00, 0x00, 0x00, 0x41, 0x0e, 0x30, 
  0x9d, 0x06, 0x9e, 0x05, 0x02, 0x43, 0xde, 0xdd, 0x0e, 0x00, 0x00, 0x00, 0x20, 0x00, 0x00, 0x00, 
  0x38, 0x00, 0x00, 0x00, 0xe8, 0xc9, 0xff, 0xff, 0x70, 0x02, 0x00, 0x00, 0x00, 0x41, 0x0e, 0xb0, 
  0x09, 0x41, 0x9d, 0x96, 0x01, 0x9e, 0x95, 0x01, 0x02, 0x99, 0xdd, 0xde, 0x0e, 0x00, 0x00, 0x00, 
  0x20, 0x00, 0x00, 0x00, 0x5c, 0x00, 0x00, 0x00, 0x34, 0xcc, 0xff, 0xff, 0x48, 0x01, 0x00, 0x00, 
  0x00, 0x42, 0x0e, 0xb0, 0x20, 0x41, 0x9d, 0x86, 0x04, 0x9e, 0x85, 0x04, 0x02, 0x4e, 0xdd, 0xde, 
  0x0e, 0x00, 0x00, 0x00, 0x20, 0x00, 0x00, 0x00, 0x80, 0x00, 0x00, 0x00, 0x58, 0xcd, 0xff, 0xff, 
  0x0c, 0x01, 0x00, 0x00, 0x00, 0x42, 0x0e, 0xd0, 0x20, 0x41, 0x9d, 0x8a, 0x04, 0x9e, 0x89, 0x04, 
  0x7f, 0xdd, 0xde, 0x0e, 0x00, 0x00, 0x00, 0x00, 0x20, 0x00, 0x00, 0x00, 0xa4, 0x00, 0x00, 0x00, 
  0x40, 0xce, 0xff, 0xff, 0xa0, 0x01, 0x00, 0x00, 0x00, 0x41, 0x0e, 0xb0, 0x09, 0x41, 0x9d, 0x96, 
  0x01, 0x9e, 0x95, 0x01, 0x02, 0x65, 0xdd, 0xde, 0x0e, 0x00, 0x00, 0x00, 0x20, 0x00, 0x00, 0x00, 
  0xc8, 0x00, 0x00, 0x00, 0xbc, 0xcf, 0xff, 0xff, 0xfc, 0x01, 0x00, 0x00, 0x00, 0x41, 0x0e, 0xd0, 
  0x18, 0x41, 0x9d, 0x8a, 0x03, 0x9e, 0x89, 0x03, 0x02, 0x7c, 0xdd, 0xde, 0x0e, 0x00, 0x00, 0x00, 
  0x20, 0x00, 0x00, 0x00, 0xec, 0x00, 0x00, 0x00, 0x94, 0xd1, 0xff, 0xff, 0xb8, 0x00, 0x00, 0x00, 
  0x00, 0x41, 0x0e, 0xa0, 0x10, 0x41, 0x9d, 0x84, 0x02, 0x9e, 0x83, 0x02, 0x6b, 0xdd, 0xde, 0x0e, 
  0x00, 0x00, 0x00, 0x00, 0x20, 0x00, 0x00, 0x00, 0x10, 0x01, 0x00, 0x00, 0x28, 0xd2, 0xff, 0xff, 
  0x48, 0x01, 0x00, 0x00, 0x00, 0x41, 0x0e, 0xf0, 0x08, 0x41, 0x9d, 0x8e, 0x01, 0x9e, 0x8d, 0x01, 
  0x02, 0x4f, 0xdd, 0xde, 0x0e, 0x00, 0x00, 0x00, 0x1c, 0x00, 0x00, 0x00, 0x34, 0x01, 0x00, 0x00, 
  0x4c, 0xd3, 0xff, 0xff, 0x74, 0x00, 0x00, 0x00, 0x00, 0x41, 0x0e, 0x50, 0x9d, 0x0a, 0x9e, 0x09, 
  0x5b, 0xde, 0xdd, 0x0e, 0x00, 0x00, 0x00, 0x00, 0x1c, 0x00, 0x00, 0x00, 0x54, 0x01, 0x00, 0x00, 
  0xa0, 0xd3, 0xff, 0xff, 0x8c, 0x00, 0x00, 0x00, 0x00, 0x41, 0x0e, 0x30, 0x9d, 0x06, 0x9e, 0x05, 
  0x61, 0xde, 0xdd, 0x0e, 0x00, 0x00, 0x00, 0x00, 0x1c, 0x00, 0x00, 0x00, 0x74, 0x01, 0x00, 0x00, 
  0x0c, 0xd4, 0xff, 0xff, 0x74, 0x00, 0x00, 0x00, 0x00, 0x41, 0x0e, 0x20, 0x9d, 0x04, 0x9e, 0x03, 
  0x5b, 0xde, 0xdd, 0x0e, 0x00, 0x00, 0x00, 0x00, 0x1c, 0x00, 0x00, 0x00, 0x94, 0x01, 0x00, 0x00, 
  0x60, 0xd4, 0xff, 0xff, 0x74, 0x00, 0x00, 0x00, 0x00, 0x41, 0x0e, 0x20, 0x9d, 0x04, 0x9e, 0x03, 
  0x5b, 0xde, 0xdd, 0x0e, 0x00, 0x00, 0x00, 0x00, 0x1c, 0x00, 0x00, 0x00, 0xb4, 0x01, 0x00, 0x00, 
  0xb4, 0xd4, 0xff, 0xff, 0x88, 0x00, 0x00, 0x00, 0x00, 0x41, 0x0e, 0x40, 0x9d, 0x08, 0x9e, 0x07, 
  0x60, 0xde, 0xdd, 0x0e, 0x00, 0x00, 0x00, 0x00, 0x1c, 0x00, 0x00, 0x00, 0xd4, 0x01, 0x00, 0x00, 
  0x1c, 0xd5, 0xff, 0xff, 0x78, 0x00, 0x00, 0x00, 0x00, 0x41, 0x0e, 0x40, 0x9d, 0x08, 0x9e, 0x07, 
  0x5c, 0xde, 0xdd, 0x0e, 0x00, 0x00, 0x00, 0x00, 0x14, 0x00, 0x00, 0x00, 0xf4, 0x01, 0x00, 0x00, 
  0x74, 0xd5, 0xff, 0xff, 0x18, 0x00, 0x00, 0x00, 0x00, 0x41, 0x0e, 0x10, 0x44, 0x0e, 0x00, 0x00, 
  0x14, 0x00, 0x00, 0x00, 0x0c, 0x02, 0x00, 0x00, 0x74, 0xd5, 0xff, 0xff, 0x18, 0x00, 0x00, 0x00, 
  0x00, 0x41, 0x0e, 0x10, 0x44, 0x0e, 0x00, 0x00, 0x1c, 0x00, 0x00, 0x00, 0x24, 0x02, 0x00, 0x00, 
  0x74, 0xd5, 0xff, 0xff, 0x30, 0x00, 0x00, 0x00, 0x00, 0x41, 0x0e, 0x20, 0x9d, 0x04, 0x9e, 0x03, 
  0x4a, 0xde, 0xdd, 0x0e, 0x00, 0x00, 0x00, 0x00, 0x1c, 0x00, 0x00, 0x00, 0x44, 0x02, 0x00, 0x00, 
  0x84, 0xd5, 0xff, 0xff, 0xc0, 0x00, 0x00, 0x00, 0x00, 0x41, 0x0e, 0x50, 0x9d, 0x0a, 0x9e, 0x09, 
  0x6e, 0xde, 0xdd, 0x0e, 0x00, 0x00, 0x00, 0x00, 0x1c, 0x00, 0x00, 0x00, 0x64, 0x02, 0x00, 0x00, 
  0x24, 0xd6, 0xff, 0xff, 0xa4, 0x00, 0x00, 0x00, 0x00, 0x41, 0x0e, 0x50, 0x9d, 0x0a, 0x9e, 0x09, 
  0x67, 0xde, 0xdd, 0x0e, 0x00, 0x00, 0x00, 0x00, 0x1c, 0x00, 0x00, 0x00, 0x84, 0x02, 0x00, 0x00, 
  0xa8, 0xd6, 0xff, 0xff, 0xa4, 0x00, 0x00, 0x00, 0x00, 0x41, 0x0e, 0x50, 0x9d, 0x0a, 0x9e, 0x09, 
  0x67, 0xde, 0xdd, 0x0e, 0x00, 0x00, 0x00, 0x00, 0x1c, 0x00, 0x00, 0x00, 0xa4, 0x02, 0x00, 0x00, 
  0x2c, 0xd7, 0xff, 0xff, 0xa4, 0x00, 0x00, 0x00, 0x00, 0x41, 0x0e, 0x50, 0x9d, 0x0a, 0x9e, 0x09, 
  0x67, 0xde, 0xdd, 0x0e, 0x00, 0x00, 0x00, 0x00, 0x1c, 0x00, 0x00, 0x00, 0xc4, 0x02, 0x00, 0x00, 
  0xb0, 0xd7, 0xff, 0xff, 0xf8, 0x00, 0x00, 0x00, 0x00, 0x41, 0x0e, 0x60, 0x9d, 0x0c, 0x9e, 0x0b, 
  0x7c, 0xde, 0xdd, 0x0e, 0x00, 0x00, 0x00, 0x00, 0x20, 0x00, 0x00, 0x00, 0xe4, 0x02, 0x00, 0x00, 
  0x88, 0xd8, 0xff, 0xff, 0x8c, 0x01, 0x00, 0x00, 0x00, 0x41, 0x0e, 0x70, 0x9d, 0x0e, 0x9e, 0x0d, 
  0x42, 0x93, 0x0c, 0x02, 0x5f, 0xde, 0xdd, 0xd3, 0x0e, 0x00, 0x00, 0x00, 0x1c, 0x00, 0x00, 0x00, 
  0x08, 0x03, 0x00, 0x00, 0xf0, 0xd9, 0xff, 0xff, 0x24, 0x03, 0x00, 0x00, 0x00, 0x41, 0x0e, 0x80, 
  0x01, 0x9d, 0x10, 0x9e, 0x0f, 0x02, 0xc7, 0xde, 0xdd, 0x0e, 0x00, 0x00, 0x24, 0x00, 0x00, 0x00, 
  0x28, 0x03, 0x00, 0x00, 0xf4, 0xdc, 0xff, 0xff, 0x78, 0x05, 0x00, 0x00, 0x00, 0x41, 0x0e, 0xe0, 
  0x0d, 0x41, 0x9d, 0xdc, 0x01, 0x9e, 0xdb, 0x01, 0x42, 0x93, 0xda, 0x01, 0x03, 0x59, 0x01, 0xdd, 
  0xde, 0xd3, 0x0e, 0x00, 0x1c, 0x00, 0x00, 0x00, 0x50, 0x03, 0x00, 0x00, 0x44, 0xe2, 0xff, 0xff, 
  0x70, 0x03, 0x00, 0x00, 0x00, 0x41, 0x0e, 0x50, 0x9d, 0x0a, 0x9e, 0x09, 0x02, 0xda, 0xde, 0xdd, 
  0x0e, 0x00, 0x00, 0x00, 0x1c, 0x00, 0x00, 0x00, 0x70, 0x03, 0x00, 0x00, 0x94, 0xe5, 0xff, 0xff, 
  0xf8, 0x00, 0x00, 0x00, 0x00, 0x41, 0x0e, 0x20, 0x9d, 0x04, 0x9e, 0x03, 0x7c, 0xde, 0xdd, 0x0e, 
  0x00, 0x00, 0x00, 0x00, 0x1c, 0x00, 0x00, 0x00, 0x90, 0x03, 0x00, 0x00, 0x6c, 0xe6, 0xff, 0xff, 
  0x64, 0x00, 0x00, 0x00, 0x00, 0x41, 0x0e, 0x20, 0x9d, 0x04, 0x9e, 0x03, 0x57, 0xde, 0xdd, 0x0e, 
  0x00, 0x00, 0x00, 0x00, 0x00, 0x00, 0x00, 0x00, 0x00, 0x00, 0x00, 0x00, 0x00, 0x00, 0x00, 0x00, 
  0x00, 0x00, 0x00, 0x00, 0x00, 0x00, 0x00, 0x00, 0x00, 0x00, 0x00, 0x00, 0x00, 0x00, 0x00, 0x00, 
  0x00, 0x00, 0x00, 0x00, 0x00, 0x00, 0x00, 0x00, 0x00, 0x00, 0x00, 0x00, 0x00, 0x00, 0x00, 0x00, 
  0x00, 0x00, 0x00, 0x00, 0x00, 0x00, 0x00, 0x00, 0x00, 0x00, 0x00, 0x00, 0x00, 0x00, 0x00, 0x00, 
  0x00, 0x00, 0x00, 0x00, 0x00, 0x00, 0x00, 0x00, 0x00, 0x00, 0x00, 0x00, 0x00, 0x00, 0x00, 0x00, 
  0x00, 0x00, 0x00, 0x00, 0x00, 0x00, 0x00, 0x00, 0x00, 0x00, 0x00, 0x00, 0x00, 0x00, 0x00, 0x00, 
  0x00, 0x00, 0x00, 0x00, 0x00, 0x00, 0x00, 0x00, 0x00, 0x00, 0x00, 0x00, 0x00, 0x00, 0x00, 0x00, 
  0x00, 0x00, 0x00, 0x00, 0x00, 0x00, 0x00, 0x00, 0x00, 0x00, 0x00, 0x00, 0x00, 0x00, 0x00, 0x00, 
  0x00, 0x00, 0x00, 0x00, 0x00, 0x00, 0x00, 0x00, 0x00, 0x00, 0x00, 0x00, 0x00, 0x00, 0x00, 0x00, 
  0x00, 0x00, 0x00, 0x00, 0x00, 0x00, 0x00, 0x00, 0x00, 0x00, 0x00, 0x00, 0x00, 0x00, 0x00, 0x00, 
  0x00, 0x00, 0x00, 0x00, 0x00, 0x00, 0x00, 0x00, 0x00, 0x00, 0x00, 0x00, 0x00, 0x00, 0x00, 0x00, 
  0x00, 0x00, 0x00, 0x00, 0x00, 0x00, 0x00, 0x00, 0x00, 0x00, 0x00, 0x00, 0x00, 0x00, 0x00, 0x00, 
  0x00, 0x00, 0x00, 0x00, 0x00, 0x00, 0x00, 0x00, 0x00, 0x00, 0x00, 0x00, 0x00, 0x00, 0x00, 0x00, 
  0x00, 0x00, 0x00, 0x00, 0x00, 0x00, 0x00, 0x00, 0x00, 0x00, 0x00, 0x00, 0x00, 0x00, 0x00, 0x00, 
  0x00, 0x00, 0x00, 0x00, 0x00, 0x00, 0x00, 0x00, 0x00, 0x00, 0x00, 0x00, 0x00, 0x00, 0x00, 0x00, 
  0x00, 0x00, 0x00, 0x00, 0x00, 0x00, 0x00, 0x00, 0x00, 0x00, 0x00, 0x00, 0x00, 0x00, 0x00, 0x00, 
  0x00, 0x00, 0x00, 0x00, 0x00, 0x00, 0x00, 0x00, 0x00, 0x00, 0x00, 0x00, 0x00, 0x00, 0x00, 0x00, 
  0x00, 0x00, 0x00, 0x00, 0x00, 0x00, 0x00, 0x00, 0x00, 0x00, 0x00, 0x00, 0x00, 0x00, 0x00, 0x00, 
  0x00, 0x00, 0x00, 0x00, 0x00, 0x00, 0x00, 0x00, 0x00, 0x00, 0x00, 0x00, 0x00, 0x00, 0x00, 0x00, 
  0x00, 0x00, 0x00, 0x00, 0x00, 0x00, 0x00, 0x00, 0x00, 0x00, 0x00, 0x00, 0x00, 0x00, 0x00, 0x00, 
  0x00, 0x00, 0x00, 0x00, 0x00, 0x00, 0x00, 0x00, 0x00, 0x00, 0x00, 0x00, 0x00, 0x00, 0x00, 0x00, 
  0x00, 0x00, 0x00, 0x00, 0x00, 0x00, 0x00, 0x00, 0x00, 0x00, 0x00, 0x00, 0x00, 0x00, 0x00, 0x00, 
  0x00, 0x00, 0x00, 0x00, 0x00, 0x00, 0x00, 0x00, 0x00, 0x00, 0x00, 0x00, 0x00, 0x00, 0x00, 0x00, 
  0x00, 0x00, 0x00, 0x00, 0x00, 0x00, 0x00, 0x00, 0x00, 0x00, 0x00, 0x00, 0x00, 0x00, 0x00, 0x00, 
  0x00, 0x00, 0x00, 0x00, 0x00, 0x00, 0x00, 0x00, 0x00, 0x00, 0x00, 0x00, 0x00, 0x00, 0x00, 0x00, 
  0x00, 0x00, 0x00, 0x00, 0x00, 0x00, 0x00, 0x00, 0x00, 0x00, 0x00, 0x00, 0x00, 0x00, 0x00, 0x00, 
  0x00, 0x00, 0x00, 0x00, 0x00, 0x00, 0x00, 0x00, 0x00, 0x00, 0x00, 0x00, 0x00, 0x00, 0x00, 0x00, 
  0x00, 0x00, 0x00, 0x00, 0x00, 0x00, 0x00, 0x00, 0x00, 0x00, 0x00, 0x00, 0x00, 0x00, 0x00, 0x00, 
  0x00, 0x00, 0x00, 0x00, 0x00, 0x00, 0x00, 0x00, 0x00, 0x00, 0x00, 0x00, 0x00, 0x00, 0x00, 0x00, 
  0x00, 0x00, 0x00, 0x00, 0x00, 0x00, 0x00, 0x00, 0x00, 0x00, 0x00, 0x00, 0x00, 0x00, 0x00, 0x00, 
  0x00, 0x00, 0x00, 0x00, 0x00, 0x00, 0x00, 0x00, 0x00, 0x00, 0x00, 0x00, 0x00, 0x00, 0x00, 0x00, 
  0x00, 0x00, 0x00, 0x00, 0x00, 0x00, 0x00, 0x00, 0x00, 0x00, 0x00, 0x00, 0x00, 0x00, 0x00, 0x00, 
  0x00, 0x00, 0x00, 0x00, 0x00, 0x00, 0x00, 0x00, 0x00, 0x00, 0x00, 0x00, 0x00, 0x00, 0x00, 0x00, 
  0x00, 0x00, 0x00, 0x00, 0x00, 0x00, 0x00, 0x00, 0x00, 0x00, 0x00, 0x00, 0x00, 0x00, 0x00, 0x00, 
  0x00, 0x00, 0x00, 0x00, 0x00, 0x00, 0x00, 0x00, 0x00, 0x00, 0x00, 0x00, 0x00, 0x00, 0x00, 0x00, 
  0x00, 0x00, 0x00, 0x00, 0x00, 0x00, 0x00, 0x00, 0x00, 0x00, 0x00, 0x00, 0x00, 0x00, 0x00, 0x00, 
  0x00, 0x00, 0x00, 0x00, 0x00, 0x00, 0x00, 0x00, 0x00, 0x00, 0x00, 0x00, 0x00, 0x00, 0x00, 0x00, 
  0x00, 0x00, 0x00, 0x00, 0x00, 0x00, 0x00, 0x00, 0x00, 0x00, 0x00, 0x00, 0x00, 0x00, 0x00, 0x00, 
  0x00, 0x00, 0x00, 0x00, 0x00, 0x00, 0x00, 0x00, 0x00, 0x00, 0x00, 0x00, 0x00, 0x00, 0x00, 0x00, 
  0x00, 0x00, 0x00, 0x00, 0x00, 0x00, 0x00, 0x00, 0x00, 0x00, 0x00, 0x00, 0x00, 0x00, 0x00, 0x00, 
  0x00, 0x00, 0x00, 0x00, 0x00, 0x00, 0x00, 0x00, 0x00, 0x00, 0x00, 0x00, 0x00, 0x00, 0x00, 0x00, 
  0x00, 0x00, 0x00, 0x00, 0x00, 0x00, 0x00, 0x00, 0x00, 0x00, 0x00, 0x00, 0x00, 0x00, 0x00, 0x00, 
  0x00, 0x00, 0x00, 0x00, 0x00, 0x00, 0x00, 0x00, 0x00, 0x00, 0x00, 0x00, 0x00, 0x00, 0x00, 0x00, 
  0x00, 0x00, 0x00, 0x00, 0x00, 0x00, 0x00, 0x00, 0x00, 0x00, 0x00, 0x00, 0x00, 0x00, 0x00, 0x00, 
  0x00, 0x00, 0x00, 0x00, 0x00, 0x00, 0x00, 0x00, 0x00, 0x00, 0x00, 0x00, 0x00, 0x00, 0x00, 0x00, 
  0x00, 0x00, 0x00, 0x00, 0x00, 0x00, 0x00, 0x00, 0x00, 0x00, 0x00, 0x00, 0x00, 0x00, 0x00, 0x00, 
  0x00, 0x00, 0x00, 0x00, 0x00, 0x00, 0x00, 0x00, 0x00, 0x00, 0x00, 0x00, 0x00, 0x00, 0x00, 0x00, 
  0x00, 0x00, 0x00, 0x00, 0x00, 0x00, 0x00, 0x00, 0x00, 0x00, 0x00, 0x00, 0x00, 0x00, 0x00, 0x00, 
  0x00, 0x00, 0x00, 0x00, 0x00, 0x00, 0x00, 0x00, 0x00, 0x00, 0x00, 0x00, 0x00, 0x00, 0x00, 0x00, 
  0x00, 0x00, 0x00, 0x00, 0x00, 0x00, 0x00, 0x00, 0x00, 0x00, 0x00, 0x00, 0x00, 0x00, 0x00, 0x00, 
  0x00, 0x00, 0x00, 0x00, 0x00, 0x00, 0x00, 0x00, 0x00, 0x00, 0x00, 0x00, 0x00, 0x00, 0x00, 0x00, 
  0x00, 0x00, 0x00, 0x00, 0x00, 0x00, 0x00, 0x00, 0x00, 0x00, 0x00, 0x00, 0x00, 0x00, 0x00, 0x00, 
  0x00, 0x00, 0x00, 0x00, 0x00, 0x00, 0x00, 0x00, 0x00, 0x00, 0x00, 0x00, 0x00, 0x00, 0x00, 0x00, 
  0x00, 0x00, 0x00, 0x00, 0x00, 0x00, 0x00, 0x00, 0x00, 0x00, 0x00, 0x00, 0x00, 0x00, 0x00, 0x00, 
  0x00, 0x00, 0x00, 0x00, 0x00, 0x00, 0x00, 0x00, 0x00, 0x00, 0x00, 0x00, 0x00, 0x00, 0x00, 0x00, 
  0x00, 0x00, 0x00, 0x00, 0x00, 0x00, 0x00, 0x00, 0x00, 0x00, 0x00, 0x00, 0x00, 0x00, 0x00, 0x00, 
  0x00, 0x00, 0x00, 0x00, 0x00, 0x00, 0x00, 0x00, 0x00, 0x00, 0x00, 0x00, 0x00, 0x00, 0x00, 0x00, 
  0x00, 0x00, 0x00, 0x00, 0x00, 0x00, 0x00, 0x00, 0x00, 0x00, 0x00, 0x00, 0x00, 0x00, 0x00, 0x00, 
  0x00, 0x00, 0x00, 0x00, 0x00, 0x00, 0x00, 0x00, 0x00, 0x00, 0x00, 0x00, 0x00, 0x00, 0x00, 0x00, 
  0x00, 0x00, 0x00, 0x00, 0x00, 0x00, 0x00, 0x00, 0x00, 0x00, 0x00, 0x00, 0x00, 0x00, 0x00, 0x00, 
  0x00, 0x00, 0x00, 0x00, 0x00, 0x00, 0x00, 0x00, 0x00, 0x00, 0x00, 0x00, 0x00, 0x00, 0x00, 0x00, 
  0x00, 0x00, 0x00, 0x00, 0x00, 0x00, 0x00, 0x00, 0x00, 0x00, 0x00, 0x00, 0x00, 0x00, 0x00, 0x00, 
  0x00, 0x00, 0x00, 0x00, 0x00, 0x00, 0x00, 0x00, 0x00, 0x00, 0x00, 0x00, 0x00, 0x00, 0x00, 0x00, 
  0x00, 0x00, 0x00, 0x00, 0x00, 0x00, 0x00, 0x00, 0x00, 0x00, 0x00, 0x00, 0x00, 0x00, 0x00, 0x00, 
  0x00, 0x00, 0x00, 0x00, 0x00, 0x00, 0x00, 0x00, 0x00, 0x00, 0x00, 0x00, 0x00, 0x00, 0x00, 0x00, 
  0x00, 0x00, 0x00, 0x00, 0x00, 0x00, 0x00, 0x00, 0x00, 0x00, 0x00, 0x00, 0x00, 0x00, 0x00, 0x00, 
  0x00, 0x00, 0x00, 0x00, 0x00, 0x00, 0x00, 0x00, 0x00, 0x00, 0x00, 0x00, 0x00, 0x00, 0x00, 0x00, 
  0x00, 0x00, 0x00, 0x00, 0x00, 0x00, 0x00, 0x00, 0x00, 0x00, 0x00, 0x00, 0x00, 0x00, 0x00, 0x00, 
  0x00, 0x00, 0x00, 0x00, 0x00, 0x00, 0x00, 0x00, 0x00, 0x00, 0x00, 0x00, 0x00, 0x00, 0x00, 0x00, 
  0x00, 0x00, 0x00, 0x00, 0x00, 0x00, 0x00, 0x00, 0x00, 0x00, 0x00, 0x00, 0x00, 0x00, 0x00, 0x00, 
  0x00, 0x00, 0x00, 0x00, 0x00, 0x00, 0x00, 0x00, 0x00, 0x00, 0x00, 0x00, 0x00, 0x00, 0x00, 0x00, 
  0x00, 0x00, 0x00, 0x00, 0x00, 0x00, 0x00, 0x00, 0x00, 0x00, 0x00, 0x00, 0x00, 0x00, 0x00, 0x00, 
  0x00, 0x00, 0x00, 0x00, 0x00, 0x00, 0x00, 0x00, 0x00, 0x00, 0x00, 0x00, 0x00, 0x00, 0x00, 0x00, 
  0x00, 0x00, 0x00, 0x00, 0x00, 0x00, 0x00, 0x00, 0x00, 0x00, 0x00, 0x00, 0x00, 0x00, 0x00, 0x00, 
  0x00, 0x00, 0x00, 0x00, 0x00, 0x00, 0x00, 0x00, 0x00, 0x00, 0x00, 0x00, 0x00, 0x00, 0x00, 0x00, 
  0x00, 0x00, 0x00, 0x00, 0x00, 0x00, 0x00, 0x00, 0x00, 0x00, 0x00, 0x00, 0x00, 0x00, 0x00, 0x00, 
  0x00, 0x00, 0x00, 0x00, 0x00, 0x00, 0x00, 0x00, 0x00, 0x00, 0x00, 0x00, 0x00, 0x00, 0x00, 0x00, 
  0x00, 0x00, 0x00, 0x00, 0x00, 0x00, 0x00, 0x00, 0x00, 0x00, 0x00, 0x00, 0x00, 0x00, 0x00, 0x00, 
  0x00, 0x00, 0x00, 0x00, 0x00, 0x00, 0x00, 0x00, 0x00, 0x00, 0x00, 0x00, 0x00, 0x00, 0x00, 0x00, 
  0x00, 0x00, 0x00, 0x00, 0x00, 0x00, 0x00, 0x00, 0x00, 0x00, 0x00, 0x00, 0x00, 0x00, 0x00, 0x00, 
  0x00, 0x00, 0x00, 0x00, 0x00, 0x00, 0x00, 0x00, 0x00, 0x00, 0x00, 0x00, 0x00, 0x00, 0x00, 0x00, 
  0x00, 0x00, 0x00, 0x00, 0x00, 0x00, 0x00, 0x00, 0x00, 0x00, 0x00, 0x00, 0x00, 0x00, 0x00, 0x00, 
  0x00, 0x00, 0x00, 0x00, 0x00, 0x00, 0x00, 0x00, 0x00, 0x00, 0x00, 0x00, 0x00, 0x00, 0x00, 0x00, 
  0x00, 0x00, 0x00, 0x00, 0x00, 0x00, 0x00, 0x00, 0x00, 0x00, 0x00, 0x00, 0x00, 0x00, 0x00, 0x00, 
  0x00, 0x00, 0x00, 0x00, 0x00, 0x00, 0x00, 0x00, 0x00, 0x00, 0x00, 0x00, 0x00, 0x00, 0x00, 0x00, 
  0x00, 0x00, 0x00, 0x00, 0x00, 0x00, 0x00, 0x00, 0x00, 0x00, 0x00, 0x00, 0x00, 0x00, 0x00, 0x00, 
  0x00, 0x00, 0x00, 0x00, 0x00, 0x00, 0x00, 0x00, 0x00, 0x00, 0x00, 0x00, 0x00, 0x00, 0x00, 0x00, 
  0x00, 0x00, 0x00, 0x00, 0x00, 0x00, 0x00, 0x00, 0x00, 0x00, 0x00, 0x00, 0x00, 0x00, 0x00, 0x00, 
  0x00, 0x00, 0x00, 0x00, 0x00, 0x00, 0x00, 0x00, 0x00, 0x00, 0x00, 0x00, 0x00, 0x00, 0x00, 0x00, 
  0x00, 0x00, 0x00, 0x00, 0x00, 0x00, 0x00, 0x00, 0x00, 0x00, 0x00, 0x00, 0x00, 0x00, 0x00, 0x00, 
  0x00, 0x00, 0x00, 0x00, 0x00, 0x00, 0x00, 0x00, 0x00, 0x00, 0x00, 0x00, 0x00, 0x00, 0x00, 0x00, 
  0x00, 0x00, 0x00, 0x00, 0x00, 0x00, 0x00, 0x00, 0x00, 0x00, 0x00, 0x00, 0x00, 0x00, 0x00, 0x00, 
  0x00, 0x00, 0x00, 0x00, 0x00, 0x00, 0x00, 0x00, 0x00, 0x00, 0x00, 0x00, 0x00, 0x00, 0x00, 0x00, 
  0x00, 0x00, 0x00, 0x00, 0x00, 0x00, 0x00, 0x00, 0x00, 0x00, 0x00, 0x00, 0x00, 0x00, 0x00, 0x00, 
  0x00, 0x00, 0x00, 0x00, 0x00, 0x00, 0x00, 0x00, 0x00, 0x00, 0x00, 0x00, 0x00, 0x00, 0x00, 0x00, 
  0x00, 0x00, 0x00, 0x00, 0x00, 0x00, 0x00, 0x00, 0x00, 0x00, 0x00, 0x00, 0x00, 0x00, 0x00, 0x00, 
  0x00, 0x00, 0x00, 0x00, 0x00, 0x00, 0x00, 0x00, 0x00, 0x00, 0x00, 0x00, 0x00, 0x00, 0x00, 0x00, 
  0x00, 0x00, 0x00, 0x00, 0x00, 0x00, 0x00, 0x00, 0x00, 0x00, 0x00, 0x00, 0x00, 0x00, 0x00, 0x00, 
  0x00, 0x00, 0x00, 0x00, 0x00, 0x00, 0x00, 0x00, 0x00, 0x00, 0x00, 0x00, 0x00, 0x00, 0x00, 0x00, 
  0x00, 0x00, 0x00, 0x00, 0x00, 0x00, 0x00, 0x00, 0x00, 0x00, 0x00, 0x00, 0x00, 0x00, 0x00, 0x00, 
  0x00, 0x00, 0x00, 0x00, 0x00, 0x00, 0x00, 0x00, 0x00, 0x00, 0x00, 0x00, 0x00, 0x00, 0x00, 0x00, 
  0x00, 0x00, 0x00, 0x00, 0x00, 0x00, 0x00, 0x00, 0x00, 0x00, 0x00, 0x00, 0x00, 0x00, 0x00, 0x00, 
  0x00, 0x00, 0x00, 0x00, 0x00, 0x00, 0x00, 0x00, 0x00, 0x00, 0x00, 0x00, 0x00, 0x00, 0x00, 0x00, 
  0x00, 0x00, 0x00, 0x00, 0x00, 0x00, 0x00, 0x00, 0x00, 0x00, 0x00, 0x00, 0x00, 0x00, 0x00, 0x00, 
  0x00, 0x00, 0x00, 0x00, 0x00, 0x00, 0x00, 0x00, 0x00, 0x00, 0x00, 0x00, 0x00, 0x00, 0x00, 0x00, 
  0x00, 0x00, 0x00, 0x00, 0x00, 0x00, 0x00, 0x00, 0x00, 0x00, 0x00, 0x00, 0x00, 0x00, 0x00, 0x00, 
  0x00, 0x00, 0x00, 0x00, 0x00, 0x00, 0x00, 0x00, 0x00, 0x00, 0x00, 0x00, 0x00, 0x00, 0x00, 0x00, 
  0x00, 0x00, 0x00, 0x00, 0x00, 0x00, 0x00, 0x00, 0x00, 0x00, 0x00, 0x00, 0x00, 0x00, 0x00, 0x00, 
  0x00, 0x00, 0x00, 0x00, 0x00, 0x00, 0x00, 0x00, 0x00, 0x00, 0x00, 0x00, 0x00, 0x00, 0x00, 0x00, 
  0x00, 0x00, 0x00, 0x00, 0x00, 0x00, 0x00, 0x00, 0x00, 0x00, 0x00, 0x00, 0x00, 0x00, 0x00, 0x00, 
  0x00, 0x00, 0x00, 0x00, 0x00, 0x00, 0x00, 0x00, 0x00, 0x00, 0x00, 0x00, 0x00, 0x00, 0x00, 0x00, 
  0x00, 0x00, 0x00, 0x00, 0x00, 0x00, 0x00, 0x00, 0x00, 0x00, 0x00, 0x00, 0x00, 0x00, 0x00, 0x00, 
  0x00, 0x00, 0x00, 0x00, 0x00, 0x00, 0x00, 0x00, 0x00, 0x00, 0x00, 0x00, 0x00, 0x00, 0x00, 0x00, 
  0x00, 0x00, 0x00, 0x00, 0x00, 0x00, 0x00, 0x00, 0x00, 0x00, 0x00, 0x00, 0x00, 0x00, 0x00, 0x00, 
  0x00, 0x00, 0x00, 0x00, 0x00, 0x00, 0x00, 0x00, 0x00, 0x00, 0x00, 0x00, 0x00, 0x00, 0x00, 0x00, 
  0x00, 0x00, 0x00, 0x00, 0x00, 0x00, 0x00, 0x00, 0x00, 0x00, 0x00, 0x00, 0x00, 0x00, 0x00, 0x00, 
  0x00, 0x00, 0x00, 0x00, 0x00, 0x00, 0x00, 0x00, 0x00, 0x00, 0x00, 0x00, 0x00, 0x00, 0x00, 0x00, 
  0x00, 0x00, 0x00, 0x00, 0x00, 0x00, 0x00, 0x00, 0x00, 0x00, 0x00, 0x00, 0x00, 0x00, 0x00, 0x00, 
  0x00, 0x00, 0x00, 0x00, 0x00, 0x00, 0x00, 0x00, 0x00, 0x00, 0x00, 0x00, 0x00, 0x00, 0x00, 0x00, 
  0x00, 0x00, 0x00, 0x00, 0x00, 0x00, 0x00, 0x00, 0x00, 0x00, 0x00, 0x00, 0x00, 0x00, 0x00, 0x00, 
  0x00, 0x00, 0x00, 0x00, 0x00, 0x00, 0x00, 0x00, 0x00, 0x00, 0x00, 0x00, 0x00, 0x00, 0x00, 0x00, 
  0x00, 0x00, 0x00, 0x00, 0x00, 0x00, 0x00, 0x00, 0x00, 0x00, 0x00, 0x00, 0x00, 0x00, 0x00, 0x00, 
  0x00, 0x00, 0x00, 0x00, 0x00, 0x00, 0x00, 0x00, 0x00, 0x00, 0x00, 0x00, 0x00, 0x00, 0x00, 0x00, 
  0x00, 0x00, 0x00, 0x00, 0x00, 0x00, 0x00, 0x00, 0x00, 0x00, 0x00, 0x00, 0x00, 0x00, 0x00, 0x00, 
  0x00, 0x00, 0x00, 0x00, 0x00, 0x00, 0x00, 0x00, 0x00, 0x00, 0x00, 0x00, 0x00, 0x00, 0x00, 0x00, 
  0x00, 0x00, 0x00, 0x00, 0x00, 0x00, 0x00, 0x00, 0x00, 0x00, 0x00, 0x00, 0x00, 0x00, 0x00, 0x00, 
  0x00, 0x00, 0x00, 0x00, 0x00, 0x00, 0x00, 0x00, 0x00, 0x00, 0x00, 0x00, 0x00, 0x00, 0x00, 0x00, 
  0x00, 0x00, 0x00, 0x00, 0x00, 0x00, 0x00, 0x00, 0x00, 0x00, 0x00, 0x00, 0x00, 0x00, 0x00, 0x00, 
  0x00, 0x00, 0x00, 0x00, 0x00, 0x00, 0x00, 0x00, 0x00, 0x00, 0x00, 0x00, 0x00, 0x00, 0x00, 0x00, 
  0x00, 0x00, 0x00, 0x00, 0x00, 0x00, 0x00, 0x00, 0x00, 0x00, 0x00, 0x00, 0x00, 0x00, 0x00, 0x00, 
  0x00, 0x00, 0x00, 0x00, 0x00, 0x00, 0x00, 0x00, 0x00, 0x00, 0x00, 0x00, 0x00, 0x00, 0x00, 0x00, 
  0x00, 0x00, 0x00, 0x00, 0x00, 0x00, 0x00, 0x00, 0x00, 0x00, 0x00, 0x00, 0x00, 0x00, 0x00, 0x00, 
  0x00, 0x00, 0x00, 0x00, 0x00, 0x00, 0x00, 0x00, 0x00, 0x00, 0x00, 0x00, 0x00, 0x00, 0x00, 0x00, 
  0x00, 0x00, 0x00, 0x00, 0x00, 0x00, 0x00, 0x00, 0x00, 0x00, 0x00, 0x00, 0x00, 0x00, 0x00, 0x00, 
  0x00, 0x00, 0x00, 0x00, 0x00, 0x00, 0x00, 0x00, 0x00, 0x00, 0x00, 0x00, 0x00, 0x00, 0x00, 0x00, 
  0x00, 0x00, 0x00, 0x00, 0x00, 0x00, 0x00, 0x00, 0x00, 0x00, 0x00, 0x00, 0x00, 0x00, 0x00, 0x00, 
  0x00, 0x00, 0x00, 0x00, 0x00, 0x00, 0x00, 0x00, 0x00, 0x00, 0x00, 0x00, 0x00, 0x00, 0x00, 0x00, 
  0x00, 0x00, 0x00, 0x00, 0x00, 0x00, 0x00, 0x00, 0x00, 0x00, 0x00, 0x00, 0x00, 0x00, 0x00, 0x00, 
  0x00, 0x00, 0x00, 0x00, 0x00, 0x00, 0x00, 0x00, 0x00, 0x00, 0x00, 0x00, 0x00, 0x00, 0x00, 0x00, 
  0x00, 0x00, 0x00, 0x00, 0x00, 0x00, 0x00, 0x00, 0x00, 0x00, 0x00, 0x00, 0x00, 0x00, 0x00, 0x00, 
  0x00, 0x00, 0x00, 0x00, 0x00, 0x00, 0x00, 0x00, 0x00, 0x00, 0x00, 0x00, 0x00, 0x00, 0x00, 0x00, 
  0x00, 0x00, 0x00, 0x00, 0x00, 0x00, 0x00, 0x00, 0x00, 0x00, 0x00, 0x00, 0x00, 0x00, 0x00, 0x00, 
  0x00, 0x00, 0x00, 0x00, 0x00, 0x00, 0x00, 0x00, 0x00, 0x00, 0x00, 0x00, 0x00, 0x00, 0x00, 0x00, 
  0x00, 0x00, 0x00, 0x00, 0x00, 0x00, 0x00, 0x00, 0x00, 0x00, 0x00, 0x00, 0x00, 0x00, 0x00, 0x00, 
  0x00, 0x00, 0x00, 0x00, 0x00, 0x00, 0x00, 0x00, 0x00, 0x00, 0x00, 0x00, 0x00, 0x00, 0x00, 0x00, 
  0x00, 0x00, 0x00, 0x00, 0x00, 0x00, 0x00, 0x00, 0x00, 0x00, 0x00, 0x00, 0x00, 0x00, 0x00, 0x00, 
  0x00, 0x00, 0x00, 0x00, 0x00, 0x00, 0x00, 0x00, 0x00, 0x00, 0x00, 0x00, 0x00, 0x00, 0x00, 0x00, 
  0x00, 0x00, 0x00, 0x00, 0x00, 0x00, 0x00, 0x00, 0x00, 0x00, 0x00, 0x00, 0x00, 0x00, 0x00, 0x00, 
  0x00, 0x00, 0x00, 0x00, 0x00, 0x00, 0x00, 0x00, 0x00, 0x00, 0x00, 0x00, 0x00, 0x00, 0x00, 0x00, 
  0x00, 0x00, 0x00, 0x00, 0x00, 0x00, 0x00, 0x00, 0x00, 0x00, 0x00, 0x00, 0x00, 0x00, 0x00, 0x00, 
  0x00, 0x00, 0x00, 0x00, 0x00, 0x00, 0x00, 0x00, 0x00, 0x00, 0x00, 0x00, 0x00, 0x00, 0x00, 0x00, 
  0x00, 0x00, 0x00, 0x00, 0x00, 0x00, 0x00, 0x00, 0x00, 0x00, 0x00, 0x00, 0x00, 0x00, 0x00, 0x00, 
  0x00, 0x00, 0x00, 0x00, 0x00, 0x00, 0x00, 0x00, 0x00, 0x00, 0x00, 0x00, 0x00, 0x00, 0x00, 0x00, 
  0x00, 0x00, 0x00, 0x00, 0x00, 0x00, 0x00, 0x00, 0x00, 0x00, 0x00, 0x00, 0x00, 0x00, 0x00, 0x00, 
  0x00, 0x00, 0x00, 0x00, 0x00, 0x00, 0x00, 0x00, 0x00, 0x00, 0x00, 0x00, 0x00, 0x00, 0x00, 0x00, 
  0x00, 0x00, 0x00, 0x00, 0x00, 0x00, 0x00, 0x00, 0x00, 0x00, 0x00, 0x00, 0x00, 0x00, 0x00, 0x00, 
  0x00, 0x00, 0x00, 0x00, 0x00, 0x00, 0x00, 0x00, 0x00, 0x00, 0x00, 0x00, 0x00, 0x00, 0x00, 0x00, 
  0x00, 0x00, 0x00, 0x00, 0x00, 0x00, 0x00, 0x00, 0x00, 0x00, 0x00, 0x00, 0x00, 0x00, 0x00, 0x00, 
  0x00, 0x00, 0x00, 0x00, 0x00, 0x00, 0x00, 0x00, 0x00, 0x00, 0x00, 0x00, 0x00, 0x00, 0x00, 0x00, 
  0x00, 0x00, 0x00, 0x00, 0x00, 0x00, 0x00, 0x00, 0x00, 0x00, 0x00, 0x00, 0x00, 0x00, 0x00, 0x00, 
  0x00, 0x00, 0x00, 0x00, 0x00, 0x00, 0x00, 0x00, 0x00, 0x00, 0x00, 0x00, 0x00, 0x00, 0x00, 0x00, 
  0x00, 0x00, 0x00, 0x00, 0x00, 0x00, 0x00, 0x00, 0x00, 0x00, 0x00, 0x00, 0x00, 0x00, 0x00, 0x00, 
  0x00, 0x00, 0x00, 0x00, 0x00, 0x00, 0x00, 0x00, 0x00, 0x00, 0x00, 0x00, 0x00, 0x00, 0x00, 0x00, 
  0x00, 0x00, 0x00, 0x00, 0x00, 0x00, 0x00, 0x00, 0x00, 0x00, 0x00, 0x00, 0x00, 0x00, 0x00, 0x00, 
  0x00, 0x00, 0x00, 0x00, 0x00, 0x00, 0x00, 0x00, 0x00, 0x00, 0x00, 0x00, 0x00, 0x00, 0x00, 0x00, 
  0x00, 0x00, 0x00, 0x00, 0x00, 0x00, 0x00, 0x00, 0x00, 0x00, 0x00, 0x00, 0x00, 0x00, 0x00, 0x00, 
  0x00, 0x00, 0x00, 0x00, 0x00, 0x00, 0x00, 0x00, 0x00, 0x00, 0x00, 0x00, 0x00, 0x00, 0x00, 0x00, 
  0x00, 0x00, 0x00, 0x00, 0x00, 0x00, 0x00, 0x00, 0x00, 0x00, 0x00, 0x00, 0x00, 0x00, 0x00, 0x00, 
  0x00, 0x00, 0x00, 0x00, 0x00, 0x00, 0x00, 0x00, 0x00, 0x00, 0x00, 0x00, 0x00, 0x00, 0x00, 0x00, 
  0x00, 0x00, 0x00, 0x00, 0x00, 0x00, 0x00, 0x00, 0x00, 0x00, 0x00, 0x00, 0x00, 0x00, 0x00, 0x00, 
  0x00, 0x00, 0x00, 0x00, 0x00, 0x00, 0x00, 0x00, 0x00, 0x00, 0x00, 0x00, 0x00, 0x00, 0x00, 0x00, 
  0x00, 0x00, 0x00, 0x00, 0x00, 0x00, 0x00, 0x00, 0x00, 0x00, 0x00, 0x00, 0x00, 0x00, 0x00, 0x00, 
  0x00, 0x00, 0x00, 0x00, 0x00, 0x00, 0x00, 0x00, 0x00, 0x00, 0x00, 0x00, 0x00, 0x00, 0x00, 0x00, 
  0x00, 0x00, 0x00, 0x00, 0x00, 0x00, 0x00, 0x00, 0x00, 0x00, 0x00, 0x00, 0x00, 0x00, 0x00, 0x00, 
  0x00, 0x00, 0x00, 0x00, 0x00, 0x00, 0x00, 0x00, 0x00, 0x00, 0x00, 0x00, 0x00, 0x00, 0x00, 0x00, 
  0x00, 0x00, 0x00, 0x00, 0x00, 0x00, 0x00, 0x00, 0x00, 0x00, 0x00, 0x00, 0x00, 0x00, 0x00, 0x00, 
  0x00, 0x00, 0x00, 0x00, 0x00, 0x00, 0x00, 0x00, 0x00, 0x00, 0x00, 0x00, 0x00, 0x00, 0x00, 0x00, 
  0x00, 0x00, 0x00, 0x00, 0x00, 0x00, 0x00, 0x00, 0x00, 0x00, 0x00, 0x00, 0x00, 0x00, 0x00, 0x00, 
  0x00, 0x00, 0x00, 0x00, 0x00, 0x00, 0x00, 0x00, 0x00, 0x00, 0x00, 0x00, 0x00, 0x00, 0x00, 0x00, 
  0x00, 0x00, 0x00, 0x00, 0x00, 0x00, 0x00, 0x00, 0x00, 0x00, 0x00, 0x00, 0x00, 0x00, 0x00, 0x00, 
  0x00, 0x00, 0x00, 0x00, 0x00, 0x00, 0x00, 0x00, 0x00, 0x00, 0x00, 0x00, 0x00, 0x00, 0x00, 0x00, 
  0x00, 0x00, 0x00, 0x00, 0x00, 0x00, 0x00, 0x00, 0x00, 0x00, 0x00, 0x00, 0x00, 0x00, 0x00, 0x00, 
  0x00, 0x00, 0x00, 0x00, 0x00, 0x00, 0x00, 0x00, 0x00, 0x00, 0x00, 0x00, 0x00, 0x00, 0x00, 0x00, 
  0x00, 0x00, 0x00, 0x00, 0x00, 0x00, 0x00, 0x00, 0x00, 0x00, 0x00, 0x00, 0x00, 0x00, 0x00, 0x00, 
  0x00, 0x00, 0x00, 0x00, 0x00, 0x00, 0x00, 0x00, 0x00, 0x00, 0x00, 0x00, 0x00, 0x00, 0x00, 0x00, 
  0x00, 0x00, 0x00, 0x00, 0x00, 0x00, 0x00, 0x00, 0x00, 0x00, 0x00, 0x00, 0x00, 0x00, 0x00, 0x00, 
  0x00, 0x00, 0x00, 0x00, 0x00, 0x00, 0x00, 0x00, 0x00, 0x00, 0x00, 0x00, 0x00, 0x00, 0x00, 0x00, 
  0x00, 0x00, 0x00, 0x00, 0x00, 0x00, 0x00, 0x00, 0x00, 0x00, 0x00, 0x00, 0x00, 0x00, 0x00, 0x00, 
  0x00, 0x00, 0x00, 0x00, 0x00, 0x00, 0x00, 0x00, 0x00, 0x00, 0x00, 0x00, 0x00, 0x00, 0x00, 0x00, 
  0x00, 0x00, 0x00, 0x00, 0x00, 0x00, 0x00, 0x00, 0x00, 0x00, 0x00, 0x00, 0x00, 0x00, 0x00, 0x00, 
  0x00, 0x00, 0x00, 0x00, 0x00, 0x00, 0x00, 0x00, 0x00, 0x00, 0x00, 0x00, 0x00, 0x00, 0x00, 0x00, 
  0x00, 0x00, 0x00, 0x00, 0x00, 0x00, 0x00, 0x00, 0x00, 0x00, 0x00, 0x00, 0x00, 0x00, 0x00, 0x00, 
  0x00, 0x00, 0x00, 0x00, 0x00, 0x00, 0x00, 0x00, 0x00, 0x00, 0x00, 0x00, 0x00, 0x00, 0x00, 0x00, 
  0x00, 0x00, 0x00, 0x00, 0x00, 0x00, 0x00, 0x00, 0x00, 0x00, 0x00, 0x00, 0x00, 0x00, 0x00, 0x00, 
  0x00, 0x00, 0x00, 0x00, 0x00, 0x00, 0x00, 0x00, 0x00, 0x00, 0x00, 0x00, 0x00, 0x00, 0x00, 0x00, 
  0x00, 0x00, 0x00, 0x00, 0x00, 0x00, 0x00, 0x00, 0x00, 0x00, 0x00, 0x00, 0x00, 0x00, 0x00, 0x00, 
  0xff, 0xff, 0xff, 0xff, 0xff, 0xff, 0xff, 0xff, 0x00, 0x00, 0x00, 0x00, 0x00, 0x00, 0x00, 0x00, 
  0xc8, 0x14, 0x00, 0x00, 0x00, 0x00, 0x00, 0x00, 0xdc, 0x15, 0x00, 0x00, 0x00, 0x00, 0x00, 0x00, 
  0x4c, 0x18, 0x00, 0x00, 0x00, 0x00, 0x00, 0x00, 0xff, 0xff, 0xff, 0xff, 0xff, 0xff, 0xff, 0xff, 
  0x00, 0x00, 0x00, 0x00, 0x00, 0x00, 0x00, 0x00, 0xff, 0xff, 0xff, 0xff, 0xff, 0xff, 0xff, 0xff, 
  0x00, 0x00, 0x00, 0x00, 0x00, 0x00, 0x00, 0x00, 0x01, 0x00, 0x00, 0x00, 0x00, 0x00, 0x00, 0x00, 
  0x01, 0x00, 0x00, 0x00, 0x00, 0x00, 0x00, 0x00, 0x01, 0x00, 0x00, 0x00, 0x00, 0x00, 0x00, 0x00, 
  0x0b, 0x00, 0x00, 0x00, 0x00, 0x00, 0x00, 0x00, 0x01, 0x00, 0x00, 0x00, 0x00, 0x00, 0x00, 0x00, 
  0x18, 0x00, 0x00, 0x00, 0x00, 0x00, 0x00, 0x00, 0x01, 0x00, 0x00, 0x00, 0x00, 0x00, 0x00, 0x00, 
  0x26, 0x00, 0x00, 0x00, 0x00, 0x00, 0x00, 0x00, 0x01, 0x00, 0x00, 0x00, 0x00, 0x00, 0x00, 0x00, 
  0x4c, 0x00, 0x00, 0x00, 0x00, 0x00, 0x00, 0x00, 0x01, 0x00, 0x00, 0x00, 0x00, 0x00, 0x00, 0x00, 
  0x56, 0x00, 0x00, 0x00, 0x00, 0x00, 0x00, 0x00, 0x01, 0x00, 0x00, 0x00, 0x00, 0x00, 0x00, 0x00, 
  0x5e, 0x00, 0x00, 0x00, 0x00, 0x00, 0x00, 0x00, 0x01, 0x00, 0x00, 0x00, 0x00, 0x00, 0x00, 0x00, 
  0x66, 0x00, 0x00, 0x00, 0x00, 0x00, 0x00, 0x00, 0x20, 0x00, 0x00, 0x00, 0x00, 0x00, 0x00, 0x00, 
  0xa0, 0x5b, 0x01, 0x00, 0x00, 0x00, 0x00, 0x00, 0x21, 0x00, 0x00, 0x00, 0x00, 0x00, 0x00, 0x00, 
  0x10, 0x00, 0x00, 0x00, 0x00, 0x00, 0x00, 0x00, 0x19, 0x00, 0x00, 0x00, 0x00, 0x00, 0x00, 0x00, 
  0xb0, 0x5b, 0x01, 0x00, 0x00, 0x00, 0x00, 0x00, 0x1b, 0x00, 0x00, 0x00, 0x00, 0x00, 0x00, 0x00, 
  0x28, 0x00, 0x00, 0x00, 0x00, 0x00, 0x00, 0x00, 0x1a, 0x00, 0x00, 0x00, 0x00, 0x00, 0x00, 0x00, 
  0xd8, 0x5b, 0x01, 0x00, 0x00, 0x00, 0x00, 0x00, 0x1c, 0x00, 0x00, 0x00, 0x00, 0x00, 0x00, 0x00, 
  0x10, 0x00, 0x00, 0x00, 0x00, 0x00, 0x00, 0x00, 0x04, 0x00, 0x00, 0x00, 0x00, 0x00, 0x00, 0x00, 
  0xe8, 0x02, 0x00, 0x00, 0x00, 0x00, 0x00, 0x00, 0x05, 0x00, 0x00, 0x00, 0x00, 0x00, 0x00, 0x00, 
  0xa8, 0x09, 0x00, 0x00, 0x00, 0x00, 0x00, 0x00, 0x06, 0x00, 0x00, 0x00, 0x00, 0x00, 0x00, 0x00, 
  0x68, 0x04, 0x00, 0x00, 0x00, 0x00, 0x00, 0x00, 0x0a, 0x00, 0x00, 0x00, 0x00, 0x00, 0x00, 0x00, 
  0xc6, 0x01, 0x00, 0x00, 0x00, 0x00, 0x00, 0x00, 0x0b, 0x00, 0x00, 0x00, 0x00, 0x00, 0x00, 0x00, 
  0x18, 0x00, 0x00, 0x00, 0x00, 0x00, 0x00, 0x00, 0x15, 0x00, 0x00, 0x00, 0x00, 0x00, 0x00, 0x00, 
  0x00, 0x00, 0x00, 0x00, 0x00, 0x00, 0x00, 0x00, 0x03, 0x00, 0x00, 0x00, 0x00, 0x00, 0x00, 0x00, 
  0x18, 0x5e, 0x01, 0x00, 0x00, 0x00, 0x00, 0x00, 0x02, 0x00, 0x00, 0x00, 0x00, 0x00, 0x00, 0x00, 
  0x38, 0x04, 0x00, 0x00, 0x00, 0x00, 0x00, 0x00, 0x14, 0x00, 0x00, 0x00, 0x00, 0x00, 0x00, 0x00, 
  0x07, 0x00, 0x00, 0x00, 0x00, 0x00, 0x00, 0x00, 0x17, 0x00, 0x00, 0x00, 0x00, 0x00, 0x00, 0x00, 
  0x20, 0x0d, 0x00, 0x00, 0x00, 0x00, 0x00, 0x00, 0x07, 0x00, 0x00, 0x00, 0x00, 0x00, 0x00, 0x00, 
  0x70, 0x0b, 0x00, 0x00, 0x00, 0x00, 0x00, 0x00, 0x08, 0x00, 0x00, 0x00, 0x00, 0x00, 0x00, 0x00, 
  0xb0, 0x01, 0x00, 0x00, 0x00, 0x00, 0x00, 0x00, 0x09, 0x00, 0x00, 0x00, 0x00, 0x00, 0x00, 0x00, 
  0x18, 0x00, 0x00, 0x00, 0x00, 0x00, 0x00, 0x00, 0x18, 0x00, 0x00, 0x00, 0x00, 0x00, 0x00, 0x00, 
  0x00, 0x00, 0x00, 0x00, 0x00, 0x00, 0x00, 0x00, 0xfb, 0xff, 0xff, 0x6f, 0x00, 0x00, 0x00, 0x00, 
  0x01, 0x00, 0x00, 0x00, 0x00, 0x00, 0x00, 0x00, 0xf9, 0xff, 0xff, 0x6f, 0x00, 0x00, 0x00, 0x00, 
  0x0d, 0x00, 0x00, 0x00, 0x00, 0x00, 0x00, 0x00, 0x00, 0x00, 0x00, 0x00, 0x00, 0x00, 0x00, 0x00, 
  0x00, 0x00, 0x00, 0x00, 0x00, 0x00, 0x00, 0x00, 0x00, 0x00, 0x00, 0x00, 0x00, 0x00, 0x00, 0x00, 
  0x00, 0x00, 0x00, 0x00, 0x00, 0x00, 0x00, 0x00, 0x00, 0x00, 0x00, 0x00, 0x00, 0x00, 0x00, 0x00, 
  0x00, 0x00, 0x00, 0x00, 0x00, 0x00, 0x00, 0x00, 0x00, 0x00, 0x00, 0x00, 0x00, 0x00, 0x00, 0x00, 
  0x00, 0x00, 0x00, 0x00, 0x00, 0x00, 0x00, 0x00, 0x00, 0x00, 0x00, 0x00, 0x00, 0x00, 0x00, 0x00, 
  0x00, 0x00, 0x00, 0x00, 0x00, 0x00, 0x00, 0x00, 0x00, 0x00, 0x00, 0x00, 0x00, 0x00, 0x00, 0x00, 
  0x00, 0x00, 0x00, 0x00, 0x00, 0x00, 0x00, 0x00, 0x00, 0x00, 0x00, 0x00, 0x00, 0x00, 0x00, 0x00, 
  0x60, 0x11, 0x00, 0x00, 0x00, 0x00, 0x00, 0x00, 0x60, 0x11, 0x00, 0x00, 0x00, 0x00, 0x00, 0x00, 
  0x60, 0x11, 0x00, 0x00, 0x00, 0x00, 0x00, 0x00, 0x60, 0x11, 0x00, 0x00, 0x00, 0x00, 0x00, 0x00, 
  0x60, 0x11, 0x00, 0x00, 0x00, 0x00, 0x00, 0x00, 0x60, 0x11, 0x00, 0x00, 0x00, 0x00, 0x00, 0x00, 
  0x60, 0x11, 0x00, 0x00, 0x00, 0x00, 0x00, 0x00, 0x60, 0x11, 0x00, 0x00, 0x00, 0x00, 0x00, 0x00, 
  0x60, 0x11, 0x00, 0x00, 0x00, 0x00, 0x00, 0x00, 0x60, 0x11, 0x00, 0x00, 0x00, 0x00, 0x00, 0x00, 
  0x60, 0x11, 0x00, 0x00, 0x00, 0x00, 0x00, 0x00, 0x60, 0x11, 0x00, 0x00, 0x00, 0x00, 0x00, 0x00, 
  0x60, 0x11, 0x00, 0x00, 0x00, 0x00, 0x00, 0x00, 0x60, 0x11, 0x00, 0x00, 0x00, 0x00, 0x00, 0x00, 
  0x60, 0x11, 0x00, 0x00, 0x00, 0x00, 0x00, 0x00, 0x60, 0x11, 0x00, 0x00, 0x00, 0x00, 0x00, 0x00, 
  0x60, 0x11, 0x00, 0x00, 0x00, 0x00, 0x00, 0x00, 0x60, 0x11, 0x00, 0x00, 0x00, 0x00, 0x00, 0x00, 
  0x60, 0x11, 0x00, 0x00, 0x00, 0x00, 0x00, 0x00, 0x60, 0x11, 0x00, 0x00, 0x00, 0x00, 0x00, 0x00, 
  0x60, 0x11, 0x00, 0x00, 0x00, 0x00, 0x00, 0x00, 0x60, 0x11, 0x00, 0x00, 0x00, 0x00, 0x00, 0x00, 
  0x60, 0x11, 0x00, 0x00, 0x00, 0x00, 0x00, 0x00, 0x60, 0x11, 0x00, 0x00, 0x00, 0x00, 0x00, 0x00, 
  0x60, 0x11, 0x00, 0x00, 0x00, 0x00, 0x00, 0x00, 0x60, 0x11, 0x00, 0x00, 0x00, 0x00, 0x00, 0x00, 
  0x60, 0x11, 0x00, 0x00, 0x00, 0x00, 0x00, 0x00, 0x60, 0x11, 0x00, 0x00, 0x00, 0x00, 0x00, 0x00, 
  0x60, 0x11, 0x00, 0x00, 0x00, 0x00, 0x00, 0x00, 0x60, 0x11, 0x00, 0x00, 0x00, 0x00, 0x00, 0x00, 
  0x60, 0x11, 0x00, 0x00, 0x00, 0x00, 0x00, 0x00, 0x60, 0x11, 0x00, 0x00, 0x00, 0x00, 0x00, 0x00, 
  0x60, 0x11, 0x00, 0x00, 0x00, 0x00, 0x00, 0x00, 0x60, 0x11, 0x00, 0x00, 0x00, 0x00, 0x00, 0x00, 
  0x60, 0x11, 0x00, 0x00, 0x00, 0x00, 0x00, 0x00, 0x60, 0x11, 0x00, 0x00, 0x00, 0x00, 0x00, 0x00, 
  0x60, 0x11, 0x00, 0x00, 0x00, 0x00, 0x00, 0x00, 0x60, 0x11, 0x00, 0x00, 0x00, 0x00, 0x00, 0x00, 
  0x60, 0x11, 0x00, 0x00, 0x00, 0x00, 0x00, 0x00, 0x60, 0x11, 0x00, 0x00, 0x00, 0x00, 0x00, 0x00, 
  0x60, 0x11, 0x00, 0x00, 0x00, 0x00, 0x00, 0x00, 0x60, 0x11, 0x00, 0x00, 0x00, 0x00, 0x00, 0x00, 
  0x60, 0x11, 0x00, 0x00, 0x00, 0x00, 0x00, 0x00, 0x60, 0x11, 0x00, 0x00, 0x00, 0x00, 0x00, 0x00, 
  0x60, 0x11, 0x00, 0x00, 0x00, 0x00, 0x00, 0x00, 0xe8, 0x5b, 0x01, 0x00, 0x00, 0x00, 0x00, 0x00, 
  0x00, 0x00, 0x00, 0x00, 0x00, 0x00, 0x00, 0x00, 0xd8, 0x5b, 0x01, 0x00, 0x00, 0x00, 0x00, 0x00, 
  0x00, 0x00, 0x00, 0x00, 0x00, 0x00, 0x00, 0x00, 0x00, 0x00, 0x00, 0x00, 0x00, 0x00, 0x00, 0x00, 
  0xc8, 0x5b, 0x01, 0x00, 0x00, 0x00, 0x00, 0x00, 0x10, 0x60, 0x01, 0x00, 0x00, 0x00, 0x00, 0x00, 
  0x00, 0x00, 0x00, 0x00, 0x00, 0x00, 0x00, 0x00, 0x00, 0x00, 0x00, 0x00, 0x00, 0x00, 0x00, 0x00, 
  0xb8, 0x35, 0x00, 0x00, 0x00, 0x00, 0x00, 0x00, 0xa0, 0x5b, 0x01, 0x00, 0x00, 0x00, 0x00, 0x00, 
  0x00, 0x60, 0x01, 0x00, 0x00, 0x00, 0x00, 0x00, 0x18, 0x6c, 0x01, 0x00, 0x00, 0x00, 0x00, 0x00, 
  0x00, 0x00, 0x00, 0x00, 0x00, 0x00, 0x00, 0x00, 0xff, 0xff, 0xff, 0xff, 0x00, 0x00, 0x00, 0x00, 
  0x00, 0x00, 0x00, 0x00, 0x00, 0x00, 0x00, 0x00, 0x00, 0x00, 0x00, 0x00, 0x00, 0x00, 0x00, 0x00, 
  0x00, 0x00, 0x00, 0x00, 0x00, 0x00, 0x00, 0x00, 0x00, 0x00, 0x00, 0x00, 0x00, 0x00, 0x00, 0x00, 
  0x00, 0x00, 0x00, 0x00, 0x00, 0x00, 0x00, 0x00, 0x00, 0x00, 0x00, 0x00, 0x00, 0x00, 0x00, 0x00, 
  0x00, 0x00, 0x00, 0x00, 0x00, 0x00, 0x00, 0x00, 0x00, 0x00, 0x00, 0x00, 0x00, 0x00, 0x00, 0x00, 
  0x00, 0x00, 0x00, 0x00, 0x00, 0x00, 0x00, 0x00, 0x00, 0x00, 0x00, 0x00, 0x00, 0x00, 0x00, 0x00, 
  0x00, 0x00, 0x00, 0x00, 0x00, 0x00, 0x00, 0x00, 0x00, 0x00, 0x00, 0x00, 0x00, 0x00, 0x00, 0x00, 
  0x00, 0x00, 0x00, 0x00, 0x00, 0x00, 0x00, 0x00, 0x00, 0x00, 0x00, 0x00, 0x00, 0x00, 0x00, 0x00, 
  0x00, 0x00, 0x00, 0x00, 0x00, 0x00, 0x00, 0x00, 0x00, 0x00, 0x00, 0x00, 0x00, 0x00, 0x00, 0x00, 
  0x00, 0x00, 0x00, 0x00, 0x00, 0x00, 0x00, 0x00, 0x00, 0x00, 0x00, 0x00, 0x00, 0x00, 0x00, 0x00, 
  0x00, 0x00, 0x00, 0x00, 0x00, 0x00, 0x00, 0x00, 0x00, 0x00, 0x00, 0x00, 0x00, 0x00, 0x00, 0x00, 
  0x00, 0x00, 0x00, 0x00, 0x00, 0x00, 0x00, 0x00, 0x00, 0x00, 0x00, 0x00, 0x00, 0x00, 0x00, 0x00, 
  0x00, 0x00, 0x00, 0x00, 0x00, 0x00, 0x00, 0x00, 0x00, 0x00, 0x00, 0x00, 0x00, 0x00, 0x00, 0x00, 
  0x00, 0x00, 0x00, 0x00, 0x00, 0x00, 0x00, 0x00, 0x00, 0x00, 0x00, 0x00, 0x00, 0x00, 0x00, 0x00, 
  0x00, 0x00, 0x00, 0x00, 0x00, 0x00, 0x00, 0x00, 0x00, 0x00, 0x00, 0x00, 0x00, 0x00, 0x00, 0x00, 
  0x00, 0x00, 0x00, 0x00, 0x00, 0x00, 0x00, 0x00, 0x00, 0x00, 0x00, 0x00, 0x00, 0x00, 0x00, 0x00, 
  0x00, 0x00, 0x00, 0x00, 0x00, 0x00, 0x00, 0x00, 0x00, 0x00, 0x00, 0x00, 0x00, 0x00, 0x00, 0x00, 
  0x00, 0x00, 0x00, 0x00, 0x00, 0x00, 0x00, 0x00, 0x00, 0x00, 0x00, 0x00, 0x00, 0x00, 0x00, 0x00, 
  0x00, 0x00, 0x00, 0x00, 0x00, 0x00, 0x00, 0x00, 0x00, 0x00, 0x00, 0x00, 0x00, 0x00, 0x00, 0x00, 
  0x00, 0x00, 0x00, 0x00, 0x00, 0x00, 0x00, 0x00, 0x00, 0x00, 0x00, 0x00, 0x00, 0x00, 0x00, 0x00, 
  0x00, 0x00, 0x00, 0x00, 0x00, 0x00, 0x00, 0x00, 0x00, 0x00, 0x00, 0x00, 0x00, 0x00, 0x00, 0x00, 
  0x00, 0x00, 0x00, 0x00, 0x00, 0x00, 0x00, 0x00, 0x00, 0x00, 0x00, 0x00, 0x00, 0x00, 0x00, 0x00, 
  0x00, 0x00, 0x00, 0x00, 0x00, 0x00, 0x00, 0x00, 0x00, 0x00, 0x00, 0x00, 0x00, 0x00, 0x00, 0x00, 
  0x00, 0x00, 0x00, 0x00, 0x00, 0x00, 0x00, 0x00, 0x00, 0x00, 0x00, 0x00, 0x00, 0x00, 0x00, 0x00, 
  0x00, 0x00, 0x00, 0x00, 0x00, 0x00, 0x00, 0x00, 0x00, 0x00, 0x00, 0x00, 0x00, 0x00, 0x00, 0x00, 
  0x00, 0x00, 0x00, 0x00, 0x00, 0x00, 0x00, 0x00, 0x00, 0x00, 0x00, 0x00, 0x00, 0x00, 0x00, 0x00, 
  0x00, 0x00, 0x00, 0x00, 0x00, 0x00, 0x00, 0x00, 0x00, 0x00, 0x00, 0x00, 0x00, 0x00, 0x00, 0x00, 
  0x00, 0x00, 0x00, 0x00, 0x00, 0x00, 0x00, 0x00, 0x00, 0x00, 0x00, 0x00, 0x00, 0x00, 0x00, 0x00, 
  0x00, 0x00, 0x00, 0x00, 0x00, 0x00, 0x00, 0x00, 0x00, 0x00, 0x00, 0x00, 0x00, 0x00, 0x00, 0x00, 
  0x00, 0x00, 0x00, 0x00, 0x00, 0x00, 0x00, 0x00, 0x00, 0x00, 0x00, 0x00, 0x00, 0x00, 0x00, 0x00, 
  0x00, 0x00, 0x00, 0x00, 0x00, 0x00, 0x00, 0x00, 0x00, 0x00, 0x00, 0x00, 0x00, 0x00, 0x00, 0x00, 
  0x00, 0x00, 0x00, 0x00, 0x00, 0x00, 0x00, 0x00, 0x00, 0x00, 0x00, 0x00, 0x00, 0x00, 0x00, 0x00, 
  0x00, 0x00, 0x00, 0x00, 0x00, 0x00, 0x00, 0x00, 0x00, 0x00, 0x00, 0x00, 0x00, 0x00, 0x00, 0x00, 
  0x00, 0x00, 0x00, 0x00, 0x00, 0x00, 0x00, 0x00, 0x00, 0x00, 0x00, 0x00, 0x00, 0x00, 0x00, 0x00, 
  0x00, 0x00, 0x00, 0x00, 0x00, 0x00, 0x00, 0x00, 0x00, 0x00, 0x00, 0x00, 0x00, 0x00, 0x00, 0x00, 
  0x00, 0x00, 0x00, 0x00, 0x00, 0x00, 0x00, 0x00, 0x00, 0x00, 0x00, 0x00, 0x00, 0x00, 0x00, 0x00, 
  0x00, 0x00, 0x00, 0x00, 0x00, 0x00, 0x00, 0x00, 0x00, 0x00, 0x00, 0x00, 0x00, 0x00, 0x00, 0x00, 
  0x00, 0x00, 0x00, 0x00, 0x00, 0x00, 0x00, 0x00, 0x00, 0x00, 0x00, 0x00, 0x00, 0x00, 0x00, 0x00, 
  0x00, 0x00, 0x00, 0x00, 0x00, 0x00, 0x00, 0x00, 0x00, 0x00, 0x00, 0x00, 0x00, 0x00, 0x00, 0x00, 
  0x00, 0x00, 0x00, 0x00, 0x00, 0x00, 0x00, 0x00, 0x00, 0x00, 0x00, 0x00, 0x00, 0x00, 0x00, 0x00, 
  0x00, 0x00, 0x00, 0x00, 0x00, 0x00, 0x00, 0x00, 0x00, 0x00, 0x00, 0x00, 0x00, 0x00, 0x00, 0x00, 
  0x00, 0x00, 0x00, 0x00, 0x00, 0x00, 0x00, 0x00, 0x00, 0x00, 0x00, 0x00, 0x00, 0x00, 0x00, 0x00, 
  0x00, 0x00, 0x00, 0x00, 0x00, 0x00, 0x00, 0x00, 0x00, 0x00, 0x00, 0x00, 0x00, 0x00, 0x00, 0x00, 
  0x00, 0x00, 0x00, 0x00, 0x00, 0x00, 0x00, 0x00, 0x00, 0x00, 0x00, 0x00, 0x00, 0x00, 0x00, 0x00, 
  0x00, 0x00, 0x00, 0x00, 0x00, 0x00, 0x00, 0x00, 0x00, 0x00, 0x00, 0x00, 0x00, 0x00, 0x00, 0x00, 
  0x00, 0x00, 0x00, 0x00, 0x00, 0x00, 0x00, 0x00, 0x00, 0x00, 0x00, 0x00, 0x00, 0x00, 0x00, 0x00, 
  0x00, 0x00, 0x00, 0x00, 0x00, 0x00, 0x00, 0x00, 0x00, 0x00, 0x00, 0x00, 0x00, 0x00, 0x00, 0x00, 
  0x00, 0x00, 0x00, 0x00, 0x00, 0x00, 0x00, 0x00, 0x00, 0x00, 0x00, 0x00, 0x00, 0x00, 0x00, 0x00, 
  0x00, 0x00, 0x00, 0x00, 0x00, 0x00, 0x00, 0x00, 0x00, 0x00, 0x00, 0x00, 0x00, 0x00, 0x00, 0x00, 
  0x00, 0x00, 0x00, 0x00, 0x00, 0x00, 0x00, 0x00, 0x00, 0x00, 0x00, 0x00, 0x00, 0x00, 0x00, 0x00, 
  0x00, 0x00, 0x00, 0x00, 0x00, 0x00, 0x00, 0x00, 0x00, 0x00, 0x00, 0x00, 0x00, 0x00, 0x00, 0x00, 
  0x00, 0x00, 0x00, 0x00, 0x00, 0x00, 0x00, 0x00, 0x00, 0x00, 0x00, 0x00, 0x00, 0x00, 0x00, 0x00, 
  0x00, 0x00, 0x00, 0x00, 0x00, 0x00, 0x00, 0x00, 0x00, 0x00, 0x00, 0x00, 0x00, 0x00, 0x00, 0x00, 
  0x00, 0x00, 0x00, 0x00, 0x00, 0x00, 0x00, 0x00, 0x00, 0x00, 0x00, 0x00, 0x00, 0x00, 0x00, 0x00, 
  0x00, 0x00, 0x00, 0x00, 0x00, 0x00, 0x00, 0x00, 0x00, 0x00, 0x00, 0x00, 0x00, 0x00, 0x00, 0x00, 
  0x00, 0x00, 0x00, 0x00, 0x00, 0x00, 0x00, 0x00, 0x00, 0x00, 0x00, 0x00, 0x00, 0x00, 0x00, 0x00, 
  0x00, 0x00, 0x00, 0x00, 0x00, 0x00, 0x00, 0x00, 0x00, 0x00, 0x00, 0x00, 0x00, 0x00, 0x00, 0x00, 
  0x00, 0x00, 0x00, 0x00, 0x00, 0x00, 0x00, 0x00, 0x00, 0x00, 0x00, 0x00, 0x00, 0x00, 0x00, 0x00, 
  0x00, 0x00, 0x00, 0x00, 0x00, 0x00, 0x00, 0x00, 0x00, 0x00, 0x00, 0x00, 0x00, 0x00, 0x00, 0x00, 
  0x00, 0x00, 0x00, 0x00, 0x00, 0x00, 0x00, 0x00, 0x00, 0x00, 0x00, 0x00, 0x00, 0x00, 0x00, 0x00, 
  0x00, 0x00, 0x00, 0x00, 0x00, 0x00, 0x00, 0x00, 0x00, 0x00, 0x00, 0x00, 0x00, 0x00, 0x00, 0x00, 
  0x00, 0x00, 0x00, 0x00, 0x00, 0x00, 0x00, 0x00, 0x00, 0x00, 0x00, 0x00, 0x00, 0x00, 0x00, 0x00, 
  0x00, 0x00, 0x00, 0x00, 0x00, 0x00, 0x00, 0x00, 0x00, 0x00, 0x00, 0x00, 0x00, 0x00, 0x00, 0x00, 
  0x00, 0x00, 0x00, 0x00, 0x00, 0x00, 0x00, 0x00, 0x00, 0x00, 0x00, 0x00, 0x00, 0x00, 0x00, 0x00, 
  0x00, 0x00, 0x00, 0x00, 0x00, 0x00, 0x00, 0x00, 0x00, 0x00, 0x00, 0x00, 0x00, 0x00, 0x00, 0x00, 
  0x00, 0x00, 0x00, 0x00, 0x73, 0x79, 0x6d, 0x62, 0x6f, 0x6c, 0x73, 0x00, 0x00, 0x00, 0x00, 0x00, 
  0x00, 0x00, 0x00, 0x00, 0x00, 0x00, 0x00, 0x00, 0x00, 0x00, 0x00, 0x00, 0x00, 0x00, 0x00, 0x00, 
  0x00, 0x00, 0x00, 0x00, 0x00, 0x00, 0x00, 0x00, 0x00, 0x00, 0x00, 0x00, 0x00, 0x00, 0x00, 0x00, 
  0x00, 0x00, 0x00, 0x00, 0x00, 0x00, 0x00, 0x00, 0x00, 0x00, 0x00, 0x00, 0x00, 0x00, 0x00, 0x00, 
  0x00, 0x00, 0x00, 0x00, 0x00, 0x00, 0x00, 0x00, 0x00, 0x00, 0x00, 0x00, 0x00, 0x00, 0x00, 0x00, 
  0x00, 0x00, 0x00, 0x00, 0x00, 0x00, 0x00, 0x00, 0x00, 0x00, 0x00, 0x00, 0x00, 0x00, 0x00, 0x00, 
  0x00, 0x00, 0x00, 0x00, 0x00, 0x00, 0x00, 0x00, 0x00, 0x00, 0x00, 0x00, 0x00, 0x00, 0x00, 0x00, 
  0x00, 0x00, 0x00, 0x00, 0x00, 0x00, 0x00, 0x00, 0x00, 0x00, 0x00, 0x00, 0x00, 0x00, 0x00, 0x00, 
  0x00, 0x00, 0x00, 0x00, 0x00, 0x00, 0x00, 0x00, 0x00, 0x00, 0x00, 0x00, 0x00, 0x00, 0x00, 0x00, 
  0x00, 0x00, 0x00, 0x00, 0x00, 0x00, 0x00, 0x00, 0x00, 0x00, 0x00, 0x00, 0x00, 0x00, 0x00, 0x00, 
  0x00, 0x00, 0x00, 0x00, 0x00, 0x00, 0x00, 0x00, 0x00, 0x00, 0x00, 0x00, 0x00, 0x00, 0x00, 0x00, 
  0x00, 0x00, 0x00, 0x00, 0x00, 0x00, 0x00, 0x00, 0x00, 0x00, 0x00, 0x00, 0x00, 0x00, 0x00, 0x00, 
  0x00, 0x00, 0x00, 0x00, 0x00, 0x00, 0x00, 0x00, 0x00, 0x00, 0x00, 0x00, 0x00, 0x00, 0x00, 0x00, 
  0x00, 0x00, 0x00, 0x00, 0x00, 0x00, 0x00, 0x00, 0x00, 0x00, 0x00, 0x00, 0x00, 0x00, 0x00, 0x00, 
  0x00, 0x00, 0x00, 0x00, 0x00, 0x00, 0x00, 0x00, 0x00, 0x00, 0x00, 0x00, 0x00, 0x00, 0x00, 0x00, 
  0x00, 0x00, 0x00, 0x00, 0x00, 0x00, 0x00, 0x00, 0x00, 0x00, 0x00, 0x00, 0x00, 0x00, 0x00, 0x00, 
  0x00, 0x00, 0x00, 0x00, 0x00, 0x00, 0x00, 0x00, 0x00, 0x00, 0x00, 0x00, 0x00, 0x00, 0x00, 0x00, 
  0x00, 0x00, 0x00, 0x00, 0x00, 0x00, 0x00, 0x00, 0x00, 0x00, 0x00, 0x00, 0x00, 0x00, 0x00, 0x00, 
  0x00, 0x00, 0x00, 0x00, 0x00, 0x00, 0x00, 0x00, 0x00, 0x00, 0x00, 0x00, 0x00, 0x00, 0x00, 0x00, 
  0x00, 0x00, 0x00, 0x00, 0x00, 0x00, 0x00, 0x00, 0x00, 0x00, 0x00, 0x00, 0x00, 0x00, 0x00, 0x00, 
  0x00, 0x00, 0x00, 0x00, 0x00, 0x00, 0x00, 0x00, 0x00, 0x00, 0x00, 0x00, 0x00, 0x00, 0x00, 0x00, 
  0x00, 0x00, 0x00, 0x00, 0x00, 0x00, 0x00, 0x00, 0x00, 0x00, 0x00, 0x00, 0x00, 0x00, 0x00, 0x00, 
  0x00, 0x00, 0x00, 0x00, 0x00, 0x00, 0x00, 0x00, 0x00, 0x00, 0x00, 0x00, 0x00, 0x00, 0x00, 0x00, 
  0x00, 0x00, 0x00, 0x00, 0x00, 0x00, 0x00, 0x00, 0x00, 0x00, 0x00, 0x00, 0x00, 0x00, 0x00, 0x00, 
  0x00, 0x00, 0x00, 0x00, 0x00, 0x00, 0x00, 0x00, 0x00, 0x00, 0x00, 0x00, 0x00, 0x00, 0x00, 0x00, 
  0x00, 0x00, 0x00, 0x00, 0x00, 0x00, 0x00, 0x00, 0x00, 0x00, 0x00, 0x00, 0x00, 0x00, 0x00, 0x00, 
  0x00, 0x00, 0x00, 0x00, 0x00, 0x00, 0x00, 0x00, 0x00, 0x00, 0x00, 0x00, 0x00, 0x00, 0x00, 0x00, 
  0x00, 0x00, 0x00, 0x00, 0x00, 0x00, 0x00, 0x00, 0x00, 0x00, 0x00, 0x00, 0x00, 0x00, 0x00, 0x00, 
  0x00, 0x00, 0x00, 0x00, 0x00, 0x00, 0x00, 0x00, 0x00, 0x00, 0x00, 0x00, 0x00, 0x00, 0x00, 0x00, 
  0x00, 0x00, 0x00, 0x00, 0x00, 0x00, 0x00, 0x00, 0x00, 0x00, 0x00, 0x00, 0x00, 0x00, 0x00, 0x00, 
  0x00, 0x00, 0x00, 0x00, 0x00, 0x00, 0x00, 0x00, 0x00, 0x00, 0x00, 0x00, 0x00, 0x00, 0x00, 0x00, 
  0x00, 0x00, 0x00, 0x00, 0x00, 0x00, 0x00, 0x00, 0x00, 0x00, 0x00, 0x00, 0x00, 0x00, 0x00, 0x00, 
  0x00, 0x00, 0x00, 0x00, 0x00, 0x00, 0x00, 0x00, 0x00, 0x00, 0x00, 0x00, 0x00, 0x00, 0x00, 0x00, 
  0x00, 0x00, 0x00, 0x00, 0x00, 0x00, 0x00, 0x00, 0x00, 0x00, 0x00, 0x00, 0x00, 0x00, 0x00, 0x00, 
  0x00, 0x00, 0x00, 0x00, 0x00, 0x00, 0x00, 0x00, 0x00, 0x00, 0x00, 0x00, 0x00, 0x00, 0x00, 0x00, 
  0x00, 0x00, 0x00, 0x00, 0x00, 0x00, 0x00, 0x00, 0x00, 0x00, 0x00, 0x00, 0x00, 0x00, 0x00, 0x00, 
  0x00, 0x00, 0x00, 0x00, 0x00, 0x00, 0x00, 0x00, 0x00, 0x00, 0x00, 0x00, 0x00, 0x00, 0x00, 0x00, 
  0x00, 0x00, 0x00, 0x00, 0x00, 0x00, 0x00, 0x00, 0x00, 0x00, 0x00, 0x00, 0x00, 0x00, 0x00, 0x00, 
  0x00, 0x00, 0x00, 0x00, 0x00, 0x00, 0x00, 0x00, 0x00, 0x00, 0x00, 0x00, 0x00, 0x00, 0x00, 0x00, 
  0x00, 0x00, 0x00, 0x00, 0x00, 0x00, 0x00, 0x00, 0x00, 0x00, 0x00, 0x00, 0x00, 0x00, 0x00, 0x00, 
  0x00, 0x00, 0x00, 0x00, 0x00, 0x00, 0x00, 0x00, 0x00, 0x00, 0x00, 0x00, 0x00, 0x00, 0x00, 0x00, 
  0x00, 0x00, 0x00, 0x00, 0x00, 0x00, 0x00, 0x00, 0x00, 0x00, 0x00, 0x00, 0x00, 0x00, 0x00, 0x00, 
  0x00, 0x00, 0x00, 0x00, 0x00, 0x00, 0x00, 0x00, 0x00, 0x00, 0x00, 0x00, 0x00, 0x00, 0x00, 0x00, 
  0x00, 0x00, 0x00, 0x00, 0x00, 0x00, 0x00, 0x00, 0x00, 0x00, 0x00, 0x00, 0x00, 0x00, 0x00, 0x00, 
  0x00, 0x00, 0x00, 0x00, 0x00, 0x00, 0x00, 0x00, 0x00, 0x00, 0x00, 0x00, 0x00, 0x00, 0x00, 0x00, 
  0x00, 0x00, 0x00, 0x00, 0x00, 0x00, 0x00, 0x00, 0x00, 0x00, 0x00, 0x00, 0x00, 0x00, 0x00, 0x00, 
  0x00, 0x00, 0x00, 0x00, 0x00, 0x00, 0x00, 0x00, 0x00, 0x00, 0x00, 0x00, 0x00, 0x00, 0x00, 0x00, 
  0x00, 0x00, 0x00, 0x00, 0x00, 0x00, 0x00, 0x00, 0x00, 0x00, 0x00, 0x00, 0x00, 0x00, 0x00, 0x00, 
  0x00, 0x00, 0x00, 0x00, 0x00, 0x00, 0x00, 0x00, 0x00, 0x00, 0x00, 0x00, 0x00, 0x00, 0x00, 0x00, 
  0x00, 0x00, 0x00, 0x00, 0x00, 0x00, 0x00, 0x00, 0x00, 0x00, 0x00, 0x00, 0x00, 0x00, 0x00, 0x00, 
  0x00, 0x00, 0x00, 0x00, 0x00, 0x00, 0x00, 0x00, 0x00, 0x00, 0x00, 0x00, 0x00, 0x00, 0x00, 0x00, 
  0x00, 0x00, 0x00, 0x00, 0x00, 0x00, 0x00, 0x00, 0x00, 0x00, 0x00, 0x00, 0x00, 0x00, 0x00, 0x00, 
  0x00, 0x00, 0x00, 0x00, 0x00, 0x00, 0x00, 0x00, 0x00, 0x00, 0x00, 0x00, 0x00, 0x00, 0x00, 0x00, 
  0x00, 0x00, 0x00, 0x00, 0x00, 0x00, 0x00, 0x00, 0x00, 0x00, 0x00, 0x00, 0x00, 0x00, 0x00, 0x00, 
  0x00, 0x00, 0x00, 0x00, 0x00, 0x00, 0x00, 0x00, 0x00, 0x00, 0x00, 0x00, 0x00, 0x00, 0x00, 0x00, 
  0x00, 0x00, 0x00, 0x00, 0x00, 0x00, 0x00, 0x00, 0x00, 0x00, 0x00, 0x00, 0x00, 0x00, 0x00, 0x00, 
  0x00, 0x00, 0x00, 0x00, 0x00, 0x00, 0x00, 0x00, 0x00, 0x00, 0x00, 0x00, 0x00, 0x00, 0x00, 0x00, 
  0x00, 0x00, 0x00, 0x00, 0x00, 0x00, 0x00, 0x00, 0x00, 0x00, 0x00, 0x00, 0x00, 0x00, 0x00, 0x00, 
  0x00, 0x00, 0x00, 0x00, 0x00, 0x00, 0x00, 0x00, 0x00, 0x00, 0x00, 0x00, 0x00, 0x00, 0x00, 0x00, 
  0x00, 0x00, 0x00, 0x00, 0x00, 0x00, 0x00, 0x00, 0x00, 0x00, 0x00, 0x00, 0x00, 0x00, 0x00, 0x00, 
  0x00, 0x00, 0x00, 0x00, 0x00, 0x00, 0x00, 0x00, 0x00, 0x00, 0x00, 0x00, 0x00, 0x00, 0x00, 0x00, 
  0x00, 0x00, 0x00, 0x00, 0x00, 0x00, 0x00, 0x00, 0x00, 0x00, 0x00, 0x00, 0x00, 0x00, 0x00, 0x00, 
  0x00, 0x00, 0x00, 0x00, 0x00, 0x00, 0x00, 0x00, 0x00, 0x00, 0x00, 0x00, 0x00, 0x00, 0x00, 0x00, 
  0x00, 0x00, 0x00, 0x00, 0x00, 0x00, 0x00, 0x00, 0x00, 0x00, 0x00, 0x00, 0x00, 0x00, 0x00, 0x00, 
  0x00, 0x00, 0x00, 0x00, 0x50, 0x65, 0x72, 0x6d, 0x69, 0x73, 0x73, 0x69, 0x76, 0x65, 0x00, 0x00, 
  0x00, 0x00, 0x00, 0x00, 0x00, 0x00, 0x00, 0x00, 0x00, 0x00, 0x00, 0x00, 0x00, 0x00, 0x00, 0x00, 
  0x00, 0x00, 0x00, 0x00, 0x00, 0x00, 0x00, 0x00, 0x00, 0x00, 0x00, 0x00, 0x00, 0x00, 0x00, 0x00, 
  0x00, 0x00, 0x00, 0x00, 0x00, 0x00, 0x00, 0x00, 0x00, 0x00, 0x00, 0x00, 0x00, 0x00, 0x00, 0x00, 
  0x00, 0x00, 0x00, 0x00, 0x00, 0x00, 0x00, 0x00, 0x00, 0x00, 0x00, 0x00, 0x00, 0x00, 0x00, 0x00, 
  0x00, 0x00, 0x00, 0x00, 0x00, 0x00, 0x00, 0x00, 0x00, 0x00, 0x00, 0x00, 0x00, 0x00, 0x00, 0x00, 
  0x00, 0x00, 0x00, 0x00, 0x00, 0x00, 0x00, 0x00, 0x00, 0x00, 0x00, 0x00, 0x00, 0x00, 0x00, 0x00, 
  0x00, 0x00, 0x00, 0x00, 0x00, 0x00, 0x00, 0x00, 0x00, 0x00, 0x00, 0x00, 0x00, 0x00, 0x00, 0x00, 
  0x00, 0x00, 0x00, 0x00, 0x00, 0x00, 0x00, 0x00, 0x00, 0x00, 0x00, 0x00, 0x00, 0x00, 0x00, 0x00, 
  0x00, 0x00, 0x00, 0x00, 0x00, 0x00, 0x00, 0x00, 0x00, 0x00, 0x00, 0x00, 0x00, 0x00, 0x00, 0x00, 
  0x00, 0x00, 0x00, 0x00, 0x00, 0x00, 0x00, 0x00, 0x00, 0x00, 0x00, 0x00, 0x00, 0x00, 0x00, 0x00, 
  0x00, 0x00, 0x00, 0x00, 0x00, 0x00, 0x00, 0x00, 0x00, 0x00, 0x00, 0x00, 0x00, 0x00, 0x00, 0x00, 
  0x00, 0x00, 0x00, 0x00, 0x00, 0x00, 0x00, 0x00, 0x00, 0x00, 0x00, 0x00, 0x00, 0x00, 0x00, 0x00, 
  0x00, 0x00, 0x00, 0x00, 0x00, 0x00, 0x00, 0x00, 0x00, 0x00, 0x00, 0x00, 0x00, 0x00, 0x00, 0x00, 
  0x00, 0x00, 0x00, 0x00, 0x00, 0x00, 0x00, 0x00, 0x00, 0x00, 0x00, 0x00, 0x00, 0x00, 0x00, 0x00, 
  0x00, 0x00, 0x00, 0x00, 0x00, 0x00, 0x00, 0x00, 0x00, 0x00, 0x00, 0x00, 0x00, 0x00, 0x00, 0x00, 
  0x00, 0x00, 0x00, 0x00, 0x00, 0x00, 0x00, 0x00, 0x00, 0x00, 0x00, 0x00, 0x00, 0x00, 0x00, 0x00, 
  0x00, 0x00, 0x00, 0x00, 0x00, 0x00, 0x00, 0x00, 0x00, 0x00, 0x00, 0x00, 0x00, 0x00, 0x00, 0x00, 
  0x00, 0x00, 0x00, 0x00, 0x00, 0x00, 0x00, 0x00, 0x00, 0x00, 0x00, 0x00, 0x00, 0x00, 0x00, 0x00, 
  0x00, 0x00, 0x00, 0x00, 0x00, 0x00, 0x00, 0x00, 0x00, 0x00, 0x00, 0x00, 0x00, 0x00, 0x00, 0x00, 
  0x00, 0x00, 0x00, 0x00, 0x00, 0x00, 0x00, 0x00, 0x00, 0x00, 0x00, 0x00, 0x00, 0x00, 0x00, 0x00, 
  0x00, 0x00, 0x00, 0x00, 0x00, 0x00, 0x00, 0x00, 0x00, 0x00, 0x00, 0x00, 0x00, 0x00, 0x00, 0x00, 
  0x00, 0x00, 0x00, 0x00, 0x00, 0x00, 0x00, 0x00, 0x00, 0x00, 0x00, 0x00, 0x00, 0x00, 0x00, 0x00, 
  0x00, 0x00, 0x00, 0x00, 0x00, 0x00, 0x00, 0x00, 0x00, 0x00, 0x00, 0x00, 0x00, 0x00, 0x00, 0x00, 
  0x00, 0x00, 0x00, 0x00, 0x00, 0x00, 0x00, 0x00, 0x00, 0x00, 0x00, 0x00, 0x00, 0x00, 0x00, 0x00, 
  0x00, 0x00, 0x00, 0x00, 0x00, 0x00, 0x00, 0x00, 0x00, 0x00, 0x00, 0x00, 0x00, 0x00, 0x00, 0x00, 
  0x00, 0x00, 0x00, 0x00, 0x00, 0x00, 0x00, 0x00, 0x00, 0x00, 0x00, 0x00, 0x00, 0x00, 0x00, 0x00, 
  0x00, 0x00, 0x00, 0x00, 0x00, 0x00, 0x00, 0x00, 0x00, 0x00, 0x00, 0x00, 0x00, 0x00, 0x00, 0x00, 
  0x00, 0x00, 0x00, 0x00, 0x00, 0x00, 0x00, 0x00, 0x00, 0x00, 0x00, 0x00, 0x00, 0x00, 0x00, 0x00, 
  0x00, 0x00, 0x00, 0x00, 0x00, 0x00, 0x00, 0x00, 0x00, 0x00, 0x00, 0x00, 0x00, 0x00, 0x00, 0x00, 
  0x00, 0x00, 0x00, 0x00, 0x00, 0x00, 0x00, 0x00, 0x00, 0x00, 0x00, 0x00, 0x00, 0x00, 0x00, 0x00, 
  0x00, 0x00, 0x00, 0x00, 0x00, 0x00, 0x00, 0x00, 0x00, 0x00, 0x00, 0x00, 0x00, 0x00, 0x00, 0x00, 
  0x00, 0x00, 0x00, 0x00, 0x00, 0x00, 0x00, 0x00, 0x00, 0x00, 0x00, 0x00, 0x00, 0x00, 0x00, 0x00, 
  0x00, 0x00, 0x00, 0x00, 0x00, 0x00, 0x00, 0x00, 0x00, 0x00, 0x00, 0x00, 0x00, 0x00, 0x00, 0x00, 
  0x00, 0x00, 0x00, 0x00, 0x00, 0x00, 0x00, 0x00, 0x00, 0x00, 0x00, 0x00, 0x00, 0x00, 0x00, 0x00, 
  0x00, 0x00, 0x00, 0x00, 0x00, 0x00, 0x00, 0x00, 0x00, 0x00, 0x00, 0x00, 0x00, 0x00, 0x00, 0x00, 
  0x00, 0x00, 0x00, 0x00, 0x00, 0x00, 0x00, 0x00, 0x00, 0x00, 0x00, 0x00, 0x00, 0x00, 0x00, 0x00, 
  0x00, 0x00, 0x00, 0x00, 0x00, 0x00, 0x00, 0x00, 0x00, 0x00, 0x00, 0x00, 0x00, 0x00, 0x00, 0x00, 
  0x00, 0x00, 0x00, 0x00, 0x00, 0x00, 0x00, 0x00, 0x00, 0x00, 0x00, 0x00, 0x00, 0x00, 0x00, 0x00, 
  0x00, 0x00, 0x00, 0x00, 0x00, 0x00, 0x00, 0x00, 0x00, 0x00, 0x00, 0x00, 0x00, 0x00, 0x00, 0x00, 
  0x00, 0x00, 0x00, 0x00, 0x00, 0x00, 0x00, 0x00, 0x00, 0x00, 0x00, 0x00, 0x00, 0x00, 0x00, 0x00, 
  0x00, 0x00, 0x00, 0x00, 0x00, 0x00, 0x00, 0x00, 0x00, 0x00, 0x00, 0x00, 0x00, 0x00, 0x00, 0x00, 
  0x00, 0x00, 0x00, 0x00, 0x00, 0x00, 0x00, 0x00, 0x00, 0x00, 0x00, 0x00, 0x00, 0x00, 0x00, 0x00, 
  0x00, 0x00, 0x00, 0x00, 0x00, 0x00, 0x00, 0x00, 0x00, 0x00, 0x00, 0x00, 0x00, 0x00, 0x00, 0x00, 
  0x00, 0x00, 0x00, 0x00, 0x00, 0x00, 0x00, 0x00, 0x00, 0x00, 0x00, 0x00, 0x00, 0x00, 0x00, 0x00, 
  0x00, 0x00, 0x00, 0x00, 0x00, 0x00, 0x00, 0x00, 0x00, 0x00, 0x00, 0x00, 0x00, 0x00, 0x00, 0x00, 
  0x00, 0x00, 0x00, 0x00, 0x00, 0x00, 0x00, 0x00, 0x00, 0x00, 0x00, 0x00, 0x00, 0x00, 0x00, 0x00, 
  0x00, 0x00, 0x00, 0x00, 0x00, 0x00, 0x00, 0x00, 0x00, 0x00, 0x00, 0x00, 0x00, 0x00, 0x00, 0x00, 
  0x00, 0x00, 0x00, 0x00, 0x00, 0x00, 0x00, 0x00, 0x00, 0x00, 0x00, 0x00, 0x00, 0x00, 0x00, 0x00, 
  0x00, 0x00, 0x00, 0x00, 0x00, 0x00, 0x00, 0x00, 0x00, 0x00, 0x00, 0x00, 0x00, 0x00, 0x00, 0x00, 
  0x00, 0x00, 0x00, 0x00, 0x00, 0x00, 0x00, 0x00, 0x00, 0x00, 0x00, 0x00, 0x00, 0x00, 0x00, 0x00, 
  0x00, 0x00, 0x00, 0x00, 0x00, 0x00, 0x00, 0x00, 0x00, 0x00, 0x00, 0x00, 0x00, 0x00, 0x00, 0x00, 
  0x00, 0x00, 0x00, 0x00, 0x00, 0x00, 0x00, 0x00, 0x00, 0x00, 0x00, 0x00, 0x00, 0x00, 0x00, 0x00, 
  0x00, 0x00, 0x00, 0x00, 0x00, 0x00, 0x00, 0x00, 0x00, 0x00, 0x00, 0x00, 0x00, 0x00, 0x00, 0x00, 
  0x00, 0x00, 0x00, 0x00, 0x00, 0x00, 0x00, 0x00, 0x00, 0x00, 0x00, 0x00, 0x00, 0x00, 0x00, 0x00, 
  0x00, 0x00, 0x00, 0x00, 0x00, 0x00, 0x00, 0x00, 0x00, 0x00, 0x00, 0x00, 0x00, 0x00, 0x00, 0x00, 
  0x00, 0x00, 0x00, 0x00, 0x00, 0x00, 0x00, 0x00, 0x00, 0x00, 0x00, 0x00, 0x00, 0x00, 0x00, 0x00, 
  0x00, 0x00, 0x00, 0x00, 0x00, 0x00, 0x00, 0x00, 0x00, 0x00, 0x00, 0x00, 0x00, 0x00, 0x00, 0x00, 
  0x00, 0x00, 0x00, 0x00, 0x00, 0x00, 0x00, 0x00, 0x00, 0x00, 0x00, 0x00, 0x00, 0x00, 0x00, 0x00, 
  0x00, 0x00, 0x00, 0x00, 0x00, 0x00, 0x00, 0x00, 0x00, 0x00, 0x00, 0x00, 0x00, 0x00, 0x00, 0x00, 
  0x00, 0x00, 0x00, 0x00, 0x00, 0x00, 0x00, 0x00, 0x00, 0x00, 0x00, 0x00, 0x00, 0x00, 0x00, 0x00, 
  0x00, 0x00, 0x00, 0x00, 0x00, 0x00, 0x00, 0x00, 0x00, 0x00, 0x00, 0x00, 0x00, 0x00, 0x00, 0x00, 
  0x00, 0x00, 0x00, 0x00, 0x00, 0x00, 0x00, 0x00, 0x00, 0x00, 0x00, 0x00, 0x00, 0x00, 0x00, 0x00, 
  0x00, 0x00, 0x00, 0x00, 0x00, 0x00, 0x00, 0x00, 0x00, 0x00, 0x00, 0x00, 0x00, 0x00, 0x00, 0x00, 
  0x00, 0x00, 0x00, 0x00, 0x00, 0x00, 0x00, 0x00, 0x20, 0x36, 0x00, 0x00, 0x00, 0x00, 0x00, 0x00, 
  0x20, 0x36, 0x00, 0x00, 0x00, 0x00, 0x00, 0x00, 0x20, 0x36, 0x00, 0x00, 0x00, 0x00, 0x00, 0x00, 
  0x47, 0x43, 0x43, 0x3a, 0x20, 0x28, 0x47, 0x4e, 0x55, 0x29, 0x20, 0x34, 0x2e, 0x39, 0x2e, 0x78, 
  0x20, 0x32, 0x30, 0x31, 0x35, 0x30, 0x31, 0x32, 0x33, 0x20, 0x28, 0x70, 0x72, 0x65, 0x72, 0x65, 
  0x6c, 0x65, 0x61, 0x73, 0x65, 0x29, 0x00, 0x47, 0x43, 0x43, 0x3a, 0x20, 0x28, 0x47, 0x4e, 0x55, 
  0x29, 0x20, 0x31, 0x30, 0x2e, 0x32, 0x2e, 0x30, 0x00, 0x00, 0x00, 0x00, 0x00, 0x00, 0x00, 0x00, 
  0x00, 0x00, 0x00, 0x00, 0x00, 0x00, 0x00, 0x00, 0x00, 0x00, 0x00, 0x00, 0x00, 0x00, 0x00, 0x00, 
  0x00, 0x00, 0x00, 0x00, 0x00, 0x00, 0x00, 0x00, 0x00, 0x00, 0x00, 0x00, 0x03, 0x00, 0x01, 0x00, 
  0x38, 0x02, 0x00, 0x00, 0x00, 0x00, 0x00, 0x00, 0x00, 0x00, 0x00, 0x00, 0x00, 0x00, 0x00, 0x00, 
  0x00, 0x00, 0x00, 0x00, 0x03, 0x00, 0x02, 0x00, 0x50, 0x02, 0x00, 0x00, 0x00, 0x00, 0x00, 0x00, 
  0x00, 0x00, 0x00, 0x00, 0x00, 0x00, 0x00, 0x00, 0x00, 0x00, 0x00, 0x00, 0x03, 0x00, 0x03, 0x00, 
  0xe8, 0x02, 0x00, 0x00, 0x00, 0x00, 0x00, 0x00, 0x00, 0x00, 0x00, 0x00, 0x00, 0x00, 0x00, 0x00, 
  0x00, 0x00, 0x00, 0x00, 0x03, 0x00, 0x04, 0x00, 0x68, 0x04, 0x00, 0x00, 0x00, 0x00, 0x00, 0x00, 
  0x00, 0x00, 0x00, 0x00, 0x00, 0x00, 0x00, 0x00, 0x00, 0x00, 0x00, 0x00, 0x03, 0x00, 0x05, 0x00, 
  0xa8, 0x09, 0x00, 0x00, 0x00, 0x00, 0x00, 0x00, 0x00, 0x00, 0x00, 0x00, 0x00, 0x00, 0x00, 0x00, 
  0x00, 0x00, 0x00, 0x00, 0x03, 0x00, 0x06, 0x00, 0x70, 0x0b, 0x00, 0x00, 0x00, 0x00, 0x00, 0x00, 
  0x00, 0x00, 0x00, 0x00, 0x00, 0x00, 0x00, 0x00, 0x00, 0x00, 0x00, 0x00, 0x03, 0x00, 0x07, 0x00, 
  0x20, 0x0d, 0x00, 0x00, 0x00, 0x00, 0x00, 0x00, 0x00, 0x00, 0x00, 0x00, 0x00, 0x00, 0x00, 0x00, 
  0x00, 0x00, 0x00, 0x00, 0x03, 0x00, 0x08, 0x00, 0x60, 0x11, 0x00, 0x00, 0x00, 0x00, 0x00, 0x00, 
  0x00, 0x00, 0x00, 0x00, 0x00, 0x00, 0x00, 0x00, 0x00, 0x00, 0x00, 0x00, 0x03, 0x00, 0x09, 0x00, 
  0x50, 0x14, 0x00, 0x00, 0x00, 0x00, 0x00, 0x00, 0x00, 0x00, 0x00, 0x00, 0x00, 0x00, 0x00, 0x00, 
  0x00, 0x00, 0x00, 0x00, 0x03, 0x00, 0x0a, 0x00, 0x20, 0x36, 0x00, 0x00, 0x00, 0x00, 0x00, 0x00, 
  0x00, 0x00, 0x00, 0x00, 0x00, 0x00, 0x00, 0x00, 0x00, 0x00, 0x00, 0x00, 0x03, 0x00, 0x0b, 0x00, 
  0xcc, 0x4a, 0x00, 0x00, 0x00, 0x00, 0x00, 0x00, 0x00, 0x00, 0x00, 0x00, 0x00, 0x00, 0x00, 0x00, 
  0x00, 0x00, 0x00, 0x00, 0x03, 0x00, 0x0c, 0x00, 0xb8, 0x4b, 0x00, 0x00, 0x00, 0x00, 0x00, 0x00, 
  0x00, 0x00, 0x00, 0x00, 0x00, 0x00, 0x00, 0x00, 0x00, 0x00, 0x00, 0x00, 0x03, 0x00, 0x0d, 0x00, 
  0xa0, 0x5b, 0x01, 0x00, 0x00, 0x00, 0x00, 0x00, 0x00, 0x00, 0x00, 0x00, 0x00, 0x00, 0x00, 0x00, 
  0x00, 0x00, 0x00, 0x00, 0x03, 0x00, 0x0e, 0x00, 0xb0, 0x5b, 0x01, 0x00, 0x00, 0x00, 0x00, 0x00, 
  0x00, 0x00, 0x00, 0x00, 0x00, 0x00, 0x00, 0x00, 0x00, 0x00, 0x00, 0x00, 0x03, 0x00, 0x0f, 0x00, 
  0xd8, 0x5b, 0x01, 0x00, 0x00, 0x00, 0x00, 0x00, 0x00, 0x00, 0x00, 0x00, 0x00, 0x00, 0x00, 0x00, 
  0x00, 0x00, 0x00, 0x00, 0x03, 0x00, 0x10, 0x00, 0xe8, 0x5b, 0x01, 0x00, 0x00, 0x00, 0x00, 0x00, 
  0x00, 0x00, 0x00, 0x00, 0x00, 0x00, 0x00, 0x00, 0x00, 0x00, 0x00, 0x00, 0x03, 0x00, 0x11, 0x00, 
  0x18, 0x5e, 0x01, 0x00, 0x00, 0x00, 0x00, 0x00, 0x00, 0x00, 0x00, 0x00, 0x00, 0x00, 0x00, 0x00, 
  0x00, 0x00, 0x00, 0x00, 0x03, 0x00, 0x12, 0x00, 0x00, 0x60, 0x01, 0x00, 0x00, 0x00, 0x00, 0x00, 
  0x00, 0x00, 0x00, 0x00, 0x00, 0x00, 0x00, 0x00, 0x00, 0x00, 0x00, 0x00, 0x03, 0x00, 0x13, 0x00, 
  0x30, 0x6c, 0x01, 0x00, 0x00, 0x00, 0x00, 0x00, 0x00, 0x00, 0x00, 0x00, 0x00, 0x00, 0x00, 0x00, 
  0x00, 0x00, 0x00, 0x00, 0x03, 0x00, 0x14, 0x00, 0x00, 0x00, 0x00, 0x00, 0x00, 0x00, 0x00, 0x00, 
  0x00, 0x00, 0x00, 0x00, 0x00, 0x00, 0x00, 0x00, 0x01, 0x00, 0x00, 0x00, 0x04, 0x00, 0xf1, 0xff, 
  0x00, 0x00, 0x00, 0x00, 0x00, 0x00, 0x00, 0x00, 0x00, 0x00, 0x00, 0x00, 0x00, 0x00, 0x00, 0x00, 
  0x1a, 0x00, 0x00, 0x00, 0x00, 0x00, 0x02, 0x00, 0x50, 0x02, 0x00, 0x00, 0x00, 0x00, 0x00, 0x00, 
  0x00, 0x00, 0x00, 0x00, 0x00, 0x00, 0x00, 0x00, 0x1d, 0x00, 0x00, 0x00, 0x01, 0x00, 0x02, 0x00, 
  0x50, 0x02, 0x00, 0x00, 0x00, 0x00, 0x00, 0x00, 0x98, 0x00, 0x00, 0x00, 0x00, 0x00, 0x00, 0x00, 
  0x30, 0x00, 0x00, 0x00, 0x00, 0x00, 0x02, 0x00, 0x64, 0x02, 0x00, 0x00, 0x00, 0x00, 0x00, 0x00, 
  0x00, 0x00, 0x00, 0x00, 0x00, 0x00, 0x00, 0x00, 0x3a, 0x00, 0x00, 0x00, 0x00, 0x00, 0x02, 0x00, 
  0x5c, 0x02, 0x00, 0x00, 0x00, 0x00, 0x00, 0x00, 0x00, 0x00, 0x00, 0x00, 0x00, 0x00, 0x00, 0x00, 
  0x44, 0x00, 0x00, 0x00, 0x00, 0x00, 0x02, 0x00, 0xe8, 0x02, 0x00, 0x00, 0x00, 0x00, 0x00, 0x00, 
  0x00, 0x00, 0x00, 0x00, 0x00, 0x00, 0x00, 0x00, 0x4d, 0x00, 0x00, 0x00, 0x00, 0x00, 0x02, 0x00, 
  0x68, 0x02, 0x00, 0x00, 0x00, 0x00, 0x00, 0x00, 0x00, 0x00, 0x00, 0x00, 0x00, 0x00, 0x00, 0x00, 
  0x59, 0x00, 0x00, 0x00, 0x00, 0x00, 0x02, 0x00, 0xa8, 0x02, 0x00, 0x00, 0x00, 0x00, 0x00, 0x00, 
  0x00, 0x00, 0x00, 0x00, 0x00, 0x00, 0x00, 0x00, 0x6a, 0x00, 0x00, 0x00, 0x04, 0x00, 0xf1, 0xff, 
  0x00, 0x00, 0x00, 0x00, 0x00, 0x00, 0x00, 0x00, 0x00, 0x00, 0x00, 0x00, 0x00, 0x00, 0x00, 0x00, 
  0x75, 0x00, 0x00, 0x00, 0x00, 0x00, 0x09, 0x00, 0x50, 0x14, 0x00, 0x00, 0x00, 0x00, 0x00, 0x00, 
  0x00, 0x00, 0x00, 0x00, 0x00, 0x00, 0x00, 0x00, 0x78, 0x00, 0x00, 0x00, 0x02, 0x00, 0x09, 0x00, 
  0x70, 0x14, 0x00, 0x00, 0x00, 0x00, 0x00, 0x00, 0x40, 0x00, 0x00, 0x00, 0x00, 0x00, 0x00, 0x00, 
  0x1a, 0x00, 0x00, 0x00, 0x00, 0x00, 0x0f, 0x00, 0xd8, 0x5b, 0x01, 0x00, 0x00, 0x00, 0x00, 0x00, 
  0x00, 0x00, 0x00, 0x00, 0x00, 0x00, 0x00, 0x00, 0x1a, 0x00, 0x00, 0x00, 0x00, 0x00, 0x0e, 0x00, 
  0xc8, 0x5b, 0x01, 0x00, 0x00, 0x00, 0x00, 0x00, 0x00, 0x00, 0x00, 0x00, 0x00, 0x00, 0x00, 0x00, 
  0x1a, 0x00, 0x00, 0x00, 0x00, 0x00, 0x0d, 0x00, 0xa0, 0x5b, 0x01, 0x00, 0x00, 0x00, 0x00, 0x00, 
  0x00, 0x00, 0x00, 0x00, 0x00, 0x00, 0x00, 0x00, 0x1a, 0x00, 0x00, 0x00, 0x00, 0x00, 0x13, 0x00, 
  0x30, 0x6c, 0x01, 0x00, 0x00, 0x00, 0x00, 0x00, 0x00, 0x00, 0x00, 0x00, 0x00, 0x00, 0x00, 0x00, 
  0x84, 0x00, 0x00, 0x00, 0x04, 0x00, 0xf1, 0xff, 0x00, 0x00, 0x00, 0x00, 0x00, 0x00, 0x00, 0x00, 
  0x00, 0x00, 0x00, 0x00, 0x00, 0x00, 0x00, 0x00, 0x1a, 0x00, 0x00, 0x00, 0x00, 0x00, 0x0a, 0x00, 
  0x20, 0x36, 0x00, 0x00, 0x00, 0x00, 0x00, 0x00, 0x00, 0x00, 0x00, 0x00, 0x00, 0x00, 0x00, 0x00, 
  0x1a, 0x00, 0x00, 0x00, 0x00, 0x00, 0x12, 0x00, 0x18, 0x6c, 0x01, 0x00, 0x00, 0x00, 0x00, 0x00, 
  0x00, 0x00, 0x00, 0x00, 0x00, 0x00, 0x00, 0x00, 0x1a, 0x00, 0x00, 0x00, 0x00, 0x00, 0x12, 0x00, 
  0x00, 0x60, 0x01, 0x00, 0x00, 0x00, 0x00, 0x00, 0x00, 0x00, 0x00, 0x00, 0x00, 0x00, 0x00, 0x00, 
  0x75, 0x00, 0x00, 0x00, 0x00, 0x00, 0x09, 0x00, 0xc8, 0x14, 0x00, 0x00, 0x00, 0x00, 0x00, 0x00, 
  0x00, 0x00, 0x00, 0x00, 0x00, 0x00, 0x00, 0x00, 0x1a, 0x00, 0x00, 0x00, 0x00, 0x00, 0x0e, 0x00, 
  0xb0, 0x5b, 0x01, 0x00, 0x00, 0x00, 0x00, 0x00, 0x00, 0x00, 0x00, 0x00, 0x00, 0x00, 0x00, 0x00, 
  0x1a, 0x00, 0x00, 0x00, 0x00, 0x00, 0x0e, 0x00, 0xb8, 0x5b, 0x01, 0x00, 0x00, 0x00, 0x00, 0x00, 
  0x00, 0x00, 0x00, 0x00, 0x00, 0x00, 0x00, 0x00, 0x1a, 0x00, 0x00, 0x00, 0x00, 0x00, 0x0e, 0x00, 
  0xc0, 0x5b, 0x01, 0x00, 0x00, 0x00, 0x00, 0x00, 0x00, 0x00, 0x00, 0x00, 0x00, 0x00, 0x00, 0x00, 
  0x8b, 0x00, 0x00, 0x00, 0x01, 0x00, 0x13, 0x00, 0x38, 0x6c, 0x01, 0x00, 0x00, 0x00, 0x00, 0x00, 
  0x08, 0x00, 0x00, 0x00, 0x00, 0x00, 0x00, 0x00, 0x1a, 0x00, 0x00, 0x00, 0x00, 0x00, 0x13, 0x00, 
  0x38, 0x6c, 0x01, 0x00, 0x00, 0x00, 0x00, 0x00, 0x00, 0x00, 0x00, 0x00, 0x00, 0x00, 0x00, 0x00, 
  0x1a, 0x00, 0x00, 0x00, 0x00, 0x00, 0x0c, 0x00, 0xcc, 0x4b, 0x00, 0x00, 0x00, 0x00, 0x00, 0x00, 
  0x00, 0x00, 0x00, 0x00, 0x00, 0x00, 0x00, 0x00, 0xbb, 0x00, 0x00, 0x00, 0x04, 0x00, 0xf1, 0xff, 
  0x00, 0x00, 0x00, 0x00, 0x00, 0x00, 0x00, 0x00, 0x00, 0x00, 0x00, 0x00, 0x00, 0x00, 0x00, 0x00, 
  0x1a, 0x00, 0x00, 0x00, 0x00, 0x00, 0x0d, 0x00, 0xa8, 0x5b, 0x01, 0x00, 0x00, 0x00, 0x00, 0x00, 
  0x00, 0x00, 0x00, 0x00, 0x00, 0x00, 0x00, 0x00, 0x1a, 0x00, 0x00, 0x00, 0x00, 0x00, 0x0e, 0x00, 
  0xd0, 0x5b, 0x01, 0x00, 0x00, 0x00, 0x00, 0x00, 0x00, 0x00, 0x00, 0x00, 0x00, 0x00, 0x00, 0x00, 
  0x1a, 0x00, 0x00, 0x00, 0x00, 0x00, 0x0f, 0x00, 0xe0, 0x5b, 0x01, 0x00, 0x00, 0x00, 0x00, 0x00, 
  0x00, 0x00, 0x00, 0x00, 0x00, 0x00, 0x00, 0x00, 0x00, 0x00, 0x00, 0x00, 0x04, 0x00, 0xf1, 0xff, 
  0x00, 0x00, 0x00, 0x00, 0x00, 0x00, 0x00, 0x00, 0x00, 0x00, 0x00, 0x00, 0x00, 0x00, 0x00, 0x00, 
  0xd4, 0x00, 0x00, 0x00, 0x01, 0x00, 0xf1, 0xff, 0xe8, 0x5b, 0x01, 0x00, 0x00, 0x00, 0x00, 0x00, 
  0x00, 0x00, 0x00, 0x00, 0x00, 0x00, 0x00, 0x00, 0xdd, 0x00, 0x00, 0x00, 0x00, 0x00, 0x0b, 0x00, 
  0xcc, 0x4a, 0x00, 0x00, 0x00, 0x00, 0x00, 0x00, 0x00, 0x00, 0x00, 0x00, 0x00, 0x00, 0x00, 0x00, 
  0xf0, 0x00, 0x00, 0x00, 0x01, 0x00, 0xf1, 0xff, 0x98, 0x5f, 0x01, 0x00, 0x00, 0x00, 0x00, 0x00, 
  0x00, 0x00, 0x00, 0x00, 0x00, 0x00, 0x00, 0x00, 0x75, 0x00, 0x00, 0x00, 0x00, 0x00, 0x08, 0x00, 
  0x60, 0x11, 0x00, 0x00, 0x00, 0x00, 0x00, 0x00, 0x00, 0x00, 0x00, 0x00, 0x00, 0x00, 0x00, 0x00, 
  0x06, 0x01, 0x00, 0x00, 0x12, 0x02, 0x09, 0x00, 0x58, 0x14, 0x00, 0x00, 0x00, 0x00, 0x00, 0x00, 
  0x18, 0x00, 0x00, 0x00, 0x00, 0x00, 0x00, 0x00, 0x1f, 0x01, 0x00, 0x00, 0x12, 0x00, 0x09, 0x00, 
  0x24, 0x22, 0x00, 0x00, 0x00, 0x00, 0x00, 0x00, 0x88, 0x00, 0x00, 0x00, 0x00, 0x00, 0x00, 0x00, 
  0x42, 0x01, 0x00, 0x00, 0x12, 0x00, 0x00, 0x00, 0x00, 0x00, 0x00, 0x00, 0x00, 0x00, 0x00, 0x00, 
  0x00, 0x00, 0x00, 0x00, 0x00, 0x00, 0x00, 0x00, 0x49, 0x01, 0x00, 0x00, 0x12, 0x00, 0x00, 0x00, 
  0x00, 0x00, 0x00, 0x00, 0x00, 0x00, 0x00, 0x00, 0x00, 0x00, 0x00, 0x00, 0x00, 0x00, 0x00, 0x00, 
  0x51, 0x01, 0x00, 0x00, 0x12, 0x00, 0x09, 0x00, 0x3c, 0x1e, 0x00, 0x00, 0x00, 0x00, 0x00, 0x00, 
  0xb8, 0x00, 0x00, 0x00, 0x00, 0x00, 0x00, 0x00, 0x60, 0x01, 0x00, 0x00, 0x12, 0x00, 0x00, 0x00, 
  0x00, 0x00, 0x00, 0x00, 0x00, 0x00, 0x00, 0x00, 0x00, 0x00, 0x00, 0x00, 0x00, 0x00, 0x00, 0x00, 
  0x87, 0x01, 0x00, 0x00, 0x12, 0x00, 0x00, 0x00, 0x00, 0x00, 0x00, 0x00, 0x00, 0x00, 0x00, 0x00, 
  0x00, 0x00, 0x00, 0x00, 0x00, 0x00, 0x00, 0x00, 0x68, 0x01, 0x00, 0x00, 0x12, 0x00, 0x00, 0x00, 
  0x00, 0x00, 0x00, 0x00, 0x00, 0x00, 0x00, 0x00, 0x00, 0x00, 0x00, 0x00, 0x00, 0x00, 0x00, 0x00, 
  0x71, 0x01, 0x00, 0x00, 0x12, 0x00, 0x09, 0x00, 0xc0, 0x34, 0x00, 0x00, 0x00, 0x00, 0x00, 0x00, 
  0xf8, 0x00, 0x00, 0x00, 0x00, 0x00, 0x00, 0x00, 0x85, 0x01, 0x00, 0x00, 0x12, 0x00, 0x00, 0x00, 
  0x00, 0x00, 0x00, 0x00, 0x00, 0x00, 0x00, 0x00, 0x00, 0x00, 0x00, 0x00, 0x00, 0x00, 0x00, 0x00, 
  0x8e, 0x01, 0x00, 0x00, 0x12, 0x00, 0x00, 0x00, 0x00, 0x00, 0x00, 0x00, 0x00, 0x00, 0x00, 0x00, 
  0x00, 0x00, 0x00, 0x00, 0x00, 0x00, 0x00, 0x00, 0x63, 0x03, 0x00, 0x00, 0x10, 0x00, 0x13, 0x00, 
  0x40, 0x6c, 0x01, 0x00, 0x00, 0x00, 0x00, 0x00, 0x00, 0x00, 0x00, 0x00, 0x00, 0x00, 0x00, 0x00, 
  0x96, 0x01, 0x00, 0x00, 0x12, 0x00, 0x00, 0x00, 0x00, 0x00, 0x00, 0x00, 0x00, 0x00, 0x00, 0x00, 
  0x00, 0x00, 0x00, 0x00, 0x00, 0x00, 0x00, 0x00, 0x9c, 0x01, 0x00, 0x00, 0x12, 0x00, 0x09, 0x00, 
  0x4c, 0x18, 0x00, 0x00, 0x00, 0x00, 0x00, 0x00, 0x48, 0x01, 0x00, 0x00, 0x00, 0x00, 0x00, 0x00, 
  0xb7, 0x01, 0x00, 0x00, 0x12, 0x00, 0x00, 0x00, 0x00, 0x00, 0x00, 0x00, 0x00, 0x00, 0x00, 0x00, 
  0x00, 0x00, 0x00, 0x00, 0x00, 0x00, 0x00, 0x00, 0xbe, 0x01, 0x00, 0x00, 0x12, 0x00, 0x00, 0x00, 
  0x00, 0x00, 0x00, 0x00, 0x00, 0x00, 0x00, 0x00, 0x00, 0x00, 0x00, 0x00, 0x00, 0x00, 0x00, 0x00, 
  0xc5, 0x01, 0x00, 0x00, 0x12, 0x00, 0x00, 0x00, 0x00, 0x00, 0x00, 0x00, 0x00, 0x00, 0x00, 0x00, 
  0x00, 0x00, 0x00, 0x00, 0x00, 0x00, 0x00, 0x00, 0xca, 0x01, 0x00, 0x00, 0x12, 0x00, 0x00, 0x00, 
  0x00, 0x00, 0x00, 0x00, 0x00, 0x00, 0x00, 0x00, 0x00, 0x00, 0x00, 0x00, 0x00, 0x00, 0x00, 0x00, 
  0xd1, 0x01, 0x00, 0x00, 0x12, 0x00, 0x09, 0x00, 0x94, 0x19, 0x00, 0x00, 0x00, 0x00, 0x00, 0x00, 
  0x0c, 0x01, 0x00, 0x00, 0x00, 0x00, 0x00, 0x00, 0xe8, 0x01, 0x00, 0x00, 0x12, 0x00, 0x00, 0x00, 
  0x00, 0x00, 0x00, 0x00, 0x00, 0x00, 0x00, 0x00, 0x00, 0x00, 0x00, 0x00, 0x00, 0x00, 0x00, 0x00, 
  0xed, 0x01, 0x00, 0x00, 0x11, 0x00, 0x0f, 0x00, 0xd8, 0x5b, 0x01, 0x00, 0x00, 0x00, 0x00, 0x00, 
  0x08, 0x00, 0x00, 0x00, 0x00, 0x00, 0x00, 0x00, 0xfc, 0x01, 0x00, 0x00, 0x12, 0x00, 0x00, 0x00, 
  0x00, 0x00, 0x00, 0x00, 0x00, 0x00, 0x00, 0x00, 0x00, 0x00, 0x00, 0x00, 0x00, 0x00, 0x00, 0x00, 
  0x02, 0x02, 0x00, 0x00, 0x12, 0x00, 0x00, 0x00, 0x00, 0x00, 0x00, 0x00, 0x00, 0x00, 0x00, 0x00, 
  0x00, 0x00, 0x00, 0x00, 0x00, 0x00, 0x00, 0x00, 0x09, 0x02, 0x00, 0x00, 0x10, 0x00, 0x13, 0x00, 
  0x30, 0x6c, 0x01, 0x00, 0x00, 0x00, 0x00, 0x00, 0x00, 0x00, 0x00, 0x00, 0x00, 0x00, 0x00, 0x00, 
  0x17, 0x02, 0x00, 0x00, 0x12, 0x00, 0x00, 0x00, 0x00, 0x00, 0x00, 0x00, 0x00, 0x00, 0x00, 0x00, 
  0x00, 0x00, 0x00, 0x00, 0x00, 0x00, 0x00, 0x00, 0x1f, 0x02, 0x00, 0x00, 0x11, 0x02, 0x13, 0x00, 
  0x30, 0x6c, 0x01, 0x00, 0x00, 0x00, 0x00, 0x00, 0x08, 0x00, 0x00, 0x00, 0x00, 0x00, 0x00, 0x00, 
  0x2c, 0x02, 0x00, 0x00, 0x12, 0x00, 0x00, 0x00, 0x00, 0x00, 0x00, 0x00, 0x00, 0x00, 0x00, 0x00, 
  0x00, 0x00, 0x00, 0x00, 0x00, 0x00, 0x00, 0x00, 0x34, 0x02, 0x00, 0x00, 0x12, 0x00, 0x09, 0x00, 
  0xdc, 0x15, 0x00, 0x00, 0x00, 0x00, 0x00, 0x00, 0x70, 0x02, 0x00, 0x00, 0x00, 0x00, 0x00, 0x00, 
  0x4d, 0x02, 0x00, 0x00, 0x12, 0x00, 0x00, 0x00, 0x00, 0x00, 0x00, 0x00, 0x00, 0x00, 0x00, 0x00, 
  0x00, 0x00, 0x00, 0x00, 0x00, 0x00, 0x00, 0x00, 0x52, 0x02, 0x00, 0x00, 0x12, 0x00, 0x00, 0x00, 
  0x00, 0x00, 0x00, 0x00, 0x00, 0x00, 0x00, 0x00, 0x00, 0x00, 0x00, 0x00, 0x00, 0x00, 0x00, 0x00, 
  0x5a, 0x02, 0x00, 0x00, 0x12, 0x00, 0x09, 0x00, 0xc8, 0x14, 0x00, 0x00, 0x00, 0x00, 0x00, 0x00, 
  0x14, 0x01, 0x00, 0x00, 0x00, 0x00, 0x00, 0x00, 0x6b, 0x02, 0x00, 0x00, 0x12, 0x00, 0x09, 0x00, 
  0xb0, 0x20, 0x00, 0x00, 0x00, 0x00, 0x00, 0x00, 0x8c, 0x00, 0x00, 0x00, 0x00, 0x00, 0x00, 0x00, 
  0x7e, 0x02, 0x00, 0x00, 0x12, 0x00, 0x09, 0x00, 0xac, 0x22, 0x00, 0x00, 0x00, 0x00, 0x00, 0x00, 
  0x78, 0x00, 0x00, 0x00, 0x00, 0x00, 0x00, 0x00, 0xa1, 0x02, 0x00, 0x00, 0x12, 0x00, 0x00, 0x00, 
  0x00, 0x00, 0x00, 0x00, 0x00, 0x00, 0x00, 0x00, 0x00, 0x00, 0x00, 0x00, 0x00, 0x00, 0x00, 0x00, 
  0xad, 0x02, 0x00, 0x00, 0x12, 0x00, 0x09, 0x00, 0x40, 0x1c, 0x00, 0x00, 0x00, 0x00, 0x00, 0x00, 
  0xfc, 0x01, 0x00, 0x00, 0x00, 0x00, 0x00, 0x00, 0xcc, 0x02, 0x00, 0x00, 0x12, 0x00, 0x00, 0x00, 
  0x00, 0x00, 0x00, 0x00, 0x00, 0x00, 0x00, 0x00, 0x00, 0x00, 0x00, 0x00, 0x00, 0x00, 0x00, 0x00, 
  0xd2, 0x02, 0x00, 0x00, 0x12, 0x00, 0x09, 0x00, 0x44, 0x24, 0x00, 0x00, 0x00, 0x00, 0x00, 0x00, 
  0xa4, 0x00, 0x00, 0x00, 0x00, 0x00, 0x00, 0x00, 0xeb, 0x02, 0x00, 0x00, 0x12, 0x00, 0x00, 0x00, 
  0x00, 0x00, 0x00, 0x00, 0x00, 0x00, 0x00, 0x00, 0x00, 0x00, 0x00, 0x00, 0x00, 0x00, 0x00, 0x00, 
  0xf2, 0x02, 0x00, 0x00, 0x12, 0x00, 0x09, 0x00, 0xd8, 0x2b, 0x00, 0x00, 0x00, 0x00, 0x00, 0x00, 
  0x78, 0x05, 0x00, 0x00, 0x00, 0x00, 0x00, 0x00, 0x13, 0x03, 0x00, 0x00, 0x12, 0x00, 0x09, 0x00, 
  0x8c, 0x25, 0x00, 0x00, 0x00, 0x00, 0x00, 0x00, 0xa4, 0x00, 0x00, 0x00, 0x00, 0x00, 0x00, 0x00, 
  0x2c, 0x03, 0x00, 0x00, 0x12, 0x00, 0x00, 0x00, 0x00, 0x00, 0x00, 0x00, 0x00, 0x00, 0x00, 0x00, 
  0x00, 0x00, 0x00, 0x00, 0x00, 0x00, 0x00, 0x00, 0x42, 0x03, 0x00, 0x00, 0x12, 0x00, 0x09, 0x00, 
  0x3c, 0x23, 0x00, 0x00, 0x00, 0x00, 0x00, 0x00, 0x18, 0x00, 0x00, 0x00, 0x00, 0x00, 0x00, 0x00, 
  0x62, 0x03, 0x00, 0x00, 0x10, 0x00, 0x13, 0x00, 0x40, 0x6c, 0x01, 0x00, 0x00, 0x00, 0x00, 0x00, 
  0x00, 0x00, 0x00, 0x00, 0x00, 0x00, 0x00, 0x00, 0x04, 0x04, 0x00, 0x00, 0x12, 0x00, 0x09, 0x00, 
  0x50, 0x14, 0x00, 0x00, 0x00, 0x00, 0x00, 0x00, 0x08, 0x00, 0x00, 0x00, 0x00, 0x00, 0x00, 0x00, 
  0x6e, 0x03, 0x00, 0x00, 0x12, 0x00, 0x00, 0x00, 0x00, 0x00, 0x00, 0x00, 0x00, 0x00, 0x00, 0x00, 
  0x00, 0x00, 0x00, 0x00, 0x00, 0x00, 0x00, 0x00, 0x75, 0x03, 0x00, 0x00, 0x11, 0x00, 0x0e, 0x00, 
  0xc8, 0x5b, 0x01, 0x00, 0x00, 0x00, 0x00, 0x00, 0x08, 0x00, 0x00, 0x00, 0x00, 0x00, 0x00, 0x00, 
  0x84, 0x03, 0x00, 0x00, 0x12, 0x00, 0x00, 0x00, 0x00, 0x00, 0x00, 0x00, 0x00, 0x00, 0x00, 0x00, 
  0x00, 0x00, 0x00, 0x00, 0x00, 0x00, 0x00, 0x00, 0x89, 0x03, 0x00, 0x00, 0x11, 0x00, 0x12, 0x00, 
  0x10, 0x60, 0x01, 0x00, 0x00, 0x00, 0x00, 0x00, 0x04, 0x0c, 0x00, 0x00, 0x00, 0x00, 0x00, 0x00, 
  0x98, 0x03, 0x00, 0x00, 0x12, 0x00, 0x00, 0x00, 0x00, 0x00, 0x00, 0x00, 0x00, 0x00, 0x00, 0x00, 
  0x00, 0x00, 0x00, 0x00, 0x00, 0x00, 0x00, 0x00, 0xa0, 0x03, 0x00, 0x00, 0x12, 0x00, 0x00, 0x00, 
  0x00, 0x00, 0x00, 0x00, 0x00, 0x00, 0x00, 0x00, 0x00, 0x00, 0x00, 0x00, 0x00, 0x00, 0x00, 0x00, 
  0xa7, 0x03, 0x00, 0x00, 0x12, 0x00, 0x00, 0x00, 0x00, 0x00, 0x00, 0x00, 0x00, 0x00, 0x00, 0x00, 
  0x00, 0x00, 0x00, 0x00, 0x00, 0x00, 0x00, 0x00, 0xae, 0x03, 0x00, 0x00, 0x12, 0x00, 0x00, 0x00, 
  0x00, 0x00, 0x00, 0x00, 0x00, 0x00, 0x00, 0x00, 0x00, 0x00, 0x00, 0x00, 0x00, 0x00, 0x00, 0x00, 
  0xbb, 0x03, 0x00, 0x00, 0x12, 0x00, 0x00, 0x00, 0x00, 0x00, 0x00, 0x00, 0x00, 0x00, 0x00, 0x00, 
  0x00, 0x00, 0x00, 0x00, 0x00, 0x00, 0x00, 0x00, 0xc2, 0x03, 0x00, 0x00, 0x12, 0x00, 0x00, 0x00, 
  0x00, 0x00, 0x00, 0x00, 0x00, 0x00, 0x00, 0x00, 0x00, 0x00, 0x00, 0x00, 0x00, 0x00, 0x00, 0x00, 
  0xc9, 0x03, 0x00, 0x00, 0x12, 0x00, 0x00, 0x00, 0x00, 0x00, 0x00, 0x00, 0x00, 0x00, 0x00, 0x00, 
  0x00, 0x00, 0x00, 0x00, 0x00, 0x00, 0x00, 0x00, 0xd0, 0x03, 0x00, 0x00, 0x12, 0x00, 0x00, 0x00, 
  0x00, 0x00, 0x00, 0x00, 0x00, 0x00, 0x00, 0x00, 0x00, 0x00, 0x00, 0x00, 0x00, 0x00, 0x00, 0x00, 
  0xd7, 0x03, 0x00, 0x00, 0x12, 0x00, 0x00, 0x00, 0x00, 0x00, 0x00, 0x00, 0x00, 0x00, 0x00, 0x00, 
  0x00, 0x00, 0x00, 0x00, 0x00, 0x00, 0x00, 0x00, 0xdd, 0x03, 0x00, 0x00, 0x12, 0x00, 0x00, 0x00, 
  0x00, 0x00, 0x00, 0x00, 0x00, 0x00, 0x00, 0x00, 0x00, 0x00, 0x00, 0x00, 0x00, 0x00, 0x00, 0x00, 
  0xe4, 0x03, 0x00, 0x00, 0x12, 0x00, 0x09, 0x00, 0x3c, 0x21, 0x00, 0x00, 0x00, 0x00, 0x00, 0x00, 
  0x74, 0x00, 0x00, 0x00, 0x00, 0x00, 0x00, 0x00, 0xf9, 0x03, 0x00, 0x00, 0x12, 0x00, 0x00, 0x00, 
  0x00, 0x00, 0x00, 0x00, 0x00, 0x00, 0x00, 0x00, 0x00, 0x00, 0x00, 0x00, 0x00, 0x00, 0x00, 0x00, 
  0xff, 0x03, 0x00, 0x00, 0x10, 0x00, 0x13, 0x00, 0x30, 0x6c, 0x01, 0x00, 0x00, 0x00, 0x00, 0x00, 
  0x00, 0x00, 0x00, 0x00, 0x00, 0x00, 0x00, 0x00, 0x0b, 0x04, 0x00, 0x00, 0x12, 0x00, 0x00, 0x00, 
  0x00, 0x00, 0x00, 0x00, 0x00, 0x00, 0x00, 0x00, 0x00, 0x00, 0x00, 0x00, 0x00, 0x00, 0x00, 0x00, 
  0x7f, 0x00, 0x00, 0x00, 0x12, 0x00, 0x09, 0x00, 0xb8, 0x35, 0x00, 0x00, 0x00, 0x00, 0x00, 0x00, 
  0x64, 0x00, 0x00, 0x00, 0x00, 0x00, 0x00, 0x00, 0x12, 0x04, 0x00, 0x00, 0x12, 0x00, 0x09, 0x00, 
  0xf4, 0x1e, 0x00, 0x00, 0x00, 0x00, 0x00, 0x00, 0x48, 0x01, 0x00, 0x00, 0x00, 0x00, 0x00, 0x00, 
  0x2f, 0x04, 0x00, 0x00, 0x12, 0x00, 0x00, 0x00, 0x00, 0x00, 0x00, 0x00, 0x00, 0x00, 0x00, 0x00, 
  0x00, 0x00, 0x00, 0x00, 0x00, 0x00, 0x00, 0x00, 0x36, 0x04, 0x00, 0x00, 0x12, 0x00, 0x00, 0x00, 
  0x00, 0x00, 0x00, 0x00, 0x00, 0x00, 0x00, 0x00, 0x00, 0x00, 0x00, 0x00, 0x00, 0x00, 0x00, 0x00, 
  0x3d, 0x04, 0x00, 0x00, 0x12, 0x00, 0x00, 0x00, 0x00, 0x00, 0x00, 0x00, 0x00, 0x00, 0x00, 0x00, 
  0x00, 0x00, 0x00, 0x00, 0x00, 0x00, 0x00, 0x00, 0x45, 0x04, 0x00, 0x00, 0x10, 0x00, 0x13, 0x00, 
  0x40, 0x6c, 0x01, 0x00, 0x00, 0x00, 0x00, 0x00, 0x00, 0x00, 0x00, 0x00, 0x00, 0x00, 0x00, 0x00, 
  0x4d, 0x04, 0x00, 0x00, 0x12, 0x00, 0x00, 0x00, 0x00, 0x00, 0x00, 0x00, 0x00, 0x00, 0x00, 0x00, 
  0x00, 0x00, 0x00, 0x00, 0x00, 0x00, 0x00, 0x00, 0x54, 0x04, 0x00, 0x00, 0x12, 0x00, 0x09, 0x00, 
  0xb4, 0x28, 0x00, 0x00, 0x00, 0x00, 0x00, 0x00, 0x24, 0x03, 0x00, 0x00, 0x00, 0x00, 0x00, 0x00, 
  0x78, 0x04, 0x00, 0x00, 0x12, 0x00, 0x09, 0x00, 0xb0, 0x21, 0x00, 0x00, 0x00, 0x00, 0x00, 0x00, 
  0x74, 0x00, 0x00, 0x00, 0x00, 0x00, 0x00, 0x00, 0x8b, 0x04, 0x00, 0x00, 0x12, 0x00, 0x00, 0x00, 
  0x00, 0x00, 0x00, 0x00, 0x00, 0x00, 0x00, 0x00, 0x00, 0x00, 0x00, 0x00, 0x00, 0x00, 0x00, 0x00, 
  0xb4, 0x03, 0x00, 0x00, 0x12, 0x02, 0x09, 0x00, 0xb0, 0x14, 0x00, 0x00, 0x00, 0x00, 0x00, 0x00, 
  0x18, 0x00, 0x00, 0x00, 0x00, 0x00, 0x00, 0x00, 0x93, 0x04, 0x00, 0x00, 0x12, 0x00, 0x09, 0x00, 
  0x24, 0x23, 0x00, 0x00, 0x00, 0x00, 0x00, 0x00, 0x18, 0x00, 0x00, 0x00, 0x00, 0x00, 0x00, 0x00, 
  0xb4, 0x04, 0x00, 0x00, 0x12, 0x00, 0x00, 0x00, 0x00, 0x00, 0x00, 0x00, 0x00, 0x00, 0x00, 0x00, 
  0x00, 0x00, 0x00, 0x00, 0x00, 0x00, 0x00, 0x00, 0xbc, 0x04, 0x00, 0x00, 0x12, 0x00, 0x09, 0x00, 
  0x30, 0x26, 0x00, 0x00, 0x00, 0x00, 0x00, 0x00, 0xf8, 0x00, 0x00, 0x00, 0x00, 0x00, 0x00, 0x00, 
  0xd6, 0x04, 0x00, 0x00, 0x12, 0x00, 0x09, 0x00, 0x50, 0x31, 0x00, 0x00, 0x00, 0x00, 0x00, 0x00, 
  0x70, 0x03, 0x00, 0x00, 0x00, 0x00, 0x00, 0x00, 0xef, 0x04, 0x00, 0x00, 0x11, 0x00, 0x0d, 0x00, 
  0xa0, 0x5b, 0x01, 0x00, 0x00, 0x00, 0x00, 0x00, 0x08, 0x00, 0x00, 0x00, 0x00, 0x00, 0x00, 0x00, 
  0x01, 0x05, 0x00, 0x00, 0x10, 0x00, 0x12, 0x00, 0x30, 0x6c, 0x01, 0x00, 0x00, 0x00, 0x00, 0x00, 
  0x00, 0x00, 0x00, 0x00, 0x00, 0x00, 0x00, 0x00, 0x48, 0x00, 0x00, 0x00, 0x10, 0x00, 0x13, 0x00, 
  0x40, 0x6c, 0x01, 0x00, 0x00, 0x00, 0x00, 0x00, 0x00, 0x00, 0x00, 0x00, 0x00, 0x00, 0x00, 0x00, 
  0xb6, 0x03, 0x00, 0x00, 0x12, 0x00, 0x00, 0x00, 0x00, 0x00, 0x00, 0x00, 0x00, 0x00, 0x00, 0x00, 
  0x00, 0x00, 0x00, 0x00, 0x00, 0x00, 0x00, 0x00, 0x08, 0x05, 0x00, 0x00, 0x12, 0x00, 0x09, 0x00, 
  0xe8, 0x24, 0x00, 0x00, 0x00, 0x00, 0x00, 0x00, 0xa4, 0x00, 0x00, 0x00, 0x00, 0x00, 0x00, 0x00, 
  0x1f, 0x05, 0x00, 0x00, 0x12, 0x00, 0x09, 0x00, 0xa0, 0x1a, 0x00, 0x00, 0x00, 0x00, 0x00, 0x00, 
  0xa0, 0x01, 0x00, 0x00, 0x00, 0x00, 0x00, 0x00, 0x37, 0x05, 0x00, 0x00, 0x12, 0x00, 0x09, 0x00, 
  0x3c, 0x20, 0x00, 0x00, 0x00, 0x00, 0x00, 0x00, 0x74, 0x00, 0x00, 0x00, 0x00, 0x00, 0x00, 0x00, 
  0x56, 0x05, 0x00, 0x00, 0x12, 0x00, 0x00, 0x00, 0x00, 0x00, 0x00, 0x00, 0x00, 0x00, 0x00, 0x00, 
  0x00, 0x00, 0x00, 0x00, 0x00, 0x00, 0x00, 0x00, 0x5b, 0x05, 0x00, 0x00, 0x11, 0x00, 0x12, 0x00, 
  0x00, 0x60, 0x01, 0x00, 0x00, 0x00, 0x00, 0x00, 0x10, 0x00, 0x00, 0x00, 0x00, 0x00, 0x00, 0x00, 
  0x6b, 0x05, 0x00, 0x00, 0x12, 0x00, 0x09, 0x00, 0x84, 0x23, 0x00, 0x00, 0x00, 0x00, 0x00, 0x00, 
  0xc0, 0x00, 0x00, 0x00, 0x00, 0x00, 0x00, 0x00, 0x83, 0x05, 0x00, 0x00, 0x12, 0x00, 0x00, 0x00, 
  0x00, 0x00, 0x00, 0x00, 0x00, 0x00, 0x00, 0x00, 0x00, 0x00, 0x00, 0x00, 0x00, 0x00, 0x00, 0x00, 
  0xcb, 0x03, 0x00, 0x00, 0x12, 0x00, 0x00, 0x00, 0x00, 0x00, 0x00, 0x00, 0x00, 0x00, 0x00, 0x00, 
  0x00, 0x00, 0x00, 0x00, 0x00, 0x00, 0x00, 0x00, 0x8a, 0x05, 0x00, 0x00, 0x11, 0x00, 0x12, 0x00, 
  0x18, 0x6c, 0x01, 0x00, 0x00, 0x00, 0x00, 0x00, 0x18, 0x00, 0x00, 0x00, 0x00, 0x00, 0x00, 0x00, 
  0x97, 0x05, 0x00, 0x00, 0x12, 0x00, 0x00, 0x00, 0x00, 0x00, 0x00, 0x00, 0x00, 0x00, 0x00, 0x00, 
  0x00, 0x00, 0x00, 0x00, 0x00, 0x00, 0x00, 0x00, 0x9e, 0x05, 0x00, 0x00, 0x12, 0x00, 0x09, 0x00, 
  0x28, 0x27, 0x00, 0x00, 0x00, 0x00, 0x00, 0x00, 0x8c, 0x01, 0x00, 0x00, 0x00, 0x00, 0x00, 0x00, 
  0xb9, 0x05, 0x00, 0x00, 0x12, 0x00, 0x00, 0x00, 0x00, 0x00, 0x00, 0x00, 0x00, 0x00, 0x00, 0x00, 
  0x00, 0x00, 0x00, 0x00, 0x00, 0x00, 0x00, 0x00, 0xc2, 0x05, 0x00, 0x00, 0x12, 0x00, 0x09, 0x00, 
  0x54, 0x23, 0x00, 0x00, 0x00, 0x00, 0x00, 0x00, 0x30, 0x00, 0x00, 0x00, 0x00, 0x00, 0x00, 0x00, 
  0x30, 0x04, 0x00, 0x00, 0x12, 0x00, 0x00, 0x00, 0x00, 0x00, 0x00, 0x00, 0x00, 0x00, 0x00, 0x00, 
  0x00, 0x00, 0x00, 0x00, 0x00, 0x00, 0x00, 0x00, 0x00, 0x2f, 0x62, 0x75, 0x69, 0x6c, 0x64, 0x62, 
  0x6f, 0x74, 0x2f, 0x74, 0x6d, 0x70, 0x2f, 0x63, 0x63, 0x74, 0x74, 0x38, 0x56, 0x4a, 0x4c, 0x2e, 
  0x6f, 0x00, 0x24, 0x64, 0x00, 0x6e, 0x6f, 0x74, 0x65, 0x5f, 0x61, 0x6e, 0x64, 0x72, 0x6f, 0x69, 
  0x64, 0x5f, 0x69, 0x64, 0x65, 0x6e, 0x74, 0x00, 0x6e, 0x6f, 0x74, 0x65, 0x5f, 0x64, 0x61, 0x74, 
  0x61, 0x00, 0x6e, 0x6f, 0x74, 0x65, 0x5f, 0x6e, 0x61, 0x6d, 0x65, 0x00, 0x6e, 0x6f, 0x74, 0x65, 
  0x5f, 0x65, 0x6e, 0x64, 0x00, 0x6e, 0x64, 0x6b, 0x5f, 0x76, 0x65, 0x72, 0x73, 0x69, 0x6f, 0x6e, 
  0x00, 0x6e, 0x64, 0x6b, 0x5f, 0x62, 0x75, 0x69, 0x6c, 0x64, 0x5f, 0x6e, 0x75, 0x6d, 0x62, 0x65, 
  0x72, 0x00, 0x63, 0x72, 0x74, 0x62, 0x65, 0x67, 0x69, 0x6e, 0x2e, 0x63, 0x00, 0x24, 0x78, 0x00, 
  0x5f, 0x73, 0x74, 0x61, 0x72, 0x74, 0x5f, 0x6d, 0x61, 0x69, 0x6e, 0x00, 0x74, 0x65, 0x6d, 0x70, 
  0x2e, 0x63, 0x00, 0x5f, 0x5a, 0x5a, 0x31, 0x31, 0x70, 0x74, 0x72, 0x61, 0x63, 0x65, 0x5f, 0x63, 
  0x61, 0x6c, 0x6c, 0x69, 0x6d, 0x50, 0x6c, 0x6c, 0x50, 0x31, 0x32, 0x75, 0x73, 0x65, 0x72, 0x5f, 
  0x70, 0x74, 0x5f, 0x72, 0x65, 0x67, 0x73, 0x45, 0x39, 0x73, 0x74, 0x61, 0x72, 0x74, 0x5f, 0x70, 
  0x74, 0x72, 0x00, 0x2f, 0x62, 0x75, 0x69, 0x6c, 0x64, 0x62, 0x6f, 0x74, 0x2f, 0x74, 0x6d, 0x70, 
  0x2f, 0x63, 0x63, 0x70, 0x4a, 0x37, 0x35, 0x46, 0x4b, 0x2e, 0x6f, 0x00, 0x5f, 0x44, 0x59, 0x4e, 
  0x41, 0x4d, 0x49, 0x43, 0x00, 0x5f, 0x5f, 0x47, 0x4e, 0x55, 0x5f, 0x45, 0x48, 0x5f, 0x46, 0x52, 
  0x41, 0x4d, 0x45, 0x5f, 0x48, 0x44, 0x52, 0x00, 0x5f, 0x47, 0x4c, 0x4f, 0x42, 0x41, 0x4c, 0x5f, 
  0x4f, 0x46, 0x46, 0x53, 0x45, 0x54, 0x5f, 0x54, 0x41, 0x42, 0x4c, 0x45, 0x5f, 0x00, 0x5f, 0x5f, 
  0x61, 0x74, 0x65, 0x78, 0x69, 0x74, 0x5f, 0x68, 0x61, 0x6e, 0x64, 0x6c, 0x65, 0x72, 0x5f, 0x77, 
  0x72, 0x61, 0x70, 0x70, 0x65, 0x72, 0x00, 0x5f, 0x5a, 0x31, 0x34, 0x70, 0x74, 0x72, 0x61, 0x63, 
  0x65, 0x5f, 0x67, 0x65, 0x74, 0x72, 0x65, 0x67, 0x73, 0x69, 0x50, 0x31, 0x32, 0x75, 0x73, 0x65, 
  0x72, 0x5f, 0x70, 0x74, 0x5f, 0x72, 0x65, 0x67, 0x73, 0x00, 0x73, 0x74, 0x72, 0x63, 0x70, 0x79, 
  0x00, 0x77, 0x61, 0x69, 0x74, 0x70, 0x69, 0x64, 0x00, 0x5f, 0x5a, 0x39, 0x73, 0x74, 0x61, 0x72, 
  0x74, 0x5f, 0x61, 0x70, 0x70, 0x50, 0x63, 0x00, 0x64, 0x6c, 0x65, 0x72, 0x72, 0x6f, 0x72, 0x00, 
  0x73, 0x74, 0x72, 0x65, 0x72, 0x72, 0x6f, 0x72, 0x00, 0x5f, 0x5a, 0x31, 0x31, 0x69, 0x6e, 0x69, 
  0x74, 0x5f, 0x69, 0x6e, 0x6a, 0x65, 0x63, 0x74, 0x69, 0x50, 0x50, 0x63, 0x00, 0x73, 0x6e, 0x70, 
  0x72, 0x69, 0x6e, 0x74, 0x66, 0x00, 0x5f, 0x5f, 0x65, 0x72, 0x72, 0x6e, 0x6f, 0x00, 0x66, 0x67, 
  0x65, 0x74, 0x73, 0x00, 0x5f, 0x5a, 0x32, 0x31, 0x68, 0x61, 0x6e, 0x64, 0x6c, 0x65, 0x5f, 0x73, 
  0x65, 0x6c, 0x69, 0x6e, 0x75, 0x78, 0x5f, 0x64, 0x65, 0x74, 0x65, 0x63, 0x74, 0x76, 0x00, 0x6d, 
  0x65, 0x6d, 0x63, 0x70, 0x79, 0x00, 0x70, 0x65, 0x72, 0x72, 0x6f, 0x72, 0x00, 0x70, 0x75, 0x74, 
  0x73, 0x00, 0x73, 0x79, 0x73, 0x74, 0x65, 0x6d, 0x00, 0x5f, 0x5a, 0x31, 0x37, 0x73, 0x65, 0x74, 
  0x5f, 0x73, 0x65, 0x6c, 0x69, 0x6e, 0x75, 0x78, 0x5f, 0x73, 0x74, 0x61, 0x74, 0x65, 0x69, 0x00, 
  0x66, 0x65, 0x6f, 0x66, 0x00, 0x5f, 0x5f, 0x46, 0x49, 0x4e, 0x49, 0x5f, 0x41, 0x52, 0x52, 0x41, 
  0x59, 0x5f, 0x5f, 0x00, 0x73, 0x6c, 0x65, 0x65, 0x70, 0x00, 0x73, 0x74, 0x61, 0x74, 0x66, 0x73, 
  0x00, 0x5f, 0x5f, 0x62, 0x73, 0x73, 0x5f, 0x73, 0x74, 0x61, 0x72, 0x74, 0x5f, 0x5f, 0x00, 0x73, 
  0x74, 0x72, 0x74, 0x6f, 0x75, 0x6c, 0x00, 0x5f, 0x5f, 0x64, 0x73, 0x6f, 0x5f, 0x68, 0x61, 0x6e, 
  0x64, 0x6c, 0x65, 0x00, 0x72, 0x65, 0x61, 0x64, 0x64, 0x69, 0x72, 0x00, 0x5f, 0x5a, 0x31, 0x39, 
  0x68, 0x61, 0x6e, 0x64, 0x6c, 0x65, 0x5f, 0x73, 0x65, 0x6c, 0x69, 0x6e, 0x75, 0x78, 0x5f, 0x69, 
  0x6e, 0x69, 0x74, 0x76, 0x00, 0x6d, 0x6d, 0x61, 0x70, 0x00, 0x64, 0x6c, 0x63, 0x6c, 0x6f, 0x73, 
  0x65, 0x00, 0x5f, 0x5a, 0x31, 0x31, 0x68, 0x61, 0x6e, 0x64, 0x6c, 0x65, 0x5f, 0x6c, 0x69, 0x62, 
  0x73, 0x76, 0x00, 0x5f, 0x5a, 0x31, 0x33, 0x70, 0x74, 0x72, 0x61, 0x63, 0x65, 0x5f, 0x61, 0x74, 
  0x74, 0x61, 0x63, 0x68, 0x69, 0x00, 0x5f, 0x5a, 0x31, 0x34, 0x70, 0x74, 0x72, 0x61, 0x63, 0x65, 
  0x5f, 0x73, 0x65, 0x74, 0x72, 0x65, 0x67, 0x73, 0x69, 0x50, 0x31, 0x32, 0x75, 0x73, 0x65, 0x72, 
  0x5f, 0x70, 0x74, 0x5f, 0x72, 0x65, 0x67, 0x73, 0x00, 0x5f, 0x5f, 0x6c, 0x69, 0x62, 0x63, 0x5f, 
  0x69, 0x6e, 0x69, 0x74, 0x00, 0x5f, 0x5a, 0x32, 0x32, 0x67, 0x65, 0x74, 0x5f, 0x61, 0x70, 0x70, 
  0x5f, 0x73, 0x74, 0x61, 0x72, 0x74, 0x5f, 0x61, 0x63, 0x74, 0x69, 0x76, 0x69, 0x74, 0x79, 0x50, 
  0x63, 0x53, 0x5f, 0x00, 0x77, 0x72, 0x69, 0x74, 0x65, 0x00, 0x5f, 0x5a, 0x31, 0x39, 0x67, 0x65, 
  0x74, 0x5f, 0x64, 0x6c, 0x63, 0x6c, 0x6f, 0x73, 0x65, 0x5f, 0x61, 0x64, 0x64, 0x72, 0x65, 0x73, 
  0x73, 0x69, 0x00, 0x73, 0x74, 0x72, 0x63, 0x61, 0x74, 0x00, 0x5f, 0x5a, 0x32, 0x31, 0x69, 0x6e, 
  0x6a, 0x65, 0x63, 0x74, 0x5f, 0x72, 0x65, 0x6d, 0x6f, 0x74, 0x65, 0x5f, 0x70, 0x72, 0x6f, 0x63, 
  0x65, 0x73, 0x73, 0x69, 0x50, 0x63, 0x53, 0x5f, 0x53, 0x5f, 0x00, 0x5f, 0x5a, 0x31, 0x39, 0x67, 
  0x65, 0x74, 0x5f, 0x64, 0x6c, 0x65, 0x72, 0x72, 0x6f, 0x72, 0x5f, 0x61, 0x64, 0x64, 0x72, 0x65, 
  0x73, 0x73, 0x69, 0x00, 0x5f, 0x5f, 0x73, 0x79, 0x73, 0x74, 0x65, 0x6d, 0x5f, 0x70, 0x72, 0x6f, 
  0x70, 0x65, 0x72, 0x74, 0x79, 0x5f, 0x67, 0x65, 0x74, 0x00, 0x5f, 0x5a, 0x31, 0x32, 0x70, 0x74, 
  0x72, 0x61, 0x63, 0x65, 0x5f, 0x67, 0x65, 0x74, 0x70, 0x63, 0x50, 0x31, 0x32, 0x75, 0x73, 0x65, 
  0x72, 0x5f, 0x70, 0x74, 0x5f, 0x72, 0x65, 0x67, 0x73, 0x00, 0x5f, 0x5f, 0x62, 0x73, 0x73, 0x5f, 
  0x65, 0x6e, 0x64, 0x5f, 0x5f, 0x00, 0x73, 0x74, 0x72, 0x73, 0x74, 0x72, 0x00, 0x5f, 0x5f, 0x49, 
  0x4e, 0x49, 0x54, 0x5f, 0x41, 0x52, 0x52, 0x41, 0x59, 0x5f, 0x5f, 0x00, 0x72, 0x65, 0x61, 0x64, 
  0x00, 0x70, 0x72, 0x6f, 0x63, 0x65, 0x73, 0x73, 0x5f, 0x69, 0x6e, 0x6a, 0x65, 0x63, 0x74, 0x00, 
  0x73, 0x74, 0x72, 0x6e, 0x63, 0x6d, 0x70, 0x00, 0x64, 0x6c, 0x6f, 0x70, 0x65, 0x6e, 0x00, 0x75, 
  0x6e, 0x6c, 0x69, 0x6e, 0x6b, 0x00, 0x5f, 0x5f, 0x63, 0x78, 0x61, 0x5f, 0x61, 0x74, 0x65, 0x78, 
  0x69, 0x74, 0x00, 0x73, 0x74, 0x72, 0x74, 0x6f, 0x6b, 0x00, 0x6d, 0x65, 0x6d, 0x63, 0x6d, 0x70, 
  0x00, 0x66, 0x64, 0x6f, 0x70, 0x65, 0x6e, 0x00, 0x73, 0x73, 0x63, 0x61, 0x6e, 0x66, 0x00, 0x64, 
  0x6c, 0x73, 0x79, 0x6d, 0x00, 0x73, 0x74, 0x72, 0x64, 0x75, 0x70, 0x00, 0x5f, 0x5a, 0x31, 0x35, 
  0x70, 0x74, 0x72, 0x61, 0x63, 0x65, 0x5f, 0x63, 0x6f, 0x6e, 0x74, 0x69, 0x6e, 0x75, 0x65, 0x69, 
  0x00, 0x66, 0x6f, 0x70, 0x65, 0x6e, 0x00, 0x5f, 0x5f, 0x62, 0x73, 0x73, 0x5f, 0x73, 0x74, 0x61, 
  0x72, 0x74, 0x00, 0x6d, 0x65, 0x6d, 0x73, 0x65, 0x74, 0x00, 0x5f, 0x5a, 0x32, 0x30, 0x67, 0x65, 
  0x74, 0x5f, 0x6d, 0x6f, 0x64, 0x75, 0x6c, 0x65, 0x5f, 0x62, 0x61, 0x73, 0x65, 0x5f, 0x61, 0x64, 
  0x64, 0x72, 0x69, 0x50, 0x4b, 0x63, 0x00, 0x66, 0x63, 0x6c, 0x6f, 0x73, 0x65, 0x00, 0x70, 0x74, 
  0x72, 0x61, 0x63, 0x65, 0x00, 0x6f, 0x70, 0x65, 0x6e, 0x64, 0x69, 0x72, 0x00, 0x5f, 0x5f, 0x65, 
  0x6e, 0x64, 0x5f, 0x5f, 0x00, 0x73, 0x74, 0x72, 0x63, 0x6d, 0x70, 0x00, 0x5f, 0x5a, 0x31, 0x31, 
  0x70, 0x74, 0x72, 0x61, 0x63, 0x65, 0x5f, 0x63, 0x61, 0x6c, 0x6c, 0x69, 0x6d, 0x50, 0x6c, 0x6c, 
  0x50, 0x31, 0x32, 0x75, 0x73, 0x65, 0x72, 0x5f, 0x70, 0x74, 0x5f, 0x72, 0x65, 0x67, 0x73, 0x00, 
  0x5f, 0x5a, 0x31, 0x33, 0x70, 0x74, 0x72, 0x61, 0x63, 0x65, 0x5f, 0x64, 0x65, 0x74, 0x61, 0x63, 
  0x68, 0x69, 0x00, 0x73, 0x70, 0x72, 0x69, 0x6e, 0x74, 0x66, 0x00, 0x5f, 0x5a, 0x31, 0x33, 0x70, 
  0x74, 0x72, 0x61, 0x63, 0x65, 0x5f, 0x67, 0x65, 0x74, 0x72, 0x65, 0x74, 0x50, 0x31, 0x32, 0x75, 
  0x73, 0x65, 0x72, 0x5f, 0x70, 0x74, 0x5f, 0x72, 0x65, 0x67, 0x73, 0x00, 0x6d, 0x6b, 0x73, 0x74, 
  0x65, 0x6d, 0x70, 0x00, 0x5f, 0x5a, 0x31, 0x35, 0x70, 0x74, 0x72, 0x61, 0x63, 0x65, 0x5f, 0x72, 
  0x65, 0x61, 0x64, 0x64, 0x61, 0x74, 0x61, 0x69, 0x50, 0x68, 0x53, 0x5f, 0x6d, 0x00, 0x5f, 0x5a, 
  0x31, 0x36, 0x68, 0x61, 0x6e, 0x64, 0x6c, 0x65, 0x5f, 0x70, 0x61, 0x72, 0x61, 0x6d, 0x65, 0x74, 
  0x65, 0x72, 0x69, 0x50, 0x50, 0x63, 0x00, 0x5f, 0x5f, 0x50, 0x52, 0x45, 0x49, 0x4e, 0x49, 0x54, 
  0x5f, 0x41, 0x52, 0x52, 0x41, 0x59, 0x5f, 0x5f, 0x00, 0x5f, 0x65, 0x64, 0x61, 0x74, 0x61, 0x00, 
  0x5f, 0x5a, 0x31, 0x37, 0x67, 0x65, 0x74, 0x5f, 0x64, 0x6c, 0x73, 0x79, 0x6d, 0x5f, 0x61, 0x64, 
  0x64, 0x72, 0x65, 0x73, 0x73, 0x69, 0x00, 0x5f, 0x5a, 0x31, 0x35, 0x67, 0x65, 0x74, 0x5f, 0x70, 
  0x69, 0x64, 0x5f, 0x62, 0x79, 0x5f, 0x6e, 0x61, 0x6d, 0x65, 0x50, 0x69, 0x50, 0x63, 0x00, 0x5f, 
  0x5a, 0x32, 0x30, 0x67, 0x65, 0x74, 0x5f, 0x72, 0x65, 0x6d, 0x6f, 0x74, 0x65, 0x5f, 0x66, 0x75, 
  0x6e, 0x63, 0x5f, 0x61, 0x64, 0x64, 0x72, 0x69, 0x50, 0x4b, 0x63, 0x50, 0x76, 0x00, 0x61, 0x74, 
  0x6f, 0x69, 0x00, 0x70, 0x72, 0x6f, 0x63, 0x65, 0x73, 0x73, 0x5f, 0x73, 0x65, 0x6c, 0x69, 0x6e, 
  0x75, 0x78, 0x00, 0x5f, 0x5a, 0x31, 0x38, 0x67, 0x65, 0x74, 0x5f, 0x64, 0x6c, 0x6f, 0x70, 0x65, 
  0x6e, 0x5f, 0x61, 0x64, 0x64, 0x72, 0x65, 0x73, 0x73, 0x69, 0x00, 0x73, 0x74, 0x72, 0x6c, 0x65, 
  0x6e, 0x00, 0x70, 0x72, 0x6f, 0x63, 0x65, 0x73, 0x73, 0x5f, 0x6c, 0x69, 0x62, 0x73, 0x00, 0x73, 
  0x74, 0x72, 0x63, 0x68, 0x72, 0x00, 0x5f, 0x5a, 0x31, 0x36, 0x70, 0x74, 0x72, 0x61, 0x63, 0x65, 
  0x5f, 0x77, 0x72, 0x69, 0x74, 0x65, 0x64, 0x61, 0x74, 0x61, 0x69, 0x50, 0x68, 0x53, 0x5f, 0x6d, 
  0x00, 0x63, 0x6c, 0x6f, 0x73, 0x65, 0x64, 0x69, 0x72, 0x00, 0x5f, 0x5a, 0x31, 0x36, 0x67, 0x65, 
  0x74, 0x5f, 0x6d, 0x6d, 0x61, 0x70, 0x5f, 0x61, 0x64, 0x64, 0x72, 0x65, 0x73, 0x73, 0x69, 0x00, 
  0x00, 0x2e, 0x73, 0x79, 0x6d, 0x74, 0x61, 0x62, 0x00, 0x2e, 0x73, 0x74, 0x72, 0x74, 0x61, 0x62, 
  0x00, 0x2e, 0x73, 0x68, 0x73, 0x74, 0x72, 0x74, 0x61, 0x62, 0x00, 0x2e, 0x69, 0x6e, 0x74, 0x65, 
  0x72, 0x70, 0x00, 0x2e, 0x6e, 0x6f, 0x74, 0x65, 0x2e, 0x61, 0x6e, 0x64, 0x72, 0x6f, 0x69, 0x64, 
  0x2e, 0x69, 0x64, 0x65, 0x6e, 0x74, 0x00, 0x2e, 0x68, 0x61, 0x73, 0x68, 0x00, 0x2e, 0x64, 0x79, 
  0x6e, 0x73, 0x79, 0x6d, 0x00, 0x2e, 0x64, 0x79, 0x6e, 0x73, 0x74, 0x72, 0x00, 0x2e, 0x72, 0x65, 
  0x6c, 0x61, 0x2e, 0x64, 0x79, 0x6e, 0x00, 0x2e, 0x72, 0x65, 0x6c, 0x61, 0x2e, 0x70, 0x6c, 0x74, 
  0x00, 0x2e, 0x74, 0x65, 0x78, 0x74, 0x00, 0x2e, 0x72, 0x6f, 0x64, 0x61, 0x74, 0x61, 0x00, 0x2e, 
  0x65, 0x68, 0x5f, 0x66, 0x72, 0x61, 0x6d, 0x65, 0x5f, 0x68, 0x64, 0x72, 0x00, 0x2e, 0x65, 0x68, 
  0x5f, 0x66, 0x72, 0x61, 0x6d, 0x65, 0x00, 0x2e, 0x70, 0x72, 0x65, 0x69, 0x6e, 0x69, 0x74, 0x5f, 
  0x61, 0x72, 0x72, 0x61, 0x79, 0x00, 0x2e, 0x69, 0x6e, 0x69, 0x74, 0x5f, 0x61, 0x72, 0x72, 0x61, 
  0x79, 0x00, 0x2e, 0x66, 0x69, 0x6e, 0x69, 0x5f, 0x61, 0x72, 0x72, 0x61, 0x79, 0x00, 0x2e, 0x64, 
  0x79, 0x6e, 0x61, 0x6d, 0x69, 0x63, 0x00, 0x2e, 0x67, 0x6f, 0x74, 0x00, 0x2e, 0x64, 0x61, 0x74, 
  0x61, 0x00, 0x2e, 0x62, 0x73, 0x73, 0x00, 0x2e, 0x63, 0x6f, 0x6d, 0x6d, 0x65, 0x6e, 0x74, 0x00, 
  0x00, 0x00, 0x00, 0x00, 0x00, 0x00, 0x00, 0x00, 0x00, 0x00, 0x00, 0x00, 0x00, 0x00, 0x00, 0x00, 
  0x00, 0x00, 0x00, 0x00, 0x00, 0x00, 0x00, 0x00, 0x00, 0x00, 0x00, 0x00, 0x00, 0x00, 0x00, 0x00, 
  0x00, 0x00, 0x00, 0x00, 0x00, 0x00, 0x00, 0x00, 0x00, 0x00, 0x00, 0x00, 0x00, 0x00, 0x00, 0x00, 
  0x00, 0x00, 0x00, 0x00, 0x00, 0x00, 0x00, 0x00, 0x00, 0x00, 0x00, 0x00, 0x00, 0x00, 0x00, 0x00, 
  0x1b, 0x00, 0x00, 0x00, 0x01, 0x00, 0x00, 0x00, 0x02, 0x00, 0x00, 0x00, 0x00, 0x00, 0x00, 0x00, 
  0x38, 0x02, 0x00, 0x00, 0x00, 0x00, 0x00, 0x00, 0x38, 0x02, 0x00, 0x00, 0x00, 0x00, 0x00, 0x00, 
  0x15, 0x00, 0x00, 0x00, 0x00, 0x00, 0x00, 0x00, 0x00, 0x00, 0x00, 0x00, 0x00, 0x00, 0x00, 0x00, 
  0x01, 0x00, 0x00, 0x00, 0x00, 0x00, 0x00, 0x00, 0x00, 0x00, 0x00, 0x00, 0x00, 0x00, 0x00, 0x00, 
  0x23, 0x00, 0x00, 0x00, 0x07, 0x00, 0x00, 0x00, 0x02, 0x00, 0x00, 0x00, 0x00, 0x00, 0x00, 0x00, 
  0x50, 0x02, 0x00, 0x00, 0x00, 0x00, 0x00, 0x00, 0x50, 0x02, 0x00, 0x00, 0x00, 0x00, 0x00, 0x00, 
  0x98, 0x00, 0x00, 0x00, 0x00, 0x00, 0x00, 0x00, 0x00, 0x00, 0x00, 0x00, 0x00, 0x00, 0x00, 0x00, 
  0x04, 0x00, 0x00, 0x00, 0x00, 0x00, 0x00, 0x00, 0x00, 0x00, 0x00, 0x00, 0x00, 0x00, 0x00, 0x00, 
  0x37, 0x00, 0x00, 0x00, 0x05, 0x00, 0x00, 0x00, 0x02, 0x00, 0x00, 0x00, 0x00, 0x00, 0x00, 0x00, 
  0xe8, 0x02, 0x00, 0x00, 0x00, 0x00, 0x00, 0x00, 0xe8, 0x02, 0x00, 0x00, 0x00, 0x00, 0x00, 0x00, 
  0x7c, 0x01, 0x00, 0x00, 0x00, 0x00, 0x00, 0x00, 0x04, 0x00, 0x00, 0x00, 0x00, 0x00, 0x00, 0x00, 
  0x08, 0x00, 0x00, 0x00, 0x00, 0x00, 0x00, 0x00, 0x04, 0x00, 0x00, 0x00, 0x00, 0x00, 0x00, 0x00, 
  0x3d, 0x00, 0x00, 0x00, 0x0b, 0x00, 0x00, 0x00, 0x02, 0x00, 0x00, 0x00, 0x00, 0x00, 0x00, 0x00, 
  0x68, 0x04, 0x00, 0x00, 0x00, 0x00, 0x00, 0x00, 0x68, 0x04, 0x00, 0x00, 0x00, 0x00, 0x00, 0x00, 
  0x40, 0x05, 0x00, 0x00, 0x00, 0x00, 0x00, 0x00, 0x05, 0x00, 0x00, 0x00, 0x03, 0x00, 0x00, 0x00, 
  0x08, 0x00, 0x00, 0x00, 0x00, 0x00, 0x00, 0x00, 0x18, 0x00, 0x00, 0x00, 0x00, 0x00, 0x00, 0x00, 
  0x45, 0x00, 0x00, 0x00, 0x03, 0x00, 0x00, 0x00, 0x02, 0x00, 0x00, 0x00, 0x00, 0x00, 0x00, 0x00, 
  0xa8, 0x09, 0x00, 0x00, 0x00, 0x00, 0x00, 0x00, 0xa8, 0x09, 0x00, 0x00, 0x00, 0x00, 0x00, 0x00, 
  0xc6, 0x01, 0x00, 0x00, 0x00, 0x00, 0x00, 0x00, 0x00, 0x00, 0x00, 0x00, 0x00, 0x00, 0x00, 0x00, 
  0x01, 0x00, 0x00, 0x00, 0x00, 0x00, 0x00, 0x00, 0x00, 0x00, 0x00, 0x00, 0x00, 0x00, 0x00, 0x00, 
  0x4d, 0x00, 0x00, 0x00, 0x04, 0x00, 0x00, 0x00, 0x02, 0x00, 0x00, 0x00, 0x00, 0x00, 0x00, 0x00, 
  0x70, 0x0b, 0x00, 0x00, 0x00, 0x00, 0x00, 0x00, 0x70, 0x0b, 0x00, 0x00, 0x00, 0x00, 0x00, 0x00, 
  0xb0, 0x01, 0x00, 0x00, 0x00, 0x00, 0x00, 0x00, 0x04, 0x00, 0x00, 0x00, 0x00, 0x00, 0x00, 0x00, 
  0x08, 0x00, 0x00, 0x00, 0x00, 0x00, 0x00, 0x00, 0x18, 0x00, 0x00, 0x00, 0x00, 0x00, 0x00, 0x00, 
  0x57, 0x00, 0x00, 0x00, 0x04, 0x00, 0x00, 0x00, 0x42, 0x00, 0x00, 0x00, 0x00, 0x00, 0x00, 0x00, 
  0x20, 0x0d, 0x00, 0x00, 0x00, 0x00, 0x00, 0x00, 0x20, 0x0d, 0x00, 0x00, 0x00, 0x00, 0x00, 0x00, 
  0x38, 0x04, 0x00, 0x00, 0x00, 0x00, 0x00, 0x00, 0x04, 0x00, 0x00, 0x00, 0x11, 0x00, 0x00, 0x00, 
  0x08, 0x00, 0x00, 0x00, 0x00, 0x00, 0x00, 0x00, 0x18, 0x00, 0x00, 0x00, 0x00, 0x00, 0x00, 0x00, 
  0x5c, 0x00, 0x00, 0x00, 0x01, 0x00, 0x00, 0x00, 0x06, 0x00, 0x00, 0x00, 0x00, 0x00, 0x00, 0x00, 
  0x60, 0x11, 0x00, 0x00, 0x00, 0x00, 0x00, 0x00, 0x60, 0x11, 0x00, 0x00, 0x00, 0x00, 0x00, 0x00, 
  0xf0, 0x02, 0x00, 0x00, 0x00, 0x00, 0x00, 0x00, 0x00, 0x00, 0x00, 0x00, 0x00, 0x00, 0x00, 0x00, 
  0x10, 0x00, 0x00, 0x00, 0x00, 0x00, 0x00, 0x00, 0x10, 0x00, 0x00, 0x00, 0x00, 0x00, 0x00, 0x00, 
  0x61, 0x00, 0x00, 0x00, 0x01, 0x00, 0x00, 0x00, 0x06, 0x00, 0x00, 0x00, 0x00, 0x00, 0x00, 0x00, 
  0x50, 0x14, 0x00, 0x00, 0x00, 0x00, 0x00, 0x00, 0x50, 0x14, 0x00, 0x00, 0x00, 0x00, 0x00, 0x00, 
  0xcc, 0x21, 0x00, 0x00, 0x00, 0x00, 0x00, 0x00, 0x00, 0x00, 0x00, 0x00, 0x00, 0x00, 0x00, 0x00, 
  0x04, 0x00, 0x00, 0x00, 0x00, 0x00, 0x00, 0x00, 0x00, 0x00, 0x00, 0x00, 0x00, 0x00, 0x00, 0x00, 
  0x67, 0x00, 0x00, 0x00, 0x01, 0x00, 0x00, 0x00, 0x02, 0x00, 0x00, 0x00, 0x00, 0x00, 0x00, 0x00, 
  0x20, 0x36, 0x00, 0x00, 0x00, 0x00, 0x00, 0x00, 0x20, 0x36, 0x00, 0x00, 0x00, 0x00, 0x00, 0x00, 
  0xa9, 0x14, 0x00, 0x00, 0x00, 0x00, 0x00, 0x00, 0x00, 0x00, 0x00, 0x00, 0x00, 0x00, 0x00, 0x00, 
  0x08, 0x00, 0x00, 0x00, 0x00, 0x00, 0x00, 0x00, 0x00, 0x00, 0x00, 0x00, 0x00, 0x00, 0x00, 0x00, 
  0x6f, 0x00, 0x00, 0x00, 0x01, 0x00, 0x00, 0x00, 0x02, 0x00, 0x00, 0x00, 0x00, 0x00, 0x00, 0x00, 
  0xcc, 0x4a, 0x00, 0x00, 0x00, 0x00, 0x00, 0x00, 0xcc, 0x4a, 0x00, 0x00, 0x00, 0x00, 0x00, 0x00, 
  0xec, 0x00, 0x00, 0x00, 0x00, 0x00, 0x00, 0x00, 0x00, 0x00, 0x00, 0x00, 0x00, 0x00, 0x00, 0x00, 
  0x04, 0x00, 0x00, 0x00, 0x00, 0x00, 0x00, 0x00, 0x00, 0x00, 0x00, 0x00, 0x00, 0x00, 0x00, 0x00, 
  0x7d, 0x00, 0x00, 0x00, 0x01, 0x00, 0x00, 0x00, 0x02, 0x00, 0x00, 0x00, 0x00, 0x00, 0x00, 0x00, 
  0xb8, 0x4b, 0x00, 0x00, 0x00, 0x00, 0x00, 0x00, 0xb8, 0x4b, 0x00, 0x00, 0x00, 0x00, 0x00, 0x00, 
  0xac, 0x03, 0x00, 0x00, 0x00, 0x00, 0x00, 0x00, 0x00, 0x00, 0x00, 0x00, 0x00, 0x00, 0x00, 0x00, 
  0x08, 0x00, 0x00, 0x00, 0x00, 0x00, 0x00, 0x00, 0x00, 0x00, 0x00, 0x00, 0x00, 0x00, 0x00, 0x00, 
  0x87, 0x00, 0x00, 0x00, 0x10, 0x00, 0x00, 0x00, 0x03, 0x00, 0x00, 0x00, 0x00, 0x00, 0x00, 0x00, 
  0xa0, 0x5b, 0x01, 0x00, 0x00, 0x00, 0x00, 0x00, 0xa0, 0x5b, 0x00, 0x00, 0x00, 0x00, 0x00, 0x00, 
  0x10, 0x00, 0x00, 0x00, 0x00, 0x00, 0x00, 0x00, 0x00, 0x00, 0x00, 0x00, 0x00, 0x00, 0x00, 0x00, 
  0x08, 0x00, 0x00, 0x00, 0x00, 0x00, 0x00, 0x00, 0x08, 0x00, 0x00, 0x00, 0x00, 0x00, 0x00, 0x00, 
  0x96, 0x00, 0x00, 0x00, 0x0e, 0x00, 0x00, 0x00, 0x03, 0x00, 0x00, 0x00, 0x00, 0x00, 0x00, 0x00, 
  0xb0, 0x5b, 0x01, 0x00, 0x00, 0x00, 0x00, 0x00, 0xb0, 0x5b, 0x00, 0x00, 0x00, 0x00, 0x00, 0x00, 
  0x28, 0x00, 0x00, 0x00, 0x00, 0x00, 0x00, 0x00, 0x00, 0x00, 0x00, 0x00, 0x00, 0x00, 0x00, 0x00, 
  0x08, 0x00, 0x00, 0x00, 0x00, 0x00, 0x00, 0x00, 0x08, 0x00, 0x00, 0x00, 0x00, 0x00, 0x00, 0x00, 
  0xa2, 0x00, 0x00, 0x00, 0x0f, 0x00, 0x00, 0x00, 0x03, 0x00, 0x00, 0x00, 0x00, 0x00, 0x00, 0x00, 
  0xd8, 0x5b, 0x01, 0x00, 0x00, 0x00, 0x00, 0x00, 0xd8, 0x5b, 0x00, 0x00, 0x00, 0x00, 0x00, 0x00, 
  0x10, 0x00, 0x00, 0x00, 0x00, 0x00, 0x00, 0x00, 0x00, 0x00, 0x00, 0x00, 0x00, 0x00, 0x00, 0x00, 
  0x08, 0x00, 0x00, 0x00, 0x00, 0x00, 0x00, 0x00, 0x08, 0x00, 0x00, 0x00, 0x00, 0x00, 0x00, 0x00, 
  0xae, 0x00, 0x00, 0x00, 0x06, 0x00, 0x00, 0x00, 0x03, 0x00, 0x00, 0x00, 0x00, 0x00, 0x00, 0x00, 
  0xe8, 0x5b, 0x01, 0x00, 0x00, 0x00, 0x00, 0x00, 0xe8, 0x5b, 0x00, 0x00, 0x00, 0x00, 0x00, 0x00, 
  0x30, 0x02, 0x00, 0x00, 0x00, 0x00, 0x00, 0x00, 0x05, 0x00, 0x00, 0x00, 0x00, 0x00, 0x00, 0x00, 
  0x08, 0x00, 0x00, 0x00, 0x00, 0x00, 0x00, 0x00, 0x10, 0x00, 0x00, 0x00, 0x00, 0x00, 0x00, 0x00, 
  0xb7, 0x00, 0x00, 0x00, 0x01, 0x00, 0x00, 0x00, 0x03, 0x00, 0x00, 0x00, 0x00, 0x00, 0x00, 0x00, 
  0x18, 0x5e, 0x01, 0x00, 0x00, 0x00, 0x00, 0x00, 0x18, 0x5e, 0x00, 0x00, 0x00, 0x00, 0x00, 0x00, 
  0xe8, 0x01, 0x00, 0x00, 0x00, 0x00, 0x00, 0x00, 0x00, 0x00, 0x00, 0x00, 0x00, 0x00, 0x00, 0x00, 
  0x08, 0x00, 0x00, 0x00, 0x00, 0x00, 0x00, 0x00, 0x08, 0x00, 0x00, 0x00, 0x00, 0x00, 0x00, 0x00, 
  0xbc, 0x00, 0x00, 0x00, 0x01, 0x00, 0x00, 0x00, 0x03, 0x00, 0x00, 0x00, 0x00, 0x00, 0x00, 0x00, 
  0x00, 0x60, 0x01, 0x00, 0x00, 0x00, 0x00, 0x00, 0x00, 0x60, 0x00, 0x00, 0x00, 0x00, 0x00, 0x00, 
  0x30, 0x0c, 0x00, 0x00, 0x00, 0x00, 0x00, 0x00, 0x00, 0x00, 0x00, 0x00, 0x00, 0x00, 0x00, 0x00, 
  0x08, 0x00, 0x00, 0x00, 0x00, 0x00, 0x00, 0x00, 0x00, 0x00, 0x00, 0x00, 0x00, 0x00, 0x00, 0x00, 
  0xc2, 0x00, 0x00, 0x00, 0x08, 0x00, 0x00, 0x00, 0x03, 0x00, 0x00, 0x00, 0x00, 0x00, 0x00, 0x00, 
  0x30, 0x6c, 0x01, 0x00, 0x00, 0x00, 0x00, 0x00, 0x30, 0x6c, 0x00, 0x00, 0x00, 0x00, 0x00, 0x00, 
  0x10, 0x00, 0x00, 0x00, 0x00, 0x00, 0x00, 0x00, 0x00, 0x00, 0x00, 0x00, 0x00, 0x00, 0x00, 0x00, 
  0x08, 0x00, 0x00, 0x00, 0x00, 0x00, 0x00, 0x00, 0x00, 0x00, 0x00, 0x00, 0x00, 0x00, 0x00, 0x00, 
  0xc7, 0x00, 0x00, 0x00, 0x01, 0x00, 0x00, 0x00, 0x30, 0x00, 0x00, 0x00, 0x00, 0x00, 0x00, 0x00, 
  0x00, 0x00, 0x00, 0x00, 0x00, 0x00, 0x00, 0x00, 0x30, 0x6c, 0x00, 0x00, 0x00, 0x00, 0x00, 0x00, 
  0x39, 0x00, 0x00, 0x00, 0x00, 0x00, 0x00, 0x00, 0x00, 0x00, 0x00, 0x00, 0x00, 0x00, 0x00, 0x00, 
  0x01, 0x00, 0x00, 0x00, 0x00, 0x00, 0x00, 0x00, 0x01, 0x00, 0x00, 0x00, 0x00, 0x00, 0x00, 0x00, 
  0x01, 0x00, 0x00, 0x00, 0x02, 0x00, 0x00, 0x00, 0x00, 0x00, 0x00, 0x00, 0x00, 0x00, 0x00, 0x00, 
  0x00, 0x00, 0x00, 0x00, 0x00, 0x00, 0x00, 0x00, 0x70, 0x6c, 0x00, 0x00, 0x00, 0x00, 0x00, 0x00, 
  0x28, 0x0e, 0x00, 0x00, 0x00, 0x00, 0x00, 0x00, 0x16, 0x00, 0x00, 0x00, 0x38, 0x00, 0x00, 0x00, 
  0x08, 0x00, 0x00, 0x00, 0x00, 0x00, 0x00, 0x00, 0x18, 0x00, 0x00, 0x00, 0x00, 0x00, 0x00, 0x00, 
  0x09, 0x00, 0x00, 0x00, 0x03, 0x00, 0x00, 0x00, 0x00, 0x00, 0x00, 0x00, 0x00, 0x00, 0x00, 0x00, 
  0x00, 0x00, 0x00, 0x00, 0x00, 0x00, 0x00, 0x00, 0x98, 0x7a, 0x00, 0x00, 0x00, 0x00, 0x00, 0x00, 
  0xd8, 0x05, 0x00, 0x00, 0x00, 0x00, 0x00, 0x00, 0x00, 0x00, 0x00, 0x00, 0x00, 0x00, 0x00, 0x00, 
  0x01, 0x00, 0x00, 0x00, 0x00, 0x00, 0x00, 0x00, 0x00, 0x00, 0x00, 0x00, 0x00, 0x00, 0x00, 0x00, 
  0x11, 0x00, 0x00, 0x00, 0x03, 0x00, 0x00, 0x00, 0x00, 0x00, 0x00, 0x00, 0x00, 0x00, 0x00, 0x00, 
  0x00, 0x00, 0x00, 0x00, 0x00, 0x00, 0x00, 0x00, 0x70, 0x80, 0x00, 0x00, 0x00, 0x00, 0x00, 0x00, 
  0xd0, 0x00, 0x00, 0x00, 0x00, 0x00, 0x00, 0x00, 0x00, 0x00, 0x00, 0x00, 0x00, 0x00, 0x00, 0x00, 
  0x01, 0x00, 0x00, 0x00, 0x00, 0x00, 0x00, 0x00, 0x00, 0x00, 0x00, 0x00, 0x00, 0x00, 0x00, 0x00
};